run_id,run_attempt,workflow,rodada,config,escopo,zap_ajax,alvo,nivel,job,step,inicio_utc,fim_utc,duracao_s,conclusao,runner_name,head_sha
36475739379,1,00-baseline,BASE-01,baseline,,,alvo2,job,Baseline (alvo2-uptimekuma),,2026-09-28T19:56:58Z,2026-09-28T19:59:37Z,159,success,GitHub Actions 1000000078,7ad02b7add541c8a54400cf27ec1b09de3aedb4f
36475739379,1,00-baseline,BASE-01,baseline,,,alvo2,step,Baseline (alvo2-uptimekuma),Set up job,2026-09-28T19:56:59Z,2026-09-28T19:57:00Z,1,success,GitHub Actions 1000000078,7ad02b7add541c8a54400cf27ec1b09de3aedb4f
36475739379,1,00-baseline,BASE-01,baseline,,,alvo2,step,Baseline (alvo2-uptimekuma),Checkout (com submodulos),2026-09-28T19:57:00Z,2026-09-28T19:57:06Z,6,success,GitHub Actions 1000000078,7ad02b7add541c8a54400cf27ec1b09de3aedb4f
36475739379,1,00-baseline,BASE-01,baseline,,,alvo2,step,Baseline (alvo2-uptimekuma),Carregar perfil do alvo,2026-09-28T19:57:06Z,2026-09-28T19:57:06Z,0,success,GitHub Actions 1000000078,7ad02b7add541c8a54400cf27ec1b09de3aedb4f
36475739379,1,00-baseline,BASE-01,baseline,,,alvo2,step,Baseline (alvo2-uptimekuma),Instalar Node.js (quando exigido pelo alvo),2026-09-28T19:57:06Z,2026-09-28T19:57:07Z,1,success,GitHub Actions 1000000078,7ad02b7add541c8a54400cf27ec1b09de3aedb4f
36475739379,1,00-baseline,BASE-01,baseline,,,alvo2,step,Baseline (alvo2-uptimekuma),Pre-build da aplicacao (quando exigido pelo alvo),2026-09-28T19:57:07Z,2026-09-28T19:58:49Z,102,success,GitHub Actions 1000000078,7ad02b7add541c8a54400cf27ec1b09de3aedb4f
36475739379,1,00-baseline,BASE-01,baseline,,,alvo2,step,Baseline (alvo2-uptimekuma),Build da imagem Docker,2026-09-28T19:58:49Z,2026-09-28T19:59:32Z,43,success,GitHub Actions 1000000078,7ad02b7add541c8a54400cf27ec1b09de3aedb4f
36475739379,1,00-baseline,BASE-01,baseline,,,alvo2,step,Baseline (alvo2-uptimekuma),Staging (subir aplicacao e aguardar health check),2026-09-28T19:59:32Z,2026-09-28T19:59:34Z,2,success,GitHub Actions 1000000078,7ad02b7add541c8a54400cf27ec1b09de3aedb4f
36475739379,1,00-baseline,BASE-01,baseline,,,alvo2,step,Baseline (alvo2-uptimekuma),Encerrar container,2026-09-28T19:59:34Z,2026-09-28T19:59:34Z,0,success,GitHub Actions 1000000078,7ad02b7add541c8a54400cf27ec1b09de3aedb4f
36475739379,1,00-baseline,BASE-01,baseline,,,alvo2,step,Baseline (alvo2-uptimekuma),Post Instalar Node.js (quando exigido pelo alvo),2026-09-28T19:59:34Z,2026-09-28T19:59:34Z,0,success,GitHub Actions 1000000078,7ad02b7add541c8a54400cf27ec1b09de3aedb4f
36475739379,1,00-baseline,BASE-01,baseline,,,alvo2,step,Baseline (alvo2-uptimekuma),Post Checkout (com submodulos),2026-09-28T19:59:34Z,2026-09-28T19:59:35Z,1,success,GitHub Actions 1000000078,7ad02b7add541c8a54400cf27ec1b09de3aedb4f
36475739379,1,00-baseline,BASE-01,baseline,,,alvo2,step,Baseline (alvo2-uptimekuma),Complete job,2026-09-28T19:59:35Z,2026-09-28T19:59:35Z,0,success,GitHub Actions 1000000078,7ad02b7add541c8a54400cf27ec1b09de3aedb4f
36475739379,1,00-baseline,BASE-01,baseline,,,alvo1,job,Baseline (alvo1-juiceshop),,2026-09-28T19:56:59Z,2026-09-28T19:59:23Z,144,success,GitHub Actions 1000000079,7ad02b7add541c8a54400cf27ec1b09de3aedb4f
36475739379,1,00-baseline,BASE-01,baseline,,,alvo1,step,Baseline (alvo1-juiceshop),Set up job,2026-09-28T19:57:00Z,2026-09-28T19:57:01Z,1,success,GitHub Actions 1000000079,7ad02b7add541c8a54400cf27ec1b09de3aedb4f
36475739379,1,00-baseline,BASE-01,baseline,,,alvo1,step,Baseline (alvo1-juiceshop),Checkout (com submodulos),2026-09-28T19:57:01Z,2026-09-28T19:57:07Z,6,success,GitHub Actions 1000000079,7ad02b7add541c8a54400cf27ec1b09de3aedb4f
36475739379,1,00-baseline,BASE-01,baseline,,,alvo1,step,Baseline (alvo1-juiceshop),Carregar perfil do alvo,2026-09-28T19:57:07Z,2026-09-28T19:57:07Z,0,success,GitHub Actions 1000000079,7ad02b7add541c8a54400cf27ec1b09de3aedb4f
36475739379,1,00-baseline,BASE-01,baseline,,,alvo1,step,Baseline (alvo1-juiceshop),Instalar Node.js (quando exigido pelo alvo),2026-09-28T19:57:07Z,2026-09-28T19:57:07Z,0,skipped,GitHub Actions 1000000079,7ad02b7add541c8a54400cf27ec1b09de3aedb4f
36475739379,1,00-baseline,BASE-01,baseline,,,alvo1,step,Baseline (alvo1-juiceshop),Pre-build da aplicacao (quando exigido pelo alvo),2026-09-28T19:57:07Z,2026-09-28T19:57:07Z,0,skipped,GitHub Actions 1000000079,7ad02b7add541c8a54400cf27ec1b09de3aedb4f
36475739379,1,00-baseline,BASE-01,baseline,,,alvo1,step,Baseline (alvo1-juiceshop),Build da imagem Docker,2026-09-28T19:57:07Z,2026-09-28T19:59:16Z,129,success,GitHub Actions 1000000079,7ad02b7add541c8a54400cf27ec1b09de3aedb4f
36475739379,1,00-baseline,BASE-01,baseline,,,alvo1,step,Baseline (alvo1-juiceshop),Staging (subir aplicacao e aguardar health check),2026-09-28T19:59:16Z,2026-09-28T19:59:19Z,3,success,GitHub Actions 1000000079,7ad02b7add541c8a54400cf27ec1b09de3aedb4f
36475739379,1,00-baseline,BASE-01,baseline,,,alvo1,step,Baseline (alvo1-juiceshop),Encerrar container,2026-09-28T19:59:19Z,2026-09-28T19:59:19Z,0,success,GitHub Actions 1000000079,7ad02b7add541c8a54400cf27ec1b09de3aedb4f
36475739379,1,00-baseline,BASE-01,baseline,,,alvo1,step,Baseline (alvo1-juiceshop),Post Checkout (com submodulos),2026-09-28T19:59:19Z,2026-09-28T19:59:20Z,1,success,GitHub Actions 1000000079,7ad02b7add541c8a54400cf27ec1b09de3aedb4f
36475739379,1,00-baseline,BASE-01,baseline,,,alvo1,step,Baseline (alvo1-juiceshop),Complete job,2026-09-28T19:59:20Z,2026-09-28T19:59:20Z,0,success,GitHub Actions 1000000079,7ad02b7add541c8a54400cf27ec1b09de3aedb4f
36475757554,1,01-devsecops,AUD-01,devsecops-audit,all_tools,true,alvo2,job,SAST - Semgrep (alvo2-uptimekuma),,2026-09-28T19:57:09Z,2026-09-28T19:58:05Z,56,success,GitHub Actions 1000000080,7ad02b7add541c8a54400cf27ec1b09de3aedb4f
36475757554,1,01-devsecops,AUD-01,devsecops-audit,all_tools,true,alvo2,step,SAST - Semgrep (alvo2-uptimekuma),Set up job,2026-09-28T19:57:09Z,2026-09-28T19:57:10Z,1,success,GitHub Actions 1000000080,7ad02b7add541c8a54400cf27ec1b09de3aedb4f
36475757554,1,01-devsecops,AUD-01,devsecops-audit,all_tools,true,alvo2,step,SAST - Semgrep (alvo2-uptimekuma),Initialize containers,2026-09-28T19:57:10Z,2026-09-28T19:57:24Z,14,success,GitHub Actions 1000000080,7ad02b7add541c8a54400cf27ec1b09de3aedb4f
36475757554,1,01-devsecops,AUD-01,devsecops-audit,all_tools,true,alvo2,step,SAST - Semgrep (alvo2-uptimekuma),Checkout (com submodulos),2026-09-28T19:57:24Z,2026-09-28T19:57:29Z,5,success,GitHub Actions 1000000080,7ad02b7add541c8a54400cf27ec1b09de3aedb4f
36475757554,1,01-devsecops,AUD-01,devsecops-audit,all_tools,true,alvo2,step,SAST - Semgrep (alvo2-uptimekuma),Carregar perfil do alvo,2026-09-28T19:57:29Z,2026-09-28T19:57:30Z,1,success,GitHub Actions 1000000080,7ad02b7add541c8a54400cf27ec1b09de3aedb4f
36475757554,1,01-devsecops,AUD-01,devsecops-audit,all_tools,true,alvo2,step,SAST - Semgrep (alvo2-uptimekuma),Semgrep scan,2026-09-28T19:57:30Z,2026-09-28T19:58:00Z,30,success,GitHub Actions 1000000080,7ad02b7add541c8a54400cf27ec1b09de3aedb4f
36475757554,1,01-devsecops,AUD-01,devsecops-audit,all_tools,true,alvo2,step,SAST - Semgrep (alvo2-uptimekuma),Run actions/upload-artifact@043fb46d1a93c77aae656e7c1c64a875d1fc6a0a,2026-09-28T19:58:00Z,2026-09-28T19:58:02Z,2,success,GitHub Actions 1000000080,7ad02b7add541c8a54400cf27ec1b09de3aedb4f
36475757554,1,01-devsecops,AUD-01,devsecops-audit,all_tools,true,alvo2,step,SAST - Semgrep (alvo2-uptimekuma),Post Checkout (com submodulos),2026-09-28T19:58:02Z,2026-09-28T19:58:02Z,0,success,GitHub Actions 1000000080,7ad02b7add541c8a54400cf27ec1b09de3aedb4f
36475757554,1,01-devsecops,AUD-01,devsecops-audit,all_tools,true,alvo2,step,SAST - Semgrep (alvo2-uptimekuma),Stop containers,2026-09-28T19:58:02Z,2026-09-28T19:58:03Z,1,success,GitHub Actions 1000000080,7ad02b7add541c8a54400cf27ec1b09de3aedb4f
36475757554,1,01-devsecops,AUD-01,devsecops-audit,all_tools,true,alvo2,step,SAST - Semgrep (alvo2-uptimekuma),Complete job,2026-09-28T19:58:03Z,2026-09-28T19:58:03Z,0,success,GitHub Actions 1000000080,7ad02b7add541c8a54400cf27ec1b09de3aedb4f
36475757554,1,01-devsecops,AUD-01,devsecops-audit,all_tools,true,alvo1,job,SAST - Semgrep (alvo1-juiceshop),,2026-09-28T19:57:08Z,2026-09-28T19:58:41Z,93,success,GitHub Actions 1000000081,7ad02b7add541c8a54400cf27ec1b09de3aedb4f
36475757554,1,01-devsecops,AUD-01,devsecops-audit,all_tools,true,alvo1,step,SAST - Semgrep (alvo1-juiceshop),Set up job,2026-09-28T19:57:08Z,2026-09-28T19:57:09Z,1,success,GitHub Actions 1000000081,7ad02b7add541c8a54400cf27ec1b09de3aedb4f
36475757554,1,01-devsecops,AUD-01,devsecops-audit,all_tools,true,alvo1,step,SAST - Semgrep (alvo1-juiceshop),Initialize containers,2026-09-28T19:57:09Z,2026-09-28T19:57:23Z,14,success,GitHub Actions 1000000081,7ad02b7add541c8a54400cf27ec1b09de3aedb4f
36475757554,1,01-devsecops,AUD-01,devsecops-audit,all_tools,true,alvo1,step,SAST - Semgrep (alvo1-juiceshop),Checkout (com submodulos),2026-09-28T19:57:23Z,2026-09-28T19:57:29Z,6,success,GitHub Actions 1000000081,7ad02b7add541c8a54400cf27ec1b09de3aedb4f
36475757554,1,01-devsecops,AUD-01,devsecops-audit,all_tools,true,alvo1,step,SAST - Semgrep (alvo1-juiceshop),Carregar perfil do alvo,2026-09-28T19:57:29Z,2026-09-28T19:57:29Z,0,success,GitHub Actions 1000000081,7ad02b7add541c8a54400cf27ec1b09de3aedb4f
36475757554,1,01-devsecops,AUD-01,devsecops-audit,all_tools,true,alvo1,step,SAST - Semgrep (alvo1-juiceshop),Semgrep scan,2026-09-28T19:57:29Z,2026-09-28T19:58:38Z,69,success,GitHub Actions 1000000081,7ad02b7add541c8a54400cf27ec1b09de3aedb4f
36475757554,1,01-devsecops,AUD-01,devsecops-audit,all_tools,true,alvo1,step,SAST - Semgrep (alvo1-juiceshop),Run actions/upload-artifact@043fb46d1a93c77aae656e7c1c64a875d1fc6a0a,2026-09-28T19:58:38Z,2026-09-28T19:58:39Z,1,success,GitHub Actions 1000000081,7ad02b7add541c8a54400cf27ec1b09de3aedb4f
36475757554,1,01-devsecops,AUD-01,devsecops-audit,all_tools,true,alvo1,step,SAST - Semgrep (alvo1-juiceshop),Post Checkout (com submodulos),2026-09-28T19:58:39Z,2026-09-28T19:58:40Z,1,success,GitHub Actions 1000000081,7ad02b7add541c8a54400cf27ec1b09de3aedb4f
36475757554,1,01-devsecops,AUD-01,devsecops-audit,all_tools,true,alvo1,step,SAST - Semgrep (alvo1-juiceshop),Stop containers,2026-09-28T19:58:40Z,2026-09-28T19:58:40Z,0,success,GitHub Actions 1000000081,7ad02b7add541c8a54400cf27ec1b09de3aedb4f
36475757554,1,01-devsecops,AUD-01,devsecops-audit,all_tools,true,alvo1,step,SAST - Semgrep (alvo1-juiceshop),Complete job,2026-09-28T19:58:40Z,2026-09-28T19:58:40Z,0,success,GitHub Actions 1000000081,7ad02b7add541c8a54400cf27ec1b09de3aedb4f
36475757554,1,01-devsecops,AUD-01,devsecops-audit,all_tools,true,alvo1,job,Build (alvo1-juiceshop),,2026-09-28T19:58:44Z,2026-09-28T20:01:16Z,152,success,GitHub Actions 1000000086,7ad02b7add541c8a54400cf27ec1b09de3aedb4f
36475757554,1,01-devsecops,AUD-01,devsecops-audit,all_tools,true,alvo1,step,Build (alvo1-juiceshop),Set up job,2026-09-28T19:58:44Z,2026-09-28T19:58:45Z,1,success,GitHub Actions 1000000086,7ad02b7add541c8a54400cf27ec1b09de3aedb4f
36475757554,1,01-devsecops,AUD-01,devsecops-audit,all_tools,true,alvo1,step,Build (alvo1-juiceshop),Checkout (com submodulos),2026-09-28T19:58:45Z,2026-09-28T19:58:51Z,6,success,GitHub Actions 1000000086,7ad02b7add541c8a54400cf27ec1b09de3aedb4f
36475757554,1,01-devsecops,AUD-01,devsecops-audit,all_tools,true,alvo1,step,Build (alvo1-juiceshop),Carregar perfil do alvo,2026-09-28T19:58:51Z,2026-09-28T19:58:51Z,0,success,GitHub Actions 1000000086,7ad02b7add541c8a54400cf27ec1b09de3aedb4f
36475757554,1,01-devsecops,AUD-01,devsecops-audit,all_tools,true,alvo1,step,Build (alvo1-juiceshop),Instalar Node.js (quando exigido pelo alvo),2026-09-28T19:58:51Z,2026-09-28T19:58:51Z,0,skipped,GitHub Actions 1000000086,7ad02b7add541c8a54400cf27ec1b09de3aedb4f
36475757554,1,01-devsecops,AUD-01,devsecops-audit,all_tools,true,alvo1,step,Build (alvo1-juiceshop),Pre-build da aplicacao (quando exigido pelo alvo),2026-09-28T19:58:51Z,2026-09-28T19:58:51Z,0,skipped,GitHub Actions 1000000086,7ad02b7add541c8a54400cf27ec1b09de3aedb4f
36475757554,1,01-devsecops,AUD-01,devsecops-audit,all_tools,true,alvo1,step,Build (alvo1-juiceshop),Build da imagem Docker,2026-09-28T19:58:51Z,2026-09-28T20:01:04Z,133,success,GitHub Actions 1000000086,7ad02b7add541c8a54400cf27ec1b09de3aedb4f
36475757554,1,01-devsecops,AUD-01,devsecops-audit,all_tools,true,alvo1,step,Build (alvo1-juiceshop),Run actions/upload-artifact@043fb46d1a93c77aae656e7c1c64a875d1fc6a0a,2026-09-28T20:01:04Z,2026-09-28T20:01:14Z,10,success,GitHub Actions 1000000086,7ad02b7add541c8a54400cf27ec1b09de3aedb4f
36475757554,1,01-devsecops,AUD-01,devsecops-audit,all_tools,true,alvo1,step,Build (alvo1-juiceshop),Post Checkout (com submodulos),2026-09-28T20:01:14Z,2026-09-28T20:01:15Z,1,success,GitHub Actions 1000000086,7ad02b7add541c8a54400cf27ec1b09de3aedb4f
36475757554,1,01-devsecops,AUD-01,devsecops-audit,all_tools,true,alvo1,step,Build (alvo1-juiceshop),Complete job,2026-09-28T20:01:15Z,2026-09-28T20:01:15Z,0,success,GitHub Actions 1000000086,7ad02b7add541c8a54400cf27ec1b09de3aedb4f
36475757554,1,01-devsecops,AUD-01,devsecops-audit,all_tools,true,alvo2,job,Build (alvo2-uptimekuma),,2026-09-28T19:58:44Z,2026-09-28T20:02:23Z,219,success,GitHub Actions 1000000087,7ad02b7add541c8a54400cf27ec1b09de3aedb4f
36475757554,1,01-devsecops,AUD-01,devsecops-audit,all_tools,true,alvo2,step,Build (alvo2-uptimekuma),Set up job,2026-09-28T19:58:45Z,2026-09-28T19:58:45Z,0,success,GitHub Actions 1000000087,7ad02b7add541c8a54400cf27ec1b09de3aedb4f
36475757554,1,01-devsecops,AUD-01,devsecops-audit,all_tools,true,alvo2,step,Build (alvo2-uptimekuma),Checkout (com submodulos),2026-09-28T19:58:45Z,2026-09-28T19:58:56Z,11,success,GitHub Actions 1000000087,7ad02b7add541c8a54400cf27ec1b09de3aedb4f
36475757554,1,01-devsecops,AUD-01,devsecops-audit,all_tools,true,alvo2,step,Build (alvo2-uptimekuma),Carregar perfil do alvo,2026-09-28T19:58:56Z,2026-09-28T19:58:56Z,0,success,GitHub Actions 1000000087,7ad02b7add541c8a54400cf27ec1b09de3aedb4f
36475757554,1,01-devsecops,AUD-01,devsecops-audit,all_tools,true,alvo2,step,Build (alvo2-uptimekuma),Instalar Node.js (quando exigido pelo alvo),2026-09-28T19:58:56Z,2026-09-28T19:58:56Z,0,success,GitHub Actions 1000000087,7ad02b7add541c8a54400cf27ec1b09de3aedb4f
36475757554,1,01-devsecops,AUD-01,devsecops-audit,all_tools,true,alvo2,step,Build (alvo2-uptimekuma),Pre-build da aplicacao (quando exigido pelo alvo),2026-09-28T19:58:56Z,2026-09-28T20:00:42Z,106,success,GitHub Actions 1000000087,7ad02b7add541c8a54400cf27ec1b09de3aedb4f
36475757554,1,01-devsecops,AUD-01,devsecops-audit,all_tools,true,alvo2,step,Build (alvo2-uptimekuma),Build da imagem Docker,2026-09-28T20:00:42Z,2026-09-28T20:01:36Z,54,success,GitHub Actions 1000000087,7ad02b7add541c8a54400cf27ec1b09de3aedb4f
36475757554,1,01-devsecops,AUD-01,devsecops-audit,all_tools,true,alvo2,step,Build (alvo2-uptimekuma),Run actions/upload-artifact@043fb46d1a93c77aae656e7c1c64a875d1fc6a0a,2026-09-28T20:01:36Z,2026-09-28T20:02:21Z,45,success,GitHub Actions 1000000087,7ad02b7add541c8a54400cf27ec1b09de3aedb4f
36475757554,1,01-devsecops,AUD-01,devsecops-audit,all_tools,true,alvo2,step,Build (alvo2-uptimekuma),Post Instalar Node.js (quando exigido pelo alvo),2026-09-28T20:02:21Z,2026-09-28T20:02:21Z,0,success,GitHub Actions 1000000087,7ad02b7add541c8a54400cf27ec1b09de3aedb4f
36475757554,1,01-devsecops,AUD-01,devsecops-audit,all_tools,true,alvo2,step,Build (alvo2-uptimekuma),Post Checkout (com submodulos),2026-09-28T20:02:21Z,2026-09-28T20:02:22Z,1,success,GitHub Actions 1000000087,7ad02b7add541c8a54400cf27ec1b09de3aedb4f
36475757554,1,01-devsecops,AUD-01,devsecops-audit,all_tools,true,alvo2,step,Build (alvo2-uptimekuma),Complete job,2026-09-28T20:02:22Z,2026-09-28T20:02:22Z,0,success,GitHub Actions 1000000087,7ad02b7add541c8a54400cf27ec1b09de3aedb4f
36475757554,1,01-devsecops,AUD-01,devsecops-audit,all_tools,true,alvo2,job,SCA - Trivy (alvo2-uptimekuma),,2026-09-28T20:02:27Z,2026-09-28T20:03:42Z,75,success,GitHub Actions 1000000094,7ad02b7add541c8a54400cf27ec1b09de3aedb4f
36475757554,1,01-devsecops,AUD-01,devsecops-audit,all_tools,true,alvo2,step,SCA - Trivy (alvo2-uptimekuma),Set up job,2026-09-28T20:02:28Z,2026-09-28T20:02:29Z,1,success,GitHub Actions 1000000094,7ad02b7add541c8a54400cf27ec1b09de3aedb4f
36475757554,1,01-devsecops,AUD-01,devsecops-audit,all_tools,true,alvo2,step,SCA - Trivy (alvo2-uptimekuma),Checkout (com submodulos),2026-09-28T20:02:29Z,2026-09-28T20:02:35Z,6,success,GitHub Actions 1000000094,7ad02b7add541c8a54400cf27ec1b09de3aedb4f
36475757554,1,01-devsecops,AUD-01,devsecops-audit,all_tools,true,alvo2,step,SCA - Trivy (alvo2-uptimekuma),Carregar perfil do alvo,2026-09-28T20:02:35Z,2026-09-28T20:02:35Z,0,success,GitHub Actions 1000000094,7ad02b7add541c8a54400cf27ec1b09de3aedb4f
36475757554,1,01-devsecops,AUD-01,devsecops-audit,all_tools,true,alvo2,step,SCA - Trivy (alvo2-uptimekuma),Baixar imagem construida,2026-09-28T20:02:35Z,2026-09-28T20:02:49Z,14,success,GitHub Actions 1000000094,7ad02b7add541c8a54400cf27ec1b09de3aedb4f
36475757554,1,01-devsecops,AUD-01,devsecops-audit,all_tools,true,alvo2,step,SCA - Trivy (alvo2-uptimekuma),Carregar imagem no Docker,2026-09-28T20:02:49Z,2026-09-28T20:03:16Z,27,success,GitHub Actions 1000000094,7ad02b7add541c8a54400cf27ec1b09de3aedb4f
36475757554,1,01-devsecops,AUD-01,devsecops-audit,all_tools,true,alvo2,step,SCA - Trivy (alvo2-uptimekuma),Instalar Trivy,2026-09-28T20:03:16Z,2026-09-28T20:03:17Z,1,success,GitHub Actions 1000000094,7ad02b7add541c8a54400cf27ec1b09de3aedb4f
36475757554,1,01-devsecops,AUD-01,devsecops-audit,all_tools,true,alvo2,step,SCA - Trivy (alvo2-uptimekuma),"Trivy: vulnerabilidades da imagem (D9, fonte unica de SCA)",2026-09-28T20:03:17Z,2026-09-28T20:03:37Z,20,success,GitHub Actions 1000000094,7ad02b7add541c8a54400cf27ec1b09de3aedb4f
36475757554,1,01-devsecops,AUD-01,devsecops-audit,all_tools,true,alvo2,step,SCA - Trivy (alvo2-uptimekuma),Trivy: segredos no codigo-fonte,2026-09-28T20:03:37Z,2026-09-28T20:03:38Z,1,success,GitHub Actions 1000000094,7ad02b7add541c8a54400cf27ec1b09de3aedb4f
36475757554,1,01-devsecops,AUD-01,devsecops-audit,all_tools,true,alvo2,step,SCA - Trivy (alvo2-uptimekuma),Trivy: IaC (Dockerfile),2026-09-28T20:03:38Z,2026-09-28T20:03:40Z,2,success,GitHub Actions 1000000094,7ad02b7add541c8a54400cf27ec1b09de3aedb4f
36475757554,1,01-devsecops,AUD-01,devsecops-audit,all_tools,true,alvo2,step,SCA - Trivy (alvo2-uptimekuma),Run actions/upload-artifact@043fb46d1a93c77aae656e7c1c64a875d1fc6a0a,2026-09-28T20:03:40Z,2026-09-28T20:03:41Z,1,success,GitHub Actions 1000000094,7ad02b7add541c8a54400cf27ec1b09de3aedb4f
36475757554,1,01-devsecops,AUD-01,devsecops-audit,all_tools,true,alvo2,step,SCA - Trivy (alvo2-uptimekuma),Post Instalar Trivy,2026-09-28T20:03:41Z,2026-09-28T20:03:41Z,0,success,GitHub Actions 1000000094,7ad02b7add541c8a54400cf27ec1b09de3aedb4f
36475757554,1,01-devsecops,AUD-01,devsecops-audit,all_tools,true,alvo2,step,SCA - Trivy (alvo2-uptimekuma),Post Checkout (com submodulos),2026-09-28T20:03:41Z,2026-09-28T20:03:41Z,0,success,GitHub Actions 1000000094,7ad02b7add541c8a54400cf27ec1b09de3aedb4f
36475757554,1,01-devsecops,AUD-01,devsecops-audit,all_tools,true,alvo2,step,SCA - Trivy (alvo2-uptimekuma),Complete job,2026-09-28T20:03:41Z,2026-09-28T20:03:41Z,0,success,GitHub Actions 1000000094,7ad02b7add541c8a54400cf27ec1b09de3aedb4f
36475757554,1,01-devsecops,AUD-01,devsecops-audit,all_tools,true,alvo1,job,SCA - Trivy (alvo1-juiceshop),,2026-09-28T20:02:26Z,2026-09-28T20:03:16Z,50,success,GitHub Actions 1000000095,7ad02b7add541c8a54400cf27ec1b09de3aedb4f
36475757554,1,01-devsecops,AUD-01,devsecops-audit,all_tools,true,alvo1,step,SCA - Trivy (alvo1-juiceshop),Set up job,2026-09-28T20:02:28Z,2026-09-28T20:02:30Z,2,success,GitHub Actions 1000000095,7ad02b7add541c8a54400cf27ec1b09de3aedb4f
36475757554,1,01-devsecops,AUD-01,devsecops-audit,all_tools,true,alvo1,step,SCA - Trivy (alvo1-juiceshop),Checkout (com submodulos),2026-09-28T20:02:30Z,2026-09-28T20:02:37Z,7,success,GitHub Actions 1000000095,7ad02b7add541c8a54400cf27ec1b09de3aedb4f
36475757554,1,01-devsecops,AUD-01,devsecops-audit,all_tools,true,alvo1,step,SCA - Trivy (alvo1-juiceshop),Carregar perfil do alvo,2026-09-28T20:02:37Z,2026-09-28T20:02:37Z,0,success,GitHub Actions 1000000095,7ad02b7add541c8a54400cf27ec1b09de3aedb4f
36475757554,1,01-devsecops,AUD-01,devsecops-audit,all_tools,true,alvo1,step,SCA - Trivy (alvo1-juiceshop),Baixar imagem construida,2026-09-28T20:02:37Z,2026-09-28T20:02:44Z,7,success,GitHub Actions 1000000095,7ad02b7add541c8a54400cf27ec1b09de3aedb4f
36475757554,1,01-devsecops,AUD-01,devsecops-audit,all_tools,true,alvo1,step,SCA - Trivy (alvo1-juiceshop),Carregar imagem no Docker,2026-09-28T20:02:44Z,2026-09-28T20:02:53Z,9,success,GitHub Actions 1000000095,7ad02b7add541c8a54400cf27ec1b09de3aedb4f
36475757554,1,01-devsecops,AUD-01,devsecops-audit,all_tools,true,alvo1,step,SCA - Trivy (alvo1-juiceshop),Instalar Trivy,2026-09-28T20:02:53Z,2026-09-28T20:02:55Z,2,success,GitHub Actions 1000000095,7ad02b7add541c8a54400cf27ec1b09de3aedb4f
36475757554,1,01-devsecops,AUD-01,devsecops-audit,all_tools,true,alvo1,step,SCA - Trivy (alvo1-juiceshop),"Trivy: vulnerabilidades da imagem (D9, fonte unica de SCA)",2026-09-28T20:02:55Z,2026-09-28T20:03:07Z,12,success,GitHub Actions 1000000095,7ad02b7add541c8a54400cf27ec1b09de3aedb4f
36475757554,1,01-devsecops,AUD-01,devsecops-audit,all_tools,true,alvo1,step,SCA - Trivy (alvo1-juiceshop),Trivy: segredos no codigo-fonte,2026-09-28T20:03:07Z,2026-09-28T20:03:09Z,2,success,GitHub Actions 1000000095,7ad02b7add541c8a54400cf27ec1b09de3aedb4f
36475757554,1,01-devsecops,AUD-01,devsecops-audit,all_tools,true,alvo1,step,SCA - Trivy (alvo1-juiceshop),Trivy: IaC (Dockerfile),2026-09-28T20:03:09Z,2026-09-28T20:03:11Z,2,success,GitHub Actions 1000000095,7ad02b7add541c8a54400cf27ec1b09de3aedb4f
36475757554,1,01-devsecops,AUD-01,devsecops-audit,all_tools,true,alvo1,step,SCA - Trivy (alvo1-juiceshop),Run actions/upload-artifact@043fb46d1a93c77aae656e7c1c64a875d1fc6a0a,2026-09-28T20:03:11Z,2026-09-28T20:03:13Z,2,success,GitHub Actions 1000000095,7ad02b7add541c8a54400cf27ec1b09de3aedb4f
36475757554,1,01-devsecops,AUD-01,devsecops-audit,all_tools,true,alvo1,step,SCA - Trivy (alvo1-juiceshop),Post Instalar Trivy,2026-09-28T20:03:13Z,2026-09-28T20:03:13Z,0,success,GitHub Actions 1000000095,7ad02b7add541c8a54400cf27ec1b09de3aedb4f
36475757554,1,01-devsecops,AUD-01,devsecops-audit,all_tools,true,alvo1,step,SCA - Trivy (alvo1-juiceshop),Post Checkout (com submodulos),2026-09-28T20:03:13Z,2026-09-28T20:03:13Z,0,success,GitHub Actions 1000000095,7ad02b7add541c8a54400cf27ec1b09de3aedb4f
36475757554,1,01-devsecops,AUD-01,devsecops-audit,all_tools,true,alvo1,step,SCA - Trivy (alvo1-juiceshop),Complete job,2026-09-28T20:03:13Z,2026-09-28T20:03:13Z,0,success,GitHub Actions 1000000095,7ad02b7add541c8a54400cf27ec1b09de3aedb4f
36475757554,1,01-devsecops,AUD-01,devsecops-audit,all_tools,true,alvo1,job,Quality Gate (alvo1-juiceshop),,2026-09-28T20:03:45Z,2026-09-28T20:03:56Z,11,success,GitHub Actions 1000000100,7ad02b7add541c8a54400cf27ec1b09de3aedb4f
36475757554,1,01-devsecops,AUD-01,devsecops-audit,all_tools,true,alvo1,step,Quality Gate (alvo1-juiceshop),Set up job,2026-09-28T20:03:46Z,2026-09-28T20:03:47Z,1,success,GitHub Actions 1000000100,7ad02b7add541c8a54400cf27ec1b09de3aedb4f
36475757554,1,01-devsecops,AUD-01,devsecops-audit,all_tools,true,alvo1,step,Quality Gate (alvo1-juiceshop),Checkout,2026-09-28T20:03:47Z,2026-09-28T20:03:49Z,2,success,GitHub Actions 1000000100,7ad02b7add541c8a54400cf27ec1b09de3aedb4f
36475757554,1,01-devsecops,AUD-01,devsecops-audit,all_tools,true,alvo1,step,Quality Gate (alvo1-juiceshop),Carregar perfil do alvo,2026-09-28T20:03:49Z,2026-09-28T20:03:49Z,0,success,GitHub Actions 1000000100,7ad02b7add541c8a54400cf27ec1b09de3aedb4f
36475757554,1,01-devsecops,AUD-01,devsecops-audit,all_tools,true,alvo1,step,Quality Gate (alvo1-juiceshop),Baixar achados de SAST,2026-09-28T20:03:49Z,2026-09-28T20:03:50Z,1,success,GitHub Actions 1000000100,7ad02b7add541c8a54400cf27ec1b09de3aedb4f
36475757554,1,01-devsecops,AUD-01,devsecops-audit,all_tools,true,alvo1,step,Quality Gate (alvo1-juiceshop),Baixar achados de SCA,2026-09-28T20:03:50Z,2026-09-28T20:03:51Z,1,success,GitHub Actions 1000000100,7ad02b7add541c8a54400cf27ec1b09de3aedb4f
36475757554,1,01-devsecops,AUD-01,devsecops-audit,all_tools,true,alvo1,step,Quality Gate (alvo1-juiceshop),Instalar dependencias do script,2026-09-28T20:03:51Z,2026-09-28T20:03:52Z,1,success,GitHub Actions 1000000100,7ad02b7add541c8a54400cf27ec1b09de3aedb4f
36475757554,1,01-devsecops,AUD-01,devsecops-audit,all_tools,true,alvo1,step,Quality Gate (alvo1-juiceshop),Avaliar Quality Gate,2026-09-28T20:03:52Z,2026-09-28T20:03:52Z,0,success,GitHub Actions 1000000100,7ad02b7add541c8a54400cf27ec1b09de3aedb4f
36475757554,1,01-devsecops,AUD-01,devsecops-audit,all_tools,true,alvo1,step,Quality Gate (alvo1-juiceshop),Run actions/upload-artifact@043fb46d1a93c77aae656e7c1c64a875d1fc6a0a,2026-09-28T20:03:52Z,2026-09-28T20:03:53Z,1,success,GitHub Actions 1000000100,7ad02b7add541c8a54400cf27ec1b09de3aedb4f
36475757554,1,01-devsecops,AUD-01,devsecops-audit,all_tools,true,alvo1,step,Quality Gate (alvo1-juiceshop),Post Checkout,2026-09-28T20:03:53Z,2026-09-28T20:03:54Z,1,success,GitHub Actions 1000000100,7ad02b7add541c8a54400cf27ec1b09de3aedb4f
36475757554,1,01-devsecops,AUD-01,devsecops-audit,all_tools,true,alvo1,step,Quality Gate (alvo1-juiceshop),Complete job,2026-09-28T20:03:54Z,2026-09-28T20:03:54Z,0,success,GitHub Actions 1000000100,7ad02b7add541c8a54400cf27ec1b09de3aedb4f
36475757554,1,01-devsecops,AUD-01,devsecops-audit,all_tools,true,alvo2,job,Quality Gate (alvo2-uptimekuma),,2026-09-28T20:03:46Z,2026-09-28T20:03:59Z,13,success,GitHub Actions 1000000101,7ad02b7add541c8a54400cf27ec1b09de3aedb4f
36475757554,1,01-devsecops,AUD-01,devsecops-audit,all_tools,true,alvo2,step,Quality Gate (alvo2-uptimekuma),Set up job,2026-09-28T20:03:47Z,2026-09-28T20:03:48Z,1,success,GitHub Actions 1000000101,7ad02b7add541c8a54400cf27ec1b09de3aedb4f
36475757554,1,01-devsecops,AUD-01,devsecops-audit,all_tools,true,alvo2,step,Quality Gate (alvo2-uptimekuma),Checkout,2026-09-28T20:03:48Z,2026-09-28T20:03:49Z,1,success,GitHub Actions 1000000101,7ad02b7add541c8a54400cf27ec1b09de3aedb4f
36475757554,1,01-devsecops,AUD-01,devsecops-audit,all_tools,true,alvo2,step,Quality Gate (alvo2-uptimekuma),Carregar perfil do alvo,2026-09-28T20:03:49Z,2026-09-28T20:03:49Z,0,success,GitHub Actions 1000000101,7ad02b7add541c8a54400cf27ec1b09de3aedb4f
36475757554,1,01-devsecops,AUD-01,devsecops-audit,all_tools,true,alvo2,step,Quality Gate (alvo2-uptimekuma),Baixar achados de SAST,2026-09-28T20:03:49Z,2026-09-28T20:03:51Z,2,success,GitHub Actions 1000000101,7ad02b7add541c8a54400cf27ec1b09de3aedb4f
36475757554,1,01-devsecops,AUD-01,devsecops-audit,all_tools,true,alvo2,step,Quality Gate (alvo2-uptimekuma),Baixar achados de SCA,2026-09-28T20:03:51Z,2026-09-28T20:03:53Z,2,success,GitHub Actions 1000000101,7ad02b7add541c8a54400cf27ec1b09de3aedb4f
36475757554,1,01-devsecops,AUD-01,devsecops-audit,all_tools,true,alvo2,step,Quality Gate (alvo2-uptimekuma),Instalar dependencias do script,2026-09-28T20:03:53Z,2026-09-28T20:03:54Z,1,success,GitHub Actions 1000000101,7ad02b7add541c8a54400cf27ec1b09de3aedb4f
36475757554,1,01-devsecops,AUD-01,devsecops-audit,all_tools,true,alvo2,step,Quality Gate (alvo2-uptimekuma),Avaliar Quality Gate,2026-09-28T20:03:54Z,2026-09-28T20:03:54Z,0,success,GitHub Actions 1000000101,7ad02b7add541c8a54400cf27ec1b09de3aedb4f
36475757554,1,01-devsecops,AUD-01,devsecops-audit,all_tools,true,alvo2,step,Quality Gate (alvo2-uptimekuma),Run actions/upload-artifact@043fb46d1a93c77aae656e7c1c64a875d1fc6a0a,2026-09-28T20:03:54Z,2026-09-28T20:03:56Z,2,success,GitHub Actions 1000000101,7ad02b7add541c8a54400cf27ec1b09de3aedb4f
36475757554,1,01-devsecops,AUD-01,devsecops-audit,all_tools,true,alvo2,step,Quality Gate (alvo2-uptimekuma),Post Checkout,2026-09-28T20:03:56Z,2026-09-28T20:03:56Z,0,success,GitHub Actions 1000000101,7ad02b7add541c8a54400cf27ec1b09de3aedb4f
36475757554,1,01-devsecops,AUD-01,devsecops-audit,all_tools,true,alvo2,step,Quality Gate (alvo2-uptimekuma),Complete job,2026-09-28T20:03:56Z,2026-09-28T20:03:56Z,0,success,GitHub Actions 1000000101,7ad02b7add541c8a54400cf27ec1b09de3aedb4f
36475757554,1,01-devsecops,AUD-01,devsecops-audit,all_tools,true,alvo2,job,Staging + DAST - OWASP ZAP (alvo2-uptimekuma),,2026-09-28T20:04:02Z,2026-09-28T20:09:56Z,354,success,GitHub Actions 1000000102,7ad02b7add541c8a54400cf27ec1b09de3aedb4f
36475757554,1,01-devsecops,AUD-01,devsecops-audit,all_tools,true,alvo2,step,Staging + DAST - OWASP ZAP (alvo2-uptimekuma),Set up job,2026-09-28T20:04:03Z,2026-09-28T20:04:05Z,2,success,GitHub Actions 1000000102,7ad02b7add541c8a54400cf27ec1b09de3aedb4f
36475757554,1,01-devsecops,AUD-01,devsecops-audit,all_tools,true,alvo2,step,Staging + DAST - OWASP ZAP (alvo2-uptimekuma),Checkout,2026-09-28T20:04:05Z,2026-09-28T20:04:07Z,2,success,GitHub Actions 1000000102,7ad02b7add541c8a54400cf27ec1b09de3aedb4f
36475757554,1,01-devsecops,AUD-01,devsecops-audit,all_tools,true,alvo2,step,Staging + DAST - OWASP ZAP (alvo2-uptimekuma),Carregar perfil do alvo,2026-09-28T20:04:07Z,2026-09-28T20:04:07Z,0,success,GitHub Actions 1000000102,7ad02b7add541c8a54400cf27ec1b09de3aedb4f
36475757554,1,01-devsecops,AUD-01,devsecops-audit,all_tools,true,alvo2,step,Staging + DAST - OWASP ZAP (alvo2-uptimekuma),Baixar imagem construida,2026-09-28T20:04:07Z,2026-09-28T20:04:37Z,30,success,GitHub Actions 1000000102,7ad02b7add541c8a54400cf27ec1b09de3aedb4f
36475757554,1,01-devsecops,AUD-01,devsecops-audit,all_tools,true,alvo2,step,Staging + DAST - OWASP ZAP (alvo2-uptimekuma),Carregar imagem no Docker,2026-09-28T20:04:37Z,2026-09-28T20:05:04Z,27,success,GitHub Actions 1000000102,7ad02b7add541c8a54400cf27ec1b09de3aedb4f
36475757554,1,01-devsecops,AUD-01,devsecops-audit,all_tools,true,alvo2,step,Staging + DAST - OWASP ZAP (alvo2-uptimekuma),Staging (subir aplicacao e aguardar health check),2026-09-28T20:05:04Z,2026-09-28T20:05:06Z,2,success,GitHub Actions 1000000102,7ad02b7add541c8a54400cf27ec1b09de3aedb4f
36475757554,1,01-devsecops,AUD-01,devsecops-audit,all_tools,true,alvo2,step,Staging + DAST - OWASP ZAP (alvo2-uptimekuma),Montar opcoes do ZAP,2026-09-28T20:05:06Z,2026-09-28T20:05:06Z,0,success,GitHub Actions 1000000102,7ad02b7add541c8a54400cf27ec1b09de3aedb4f
36475757554,1,01-devsecops,AUD-01,devsecops-audit,all_tools,true,alvo2,step,Staging + DAST - OWASP ZAP (alvo2-uptimekuma),OWASP ZAP: full scan,2026-09-28T20:05:06Z,2026-09-28T20:09:48Z,282,success,GitHub Actions 1000000102,7ad02b7add541c8a54400cf27ec1b09de3aedb4f
36475757554,1,01-devsecops,AUD-01,devsecops-audit,all_tools,true,alvo2,step,Staging + DAST - OWASP ZAP (alvo2-uptimekuma),Verificar que o alvo sobreviveu ao DAST,2026-09-28T20:09:48Z,2026-09-28T20:09:49Z,1,success,GitHub Actions 1000000102,7ad02b7add541c8a54400cf27ec1b09de3aedb4f
36475757554,1,01-devsecops,AUD-01,devsecops-audit,all_tools,true,alvo2,step,Staging + DAST - OWASP ZAP (alvo2-uptimekuma),Verificar que o ZAP produziu relatorio,2026-09-28T20:09:49Z,2026-09-28T20:09:49Z,0,success,GitHub Actions 1000000102,7ad02b7add541c8a54400cf27ec1b09de3aedb4f
36475757554,1,01-devsecops,AUD-01,devsecops-audit,all_tools,true,alvo2,step,Staging + DAST - OWASP ZAP (alvo2-uptimekuma),Logs da aplicacao,2026-09-28T20:09:49Z,2026-09-28T20:09:49Z,0,success,GitHub Actions 1000000102,7ad02b7add541c8a54400cf27ec1b09de3aedb4f
36475757554,1,01-devsecops,AUD-01,devsecops-audit,all_tools,true,alvo2,step,Staging + DAST - OWASP ZAP (alvo2-uptimekuma),Encerrar container,2026-09-28T20:09:49Z,2026-09-28T20:09:49Z,0,success,GitHub Actions 1000000102,7ad02b7add541c8a54400cf27ec1b09de3aedb4f
36475757554,1,01-devsecops,AUD-01,devsecops-audit,all_tools,true,alvo2,step,Staging + DAST - OWASP ZAP (alvo2-uptimekuma),Run actions/upload-artifact@043fb46d1a93c77aae656e7c1c64a875d1fc6a0a,2026-09-28T20:09:49Z,2026-09-28T20:09:50Z,1,success,GitHub Actions 1000000102,7ad02b7add541c8a54400cf27ec1b09de3aedb4f
36475757554,1,01-devsecops,AUD-01,devsecops-audit,all_tools,true,alvo2,step,Staging + DAST - OWASP ZAP (alvo2-uptimekuma),Baixar achados de SAST e SCA (gate pos-DAST),2026-09-28T20:09:50Z,2026-09-28T20:09:52Z,2,success,GitHub Actions 1000000102,7ad02b7add541c8a54400cf27ec1b09de3aedb4f
36475757554,1,01-devsecops,AUD-01,devsecops-audit,all_tools,true,alvo2,step,Staging + DAST - OWASP ZAP (alvo2-uptimekuma),Quality Gate pos-DAST (escopo all_tools),2026-09-28T20:09:52Z,2026-09-28T20:09:53Z,1,success,GitHub Actions 1000000102,7ad02b7add541c8a54400cf27ec1b09de3aedb4f
36475757554,1,01-devsecops,AUD-01,devsecops-audit,all_tools,true,alvo2,step,Staging + DAST - OWASP ZAP (alvo2-uptimekuma),Run actions/upload-artifact@043fb46d1a93c77aae656e7c1c64a875d1fc6a0a,2026-09-28T20:09:53Z,2026-09-28T20:09:54Z,1,success,GitHub Actions 1000000102,7ad02b7add541c8a54400cf27ec1b09de3aedb4f
36475757554,1,01-devsecops,AUD-01,devsecops-audit,all_tools,true,alvo2,step,Staging + DAST - OWASP ZAP (alvo2-uptimekuma),Post Checkout,2026-09-28T20:09:54Z,2026-09-28T20:09:54Z,0,success,GitHub Actions 1000000102,7ad02b7add541c8a54400cf27ec1b09de3aedb4f
36475757554,1,01-devsecops,AUD-01,devsecops-audit,all_tools,true,alvo2,step,Staging + DAST - OWASP ZAP (alvo2-uptimekuma),Complete job,2026-09-28T20:09:54Z,2026-09-28T20:09:54Z,0,success,GitHub Actions 1000000102,7ad02b7add541c8a54400cf27ec1b09de3aedb4f
36475757554,1,01-devsecops,AUD-01,devsecops-audit,all_tools,true,alvo1,job,Staging + DAST - OWASP ZAP (alvo1-juiceshop),,2026-09-28T20:04:02Z,2026-09-28T20:51:22Z,2840,success,GitHub Actions 1000000103,7ad02b7add541c8a54400cf27ec1b09de3aedb4f
36475757554,1,01-devsecops,AUD-01,devsecops-audit,all_tools,true,alvo1,step,Staging + DAST - OWASP ZAP (alvo1-juiceshop),Set up job,2026-09-28T20:04:02Z,2026-09-28T20:04:05Z,3,success,GitHub Actions 1000000103,7ad02b7add541c8a54400cf27ec1b09de3aedb4f
36475757554,1,01-devsecops,AUD-01,devsecops-audit,all_tools,true,alvo1,step,Staging + DAST - OWASP ZAP (alvo1-juiceshop),Checkout,2026-09-28T20:04:05Z,2026-09-28T20:04:09Z,4,success,GitHub Actions 1000000103,7ad02b7add541c8a54400cf27ec1b09de3aedb4f
36475757554,1,01-devsecops,AUD-01,devsecops-audit,all_tools,true,alvo1,step,Staging + DAST - OWASP ZAP (alvo1-juiceshop),Carregar perfil do alvo,2026-09-28T20:04:09Z,2026-09-28T20:04:09Z,0,success,GitHub Actions 1000000103,7ad02b7add541c8a54400cf27ec1b09de3aedb4f
36475757554,1,01-devsecops,AUD-01,devsecops-audit,all_tools,true,alvo1,step,Staging + DAST - OWASP ZAP (alvo1-juiceshop),Baixar imagem construida,2026-09-28T20:04:09Z,2026-09-28T20:04:15Z,6,success,GitHub Actions 1000000103,7ad02b7add541c8a54400cf27ec1b09de3aedb4f
36475757554,1,01-devsecops,AUD-01,devsecops-audit,all_tools,true,alvo1,step,Staging + DAST - OWASP ZAP (alvo1-juiceshop),Carregar imagem no Docker,2026-09-28T20:04:15Z,2026-09-28T20:04:31Z,16,success,GitHub Actions 1000000103,7ad02b7add541c8a54400cf27ec1b09de3aedb4f
36475757554,1,01-devsecops,AUD-01,devsecops-audit,all_tools,true,alvo1,step,Staging + DAST - OWASP ZAP (alvo1-juiceshop),Staging (subir aplicacao e aguardar health check),2026-09-28T20:04:31Z,2026-09-28T20:04:33Z,2,success,GitHub Actions 1000000103,7ad02b7add541c8a54400cf27ec1b09de3aedb4f
36475757554,1,01-devsecops,AUD-01,devsecops-audit,all_tools,true,alvo1,step,Staging + DAST - OWASP ZAP (alvo1-juiceshop),Montar opcoes do ZAP,2026-09-28T20:04:33Z,2026-09-28T20:04:33Z,0,success,GitHub Actions 1000000103,7ad02b7add541c8a54400cf27ec1b09de3aedb4f
36475757554,1,01-devsecops,AUD-01,devsecops-audit,all_tools,true,alvo1,step,Staging + DAST - OWASP ZAP (alvo1-juiceshop),OWASP ZAP: full scan,2026-09-28T20:04:33Z,2026-09-28T20:51:14Z,2801,success,GitHub Actions 1000000103,7ad02b7add541c8a54400cf27ec1b09de3aedb4f
36475757554,1,01-devsecops,AUD-01,devsecops-audit,all_tools,true,alvo1,step,Staging + DAST - OWASP ZAP (alvo1-juiceshop),Verificar que o alvo sobreviveu ao DAST,2026-09-28T20:51:14Z,2026-09-28T20:51:14Z,0,success,GitHub Actions 1000000103,7ad02b7add541c8a54400cf27ec1b09de3aedb4f
36475757554,1,01-devsecops,AUD-01,devsecops-audit,all_tools,true,alvo1,step,Staging + DAST - OWASP ZAP (alvo1-juiceshop),Verificar que o ZAP produziu relatorio,2026-09-28T20:51:14Z,2026-09-28T20:51:14Z,0,success,GitHub Actions 1000000103,7ad02b7add541c8a54400cf27ec1b09de3aedb4f
36475757554,1,01-devsecops,AUD-01,devsecops-audit,all_tools,true,alvo1,step,Staging + DAST - OWASP ZAP (alvo1-juiceshop),Logs da aplicacao,2026-09-28T20:51:14Z,2026-09-28T20:51:14Z,0,success,GitHub Actions 1000000103,7ad02b7add541c8a54400cf27ec1b09de3aedb4f
36475757554,1,01-devsecops,AUD-01,devsecops-audit,all_tools,true,alvo1,step,Staging + DAST - OWASP ZAP (alvo1-juiceshop),Encerrar container,2026-09-28T20:51:14Z,2026-09-28T20:51:14Z,0,success,GitHub Actions 1000000103,7ad02b7add541c8a54400cf27ec1b09de3aedb4f
36475757554,1,01-devsecops,AUD-01,devsecops-audit,all_tools,true,alvo1,step,Staging + DAST - OWASP ZAP (alvo1-juiceshop),Run actions/upload-artifact@043fb46d1a93c77aae656e7c1c64a875d1fc6a0a,2026-09-28T20:51:14Z,2026-09-28T20:51:15Z,1,success,GitHub Actions 1000000103,7ad02b7add541c8a54400cf27ec1b09de3aedb4f
36475757554,1,01-devsecops,AUD-01,devsecops-audit,all_tools,true,alvo1,step,Staging + DAST - OWASP ZAP (alvo1-juiceshop),Baixar achados de SAST e SCA (gate pos-DAST),2026-09-28T20:51:15Z,2026-09-28T20:51:17Z,2,success,GitHub Actions 1000000103,7ad02b7add541c8a54400cf27ec1b09de3aedb4f
36475757554,1,01-devsecops,AUD-01,devsecops-audit,all_tools,true,alvo1,step,Staging + DAST - OWASP ZAP (alvo1-juiceshop),Quality Gate pos-DAST (escopo all_tools),2026-09-28T20:51:17Z,2026-09-28T20:51:18Z,1,success,GitHub Actions 1000000103,7ad02b7add541c8a54400cf27ec1b09de3aedb4f
36475757554,1,01-devsecops,AUD-01,devsecops-audit,all_tools,true,alvo1,step,Staging + DAST - OWASP ZAP (alvo1-juiceshop),Run actions/upload-artifact@043fb46d1a93c77aae656e7c1c64a875d1fc6a0a,2026-09-28T20:51:18Z,2026-09-28T20:51:20Z,2,success,GitHub Actions 1000000103,7ad02b7add541c8a54400cf27ec1b09de3aedb4f
36475757554,1,01-devsecops,AUD-01,devsecops-audit,all_tools,true,alvo1,step,Staging + DAST - OWASP ZAP (alvo1-juiceshop),Post Checkout,2026-09-28T20:51:20Z,2026-09-28T20:51:20Z,0,success,GitHub Actions 1000000103,7ad02b7add541c8a54400cf27ec1b09de3aedb4f
36475757554,1,01-devsecops,AUD-01,devsecops-audit,all_tools,true,alvo1,step,Staging + DAST - OWASP ZAP (alvo1-juiceshop),Complete job,2026-09-28T20:51:20Z,2026-09-28T20:51:20Z,0,success,GitHub Actions 1000000103,7ad02b7add541c8a54400cf27ec1b09de3aedb4f
36475777193,1,00-baseline,BASE-02,baseline,,,alvo1,job,Baseline (alvo1-juiceshop),,2026-09-28T19:57:18Z,2026-09-28T19:59:40Z,142,success,GitHub Actions 1000000082,7ad02b7add541c8a54400cf27ec1b09de3aedb4f
36475777193,1,00-baseline,BASE-02,baseline,,,alvo1,step,Baseline (alvo1-juiceshop),Set up job,2026-09-28T19:57:20Z,2026-09-28T19:57:21Z,1,success,GitHub Actions 1000000082,7ad02b7add541c8a54400cf27ec1b09de3aedb4f
36475777193,1,00-baseline,BASE-02,baseline,,,alvo1,step,Baseline (alvo1-juiceshop),Checkout (com submodulos),2026-09-28T19:57:21Z,2026-09-28T19:57:27Z,6,success,GitHub Actions 1000000082,7ad02b7add541c8a54400cf27ec1b09de3aedb4f
36475777193,1,00-baseline,BASE-02,baseline,,,alvo1,step,Baseline (alvo1-juiceshop),Carregar perfil do alvo,2026-09-28T19:57:27Z,2026-09-28T19:57:27Z,0,success,GitHub Actions 1000000082,7ad02b7add541c8a54400cf27ec1b09de3aedb4f
36475777193,1,00-baseline,BASE-02,baseline,,,alvo1,step,Baseline (alvo1-juiceshop),Instalar Node.js (quando exigido pelo alvo),2026-09-28T19:57:27Z,2026-09-28T19:57:27Z,0,skipped,GitHub Actions 1000000082,7ad02b7add541c8a54400cf27ec1b09de3aedb4f
36475777193,1,00-baseline,BASE-02,baseline,,,alvo1,step,Baseline (alvo1-juiceshop),Pre-build da aplicacao (quando exigido pelo alvo),2026-09-28T19:57:27Z,2026-09-28T19:57:27Z,0,skipped,GitHub Actions 1000000082,7ad02b7add541c8a54400cf27ec1b09de3aedb4f
36475777193,1,00-baseline,BASE-02,baseline,,,alvo1,step,Baseline (alvo1-juiceshop),Build da imagem Docker,2026-09-28T19:57:27Z,2026-09-28T19:59:35Z,128,success,GitHub Actions 1000000082,7ad02b7add541c8a54400cf27ec1b09de3aedb4f
36475777193,1,00-baseline,BASE-02,baseline,,,alvo1,step,Baseline (alvo1-juiceshop),Staging (subir aplicacao e aguardar health check),2026-09-28T19:59:35Z,2026-09-28T19:59:37Z,2,success,GitHub Actions 1000000082,7ad02b7add541c8a54400cf27ec1b09de3aedb4f
36475777193,1,00-baseline,BASE-02,baseline,,,alvo1,step,Baseline (alvo1-juiceshop),Encerrar container,2026-09-28T19:59:37Z,2026-09-28T19:59:37Z,0,success,GitHub Actions 1000000082,7ad02b7add541c8a54400cf27ec1b09de3aedb4f
36475777193,1,00-baseline,BASE-02,baseline,,,alvo1,step,Baseline (alvo1-juiceshop),Post Checkout (com submodulos),2026-09-28T19:59:37Z,2026-09-28T19:59:37Z,0,success,GitHub Actions 1000000082,7ad02b7add541c8a54400cf27ec1b09de3aedb4f
36475777193,1,00-baseline,BASE-02,baseline,,,alvo1,step,Baseline (alvo1-juiceshop),Complete job,2026-09-28T19:59:37Z,2026-09-28T19:59:37Z,0,success,GitHub Actions 1000000082,7ad02b7add541c8a54400cf27ec1b09de3aedb4f
36475777193,1,00-baseline,BASE-02,baseline,,,alvo2,job,Baseline (alvo2-uptimekuma),,2026-09-28T19:57:18Z,2026-09-28T19:59:38Z,140,success,GitHub Actions 1000000083,7ad02b7add541c8a54400cf27ec1b09de3aedb4f
36475777193,1,00-baseline,BASE-02,baseline,,,alvo2,step,Baseline (alvo2-uptimekuma),Set up job,2026-09-28T19:57:18Z,2026-09-28T19:57:20Z,2,success,GitHub Actions 1000000083,7ad02b7add541c8a54400cf27ec1b09de3aedb4f
36475777193,1,00-baseline,BASE-02,baseline,,,alvo2,step,Baseline (alvo2-uptimekuma),Checkout (com submodulos),2026-09-28T19:57:20Z,2026-09-28T19:57:26Z,6,success,GitHub Actions 1000000083,7ad02b7add541c8a54400cf27ec1b09de3aedb4f
36475777193,1,00-baseline,BASE-02,baseline,,,alvo2,step,Baseline (alvo2-uptimekuma),Carregar perfil do alvo,2026-09-28T19:57:26Z,2026-09-28T19:57:26Z,0,success,GitHub Actions 1000000083,7ad02b7add541c8a54400cf27ec1b09de3aedb4f
36475777193,1,00-baseline,BASE-02,baseline,,,alvo2,step,Baseline (alvo2-uptimekuma),Instalar Node.js (quando exigido pelo alvo),2026-09-28T19:57:26Z,2026-09-28T19:57:27Z,1,success,GitHub Actions 1000000083,7ad02b7add541c8a54400cf27ec1b09de3aedb4f
36475777193,1,00-baseline,BASE-02,baseline,,,alvo2,step,Baseline (alvo2-uptimekuma),Pre-build da aplicacao (quando exigido pelo alvo),2026-09-28T19:57:27Z,2026-09-28T19:58:47Z,80,success,GitHub Actions 1000000083,7ad02b7add541c8a54400cf27ec1b09de3aedb4f
36475777193,1,00-baseline,BASE-02,baseline,,,alvo2,step,Baseline (alvo2-uptimekuma),Build da imagem Docker,2026-09-28T19:58:47Z,2026-09-28T19:59:32Z,45,success,GitHub Actions 1000000083,7ad02b7add541c8a54400cf27ec1b09de3aedb4f
36475777193,1,00-baseline,BASE-02,baseline,,,alvo2,step,Baseline (alvo2-uptimekuma),Staging (subir aplicacao e aguardar health check),2026-09-28T19:59:32Z,2026-09-28T19:59:35Z,3,success,GitHub Actions 1000000083,7ad02b7add541c8a54400cf27ec1b09de3aedb4f
36475777193,1,00-baseline,BASE-02,baseline,,,alvo2,step,Baseline (alvo2-uptimekuma),Encerrar container,2026-09-28T19:59:35Z,2026-09-28T19:59:35Z,0,success,GitHub Actions 1000000083,7ad02b7add541c8a54400cf27ec1b09de3aedb4f
36475777193,1,00-baseline,BASE-02,baseline,,,alvo2,step,Baseline (alvo2-uptimekuma),Post Instalar Node.js (quando exigido pelo alvo),2026-09-28T19:59:35Z,2026-09-28T19:59:35Z,0,success,GitHub Actions 1000000083,7ad02b7add541c8a54400cf27ec1b09de3aedb4f
36475777193,1,00-baseline,BASE-02,baseline,,,alvo2,step,Baseline (alvo2-uptimekuma),Post Checkout (com submodulos),2026-09-28T19:59:35Z,2026-09-28T19:59:35Z,0,success,GitHub Actions 1000000083,7ad02b7add541c8a54400cf27ec1b09de3aedb4f
36475777193,1,00-baseline,BASE-02,baseline,,,alvo2,step,Baseline (alvo2-uptimekuma),Complete job,2026-09-28T19:59:35Z,2026-09-28T19:59:35Z,0,success,GitHub Actions 1000000083,7ad02b7add541c8a54400cf27ec1b09de3aedb4f
36475797081,1,01-devsecops,AUD-02,devsecops-audit,all_tools,true,alvo1,job,SAST - Semgrep (alvo1-juiceshop),,2026-09-28T19:57:29Z,2026-09-28T19:59:03Z,94,success,GitHub Actions 1000000084,7ad02b7add541c8a54400cf27ec1b09de3aedb4f
36475797081,1,01-devsecops,AUD-02,devsecops-audit,all_tools,true,alvo1,step,SAST - Semgrep (alvo1-juiceshop),Set up job,2026-09-28T19:57:30Z,2026-09-28T19:57:31Z,1,success,GitHub Actions 1000000084,7ad02b7add541c8a54400cf27ec1b09de3aedb4f
36475797081,1,01-devsecops,AUD-02,devsecops-audit,all_tools,true,alvo1,step,SAST - Semgrep (alvo1-juiceshop),Initialize containers,2026-09-28T19:57:31Z,2026-09-28T19:57:42Z,11,success,GitHub Actions 1000000084,7ad02b7add541c8a54400cf27ec1b09de3aedb4f
36475797081,1,01-devsecops,AUD-02,devsecops-audit,all_tools,true,alvo1,step,SAST - Semgrep (alvo1-juiceshop),Checkout (com submodulos),2026-09-28T19:57:42Z,2026-09-28T19:57:48Z,6,success,GitHub Actions 1000000084,7ad02b7add541c8a54400cf27ec1b09de3aedb4f
36475797081,1,01-devsecops,AUD-02,devsecops-audit,all_tools,true,alvo1,step,SAST - Semgrep (alvo1-juiceshop),Carregar perfil do alvo,2026-09-28T19:57:48Z,2026-09-28T19:57:48Z,0,success,GitHub Actions 1000000084,7ad02b7add541c8a54400cf27ec1b09de3aedb4f
36475797081,1,01-devsecops,AUD-02,devsecops-audit,all_tools,true,alvo1,step,SAST - Semgrep (alvo1-juiceshop),Semgrep scan,2026-09-28T19:57:48Z,2026-09-28T19:58:58Z,70,success,GitHub Actions 1000000084,7ad02b7add541c8a54400cf27ec1b09de3aedb4f
36475797081,1,01-devsecops,AUD-02,devsecops-audit,all_tools,true,alvo1,step,SAST - Semgrep (alvo1-juiceshop),Run actions/upload-artifact@043fb46d1a93c77aae656e7c1c64a875d1fc6a0a,2026-09-28T19:58:58Z,2026-09-28T19:58:59Z,1,success,GitHub Actions 1000000084,7ad02b7add541c8a54400cf27ec1b09de3aedb4f
36475797081,1,01-devsecops,AUD-02,devsecops-audit,all_tools,true,alvo1,step,SAST - Semgrep (alvo1-juiceshop),Post Checkout (com submodulos),2026-09-28T19:58:59Z,2026-09-28T19:59:00Z,1,success,GitHub Actions 1000000084,7ad02b7add541c8a54400cf27ec1b09de3aedb4f
36475797081,1,01-devsecops,AUD-02,devsecops-audit,all_tools,true,alvo1,step,SAST - Semgrep (alvo1-juiceshop),Stop containers,2026-09-28T19:59:00Z,2026-09-28T19:59:00Z,0,success,GitHub Actions 1000000084,7ad02b7add541c8a54400cf27ec1b09de3aedb4f
36475797081,1,01-devsecops,AUD-02,devsecops-audit,all_tools,true,alvo1,step,SAST - Semgrep (alvo1-juiceshop),Complete job,2026-09-28T19:59:00Z,2026-09-28T19:59:00Z,0,success,GitHub Actions 1000000084,7ad02b7add541c8a54400cf27ec1b09de3aedb4f
36475797081,1,01-devsecops,AUD-02,devsecops-audit,all_tools,true,alvo2,job,SAST - Semgrep (alvo2-uptimekuma),,2026-09-28T19:57:28Z,2026-09-28T19:58:26Z,58,success,GitHub Actions 1000000085,7ad02b7add541c8a54400cf27ec1b09de3aedb4f
36475797081,1,01-devsecops,AUD-02,devsecops-audit,all_tools,true,alvo2,step,SAST - Semgrep (alvo2-uptimekuma),Set up job,2026-09-28T19:57:29Z,2026-09-28T19:57:30Z,1,success,GitHub Actions 1000000085,7ad02b7add541c8a54400cf27ec1b09de3aedb4f
36475797081,1,01-devsecops,AUD-02,devsecops-audit,all_tools,true,alvo2,step,SAST - Semgrep (alvo2-uptimekuma),Initialize containers,2026-09-28T19:57:30Z,2026-09-28T19:57:41Z,11,success,GitHub Actions 1000000085,7ad02b7add541c8a54400cf27ec1b09de3aedb4f
36475797081,1,01-devsecops,AUD-02,devsecops-audit,all_tools,true,alvo2,step,SAST - Semgrep (alvo2-uptimekuma),Checkout (com submodulos),2026-09-28T19:57:41Z,2026-09-28T19:57:50Z,9,success,GitHub Actions 1000000085,7ad02b7add541c8a54400cf27ec1b09de3aedb4f
36475797081,1,01-devsecops,AUD-02,devsecops-audit,all_tools,true,alvo2,step,SAST - Semgrep (alvo2-uptimekuma),Carregar perfil do alvo,2026-09-28T19:57:50Z,2026-09-28T19:57:50Z,0,success,GitHub Actions 1000000085,7ad02b7add541c8a54400cf27ec1b09de3aedb4f
36475797081,1,01-devsecops,AUD-02,devsecops-audit,all_tools,true,alvo2,step,SAST - Semgrep (alvo2-uptimekuma),Semgrep scan,2026-09-28T19:57:50Z,2026-09-28T19:58:22Z,32,success,GitHub Actions 1000000085,7ad02b7add541c8a54400cf27ec1b09de3aedb4f
36475797081,1,01-devsecops,AUD-02,devsecops-audit,all_tools,true,alvo2,step,SAST - Semgrep (alvo2-uptimekuma),Run actions/upload-artifact@043fb46d1a93c77aae656e7c1c64a875d1fc6a0a,2026-09-28T19:58:22Z,2026-09-28T19:58:24Z,2,success,GitHub Actions 1000000085,7ad02b7add541c8a54400cf27ec1b09de3aedb4f
36475797081,1,01-devsecops,AUD-02,devsecops-audit,all_tools,true,alvo2,step,SAST - Semgrep (alvo2-uptimekuma),Post Checkout (com submodulos),2026-09-28T19:58:24Z,2026-09-28T19:58:24Z,0,success,GitHub Actions 1000000085,7ad02b7add541c8a54400cf27ec1b09de3aedb4f
36475797081,1,01-devsecops,AUD-02,devsecops-audit,all_tools,true,alvo2,step,SAST - Semgrep (alvo2-uptimekuma),Stop containers,2026-09-28T19:58:24Z,2026-09-28T19:58:25Z,1,success,GitHub Actions 1000000085,7ad02b7add541c8a54400cf27ec1b09de3aedb4f
36475797081,1,01-devsecops,AUD-02,devsecops-audit,all_tools,true,alvo2,step,SAST - Semgrep (alvo2-uptimekuma),Complete job,2026-09-28T19:58:25Z,2026-09-28T19:58:25Z,0,success,GitHub Actions 1000000085,7ad02b7add541c8a54400cf27ec1b09de3aedb4f
36475797081,1,01-devsecops,AUD-02,devsecops-audit,all_tools,true,alvo2,job,Build (alvo2-uptimekuma),,2026-09-28T19:59:06Z,2026-09-28T20:02:42Z,216,success,GitHub Actions 1000000089,7ad02b7add541c8a54400cf27ec1b09de3aedb4f
36475797081,1,01-devsecops,AUD-02,devsecops-audit,all_tools,true,alvo2,step,Build (alvo2-uptimekuma),Set up job,2026-09-28T19:59:07Z,2026-09-28T19:59:07Z,0,success,GitHub Actions 1000000089,7ad02b7add541c8a54400cf27ec1b09de3aedb4f
36475797081,1,01-devsecops,AUD-02,devsecops-audit,all_tools,true,alvo2,step,Build (alvo2-uptimekuma),Checkout (com submodulos),2026-09-28T19:59:07Z,2026-09-28T19:59:14Z,7,success,GitHub Actions 1000000089,7ad02b7add541c8a54400cf27ec1b09de3aedb4f
36475797081,1,01-devsecops,AUD-02,devsecops-audit,all_tools,true,alvo2,step,Build (alvo2-uptimekuma),Carregar perfil do alvo,2026-09-28T19:59:14Z,2026-09-28T19:59:14Z,0,success,GitHub Actions 1000000089,7ad02b7add541c8a54400cf27ec1b09de3aedb4f
36475797081,1,01-devsecops,AUD-02,devsecops-audit,all_tools,true,alvo2,step,Build (alvo2-uptimekuma),Instalar Node.js (quando exigido pelo alvo),2026-09-28T19:59:14Z,2026-09-28T19:59:14Z,0,success,GitHub Actions 1000000089,7ad02b7add541c8a54400cf27ec1b09de3aedb4f
36475797081,1,01-devsecops,AUD-02,devsecops-audit,all_tools,true,alvo2,step,Build (alvo2-uptimekuma),Pre-build da aplicacao (quando exigido pelo alvo),2026-09-28T19:59:14Z,2026-09-28T20:00:58Z,104,success,GitHub Actions 1000000089,7ad02b7add541c8a54400cf27ec1b09de3aedb4f
36475797081,1,01-devsecops,AUD-02,devsecops-audit,all_tools,true,alvo2,step,Build (alvo2-uptimekuma),Build da imagem Docker,2026-09-28T20:00:58Z,2026-09-28T20:01:52Z,54,success,GitHub Actions 1000000089,7ad02b7add541c8a54400cf27ec1b09de3aedb4f
36475797081,1,01-devsecops,AUD-02,devsecops-audit,all_tools,true,alvo2,step,Build (alvo2-uptimekuma),Run actions/upload-artifact@043fb46d1a93c77aae656e7c1c64a875d1fc6a0a,2026-09-28T20:01:52Z,2026-09-28T20:02:40Z,48,success,GitHub Actions 1000000089,7ad02b7add541c8a54400cf27ec1b09de3aedb4f
36475797081,1,01-devsecops,AUD-02,devsecops-audit,all_tools,true,alvo2,step,Build (alvo2-uptimekuma),Post Instalar Node.js (quando exigido pelo alvo),2026-09-28T20:02:40Z,2026-09-28T20:02:40Z,0,success,GitHub Actions 1000000089,7ad02b7add541c8a54400cf27ec1b09de3aedb4f
36475797081,1,01-devsecops,AUD-02,devsecops-audit,all_tools,true,alvo2,step,Build (alvo2-uptimekuma),Post Checkout (com submodulos),2026-09-28T20:02:40Z,2026-09-28T20:02:41Z,1,success,GitHub Actions 1000000089,7ad02b7add541c8a54400cf27ec1b09de3aedb4f
36475797081,1,01-devsecops,AUD-02,devsecops-audit,all_tools,true,alvo2,step,Build (alvo2-uptimekuma),Complete job,2026-09-28T20:02:41Z,2026-09-28T20:02:41Z,0,success,GitHub Actions 1000000089,7ad02b7add541c8a54400cf27ec1b09de3aedb4f
36475797081,1,01-devsecops,AUD-02,devsecops-audit,all_tools,true,alvo1,job,Build (alvo1-juiceshop),,2026-09-28T19:59:06Z,2026-09-28T20:01:43Z,157,success,GitHub Actions 1000000088,7ad02b7add541c8a54400cf27ec1b09de3aedb4f
36475797081,1,01-devsecops,AUD-02,devsecops-audit,all_tools,true,alvo1,step,Build (alvo1-juiceshop),Set up job,2026-09-28T19:59:07Z,2026-09-28T19:59:08Z,1,success,GitHub Actions 1000000088,7ad02b7add541c8a54400cf27ec1b09de3aedb4f
36475797081,1,01-devsecops,AUD-02,devsecops-audit,all_tools,true,alvo1,step,Build (alvo1-juiceshop),Checkout (com submodulos),2026-09-28T19:59:08Z,2026-09-28T19:59:16Z,8,success,GitHub Actions 1000000088,7ad02b7add541c8a54400cf27ec1b09de3aedb4f
36475797081,1,01-devsecops,AUD-02,devsecops-audit,all_tools,true,alvo1,step,Build (alvo1-juiceshop),Carregar perfil do alvo,2026-09-28T19:59:16Z,2026-09-28T19:59:16Z,0,success,GitHub Actions 1000000088,7ad02b7add541c8a54400cf27ec1b09de3aedb4f
36475797081,1,01-devsecops,AUD-02,devsecops-audit,all_tools,true,alvo1,step,Build (alvo1-juiceshop),Instalar Node.js (quando exigido pelo alvo),2026-09-28T19:59:16Z,2026-09-28T19:59:16Z,0,skipped,GitHub Actions 1000000088,7ad02b7add541c8a54400cf27ec1b09de3aedb4f
36475797081,1,01-devsecops,AUD-02,devsecops-audit,all_tools,true,alvo1,step,Build (alvo1-juiceshop),Pre-build da aplicacao (quando exigido pelo alvo),2026-09-28T19:59:16Z,2026-09-28T19:59:16Z,0,skipped,GitHub Actions 1000000088,7ad02b7add541c8a54400cf27ec1b09de3aedb4f
36475797081,1,01-devsecops,AUD-02,devsecops-audit,all_tools,true,alvo1,step,Build (alvo1-juiceshop),Build da imagem Docker,2026-09-28T19:59:16Z,2026-09-28T20:01:30Z,134,success,GitHub Actions 1000000088,7ad02b7add541c8a54400cf27ec1b09de3aedb4f
36475797081,1,01-devsecops,AUD-02,devsecops-audit,all_tools,true,alvo1,step,Build (alvo1-juiceshop),Run actions/upload-artifact@043fb46d1a93c77aae656e7c1c64a875d1fc6a0a,2026-09-28T20:01:30Z,2026-09-28T20:01:41Z,11,success,GitHub Actions 1000000088,7ad02b7add541c8a54400cf27ec1b09de3aedb4f
36475797081,1,01-devsecops,AUD-02,devsecops-audit,all_tools,true,alvo1,step,Build (alvo1-juiceshop),Post Checkout (com submodulos),2026-09-28T20:01:41Z,2026-09-28T20:01:41Z,0,success,GitHub Actions 1000000088,7ad02b7add541c8a54400cf27ec1b09de3aedb4f
36475797081,1,01-devsecops,AUD-02,devsecops-audit,all_tools,true,alvo1,step,Build (alvo1-juiceshop),Complete job,2026-09-28T20:01:41Z,2026-09-28T20:01:41Z,0,success,GitHub Actions 1000000088,7ad02b7add541c8a54400cf27ec1b09de3aedb4f
36475797081,1,01-devsecops,AUD-02,devsecops-audit,all_tools,true,alvo2,job,SCA - Trivy (alvo2-uptimekuma),,2026-09-28T20:02:45Z,2026-09-28T20:04:06Z,81,success,GitHub Actions 1000000096,7ad02b7add541c8a54400cf27ec1b09de3aedb4f
36475797081,1,01-devsecops,AUD-02,devsecops-audit,all_tools,true,alvo2,step,SCA - Trivy (alvo2-uptimekuma),Set up job,2026-09-28T20:02:47Z,2026-09-28T20:02:48Z,1,success,GitHub Actions 1000000096,7ad02b7add541c8a54400cf27ec1b09de3aedb4f
36475797081,1,01-devsecops,AUD-02,devsecops-audit,all_tools,true,alvo2,step,SCA - Trivy (alvo2-uptimekuma),Checkout (com submodulos),2026-09-28T20:02:48Z,2026-09-28T20:02:56Z,8,success,GitHub Actions 1000000096,7ad02b7add541c8a54400cf27ec1b09de3aedb4f
36475797081,1,01-devsecops,AUD-02,devsecops-audit,all_tools,true,alvo2,step,SCA - Trivy (alvo2-uptimekuma),Carregar perfil do alvo,2026-09-28T20:02:56Z,2026-09-28T20:02:56Z,0,success,GitHub Actions 1000000096,7ad02b7add541c8a54400cf27ec1b09de3aedb4f
36475797081,1,01-devsecops,AUD-02,devsecops-audit,all_tools,true,alvo2,step,SCA - Trivy (alvo2-uptimekuma),Baixar imagem construida,2026-09-28T20:02:56Z,2026-09-28T20:03:11Z,15,success,GitHub Actions 1000000096,7ad02b7add541c8a54400cf27ec1b09de3aedb4f
36475797081,1,01-devsecops,AUD-02,devsecops-audit,all_tools,true,alvo2,step,SCA - Trivy (alvo2-uptimekuma),Carregar imagem no Docker,2026-09-28T20:03:11Z,2026-09-28T20:03:38Z,27,success,GitHub Actions 1000000096,7ad02b7add541c8a54400cf27ec1b09de3aedb4f
36475797081,1,01-devsecops,AUD-02,devsecops-audit,all_tools,true,alvo2,step,SCA - Trivy (alvo2-uptimekuma),Instalar Trivy,2026-09-28T20:03:38Z,2026-09-28T20:03:40Z,2,success,GitHub Actions 1000000096,7ad02b7add541c8a54400cf27ec1b09de3aedb4f
36475797081,1,01-devsecops,AUD-02,devsecops-audit,all_tools,true,alvo2,step,SCA - Trivy (alvo2-uptimekuma),"Trivy: vulnerabilidades da imagem (D9, fonte unica de SCA)",2026-09-28T20:03:40Z,2026-09-28T20:04:00Z,20,success,GitHub Actions 1000000096,7ad02b7add541c8a54400cf27ec1b09de3aedb4f
36475797081,1,01-devsecops,AUD-02,devsecops-audit,all_tools,true,alvo2,step,SCA - Trivy (alvo2-uptimekuma),Trivy: segredos no codigo-fonte,2026-09-28T20:04:00Z,2026-09-28T20:04:01Z,1,success,GitHub Actions 1000000096,7ad02b7add541c8a54400cf27ec1b09de3aedb4f
36475797081,1,01-devsecops,AUD-02,devsecops-audit,all_tools,true,alvo2,step,SCA - Trivy (alvo2-uptimekuma),Trivy: IaC (Dockerfile),2026-09-28T20:04:01Z,2026-09-28T20:04:03Z,2,success,GitHub Actions 1000000096,7ad02b7add541c8a54400cf27ec1b09de3aedb4f
36475797081,1,01-devsecops,AUD-02,devsecops-audit,all_tools,true,alvo2,step,SCA - Trivy (alvo2-uptimekuma),Run actions/upload-artifact@043fb46d1a93c77aae656e7c1c64a875d1fc6a0a,2026-09-28T20:04:03Z,2026-09-28T20:04:04Z,1,success,GitHub Actions 1000000096,7ad02b7add541c8a54400cf27ec1b09de3aedb4f
36475797081,1,01-devsecops,AUD-02,devsecops-audit,all_tools,true,alvo2,step,SCA - Trivy (alvo2-uptimekuma),Post Instalar Trivy,2026-09-28T20:04:04Z,2026-09-28T20:04:04Z,0,success,GitHub Actions 1000000096,7ad02b7add541c8a54400cf27ec1b09de3aedb4f
36475797081,1,01-devsecops,AUD-02,devsecops-audit,all_tools,true,alvo2,step,SCA - Trivy (alvo2-uptimekuma),Post Checkout (com submodulos),2026-09-28T20:04:04Z,2026-09-28T20:04:04Z,0,success,GitHub Actions 1000000096,7ad02b7add541c8a54400cf27ec1b09de3aedb4f
36475797081,1,01-devsecops,AUD-02,devsecops-audit,all_tools,true,alvo2,step,SCA - Trivy (alvo2-uptimekuma),Complete job,2026-09-28T20:04:04Z,2026-09-28T20:04:05Z,1,success,GitHub Actions 1000000096,7ad02b7add541c8a54400cf27ec1b09de3aedb4f
36475797081,1,01-devsecops,AUD-02,devsecops-audit,all_tools,true,alvo1,job,SCA - Trivy (alvo1-juiceshop),,2026-09-28T20:02:45Z,2026-09-28T20:03:24Z,39,success,GitHub Actions 1000000097,7ad02b7add541c8a54400cf27ec1b09de3aedb4f
36475797081,1,01-devsecops,AUD-02,devsecops-audit,all_tools,true,alvo1,step,SCA - Trivy (alvo1-juiceshop),Set up job,2026-09-28T20:02:46Z,2026-09-28T20:02:47Z,1,success,GitHub Actions 1000000097,7ad02b7add541c8a54400cf27ec1b09de3aedb4f
36475797081,1,01-devsecops,AUD-02,devsecops-audit,all_tools,true,alvo1,step,SCA - Trivy (alvo1-juiceshop),Checkout (com submodulos),2026-09-28T20:02:47Z,2026-09-28T20:02:53Z,6,success,GitHub Actions 1000000097,7ad02b7add541c8a54400cf27ec1b09de3aedb4f
36475797081,1,01-devsecops,AUD-02,devsecops-audit,all_tools,true,alvo1,step,SCA - Trivy (alvo1-juiceshop),Carregar perfil do alvo,2026-09-28T20:02:53Z,2026-09-28T20:02:53Z,0,success,GitHub Actions 1000000097,7ad02b7add541c8a54400cf27ec1b09de3aedb4f
36475797081,1,01-devsecops,AUD-02,devsecops-audit,all_tools,true,alvo1,step,SCA - Trivy (alvo1-juiceshop),Baixar imagem construida,2026-09-28T20:02:53Z,2026-09-28T20:02:57Z,4,success,GitHub Actions 1000000097,7ad02b7add541c8a54400cf27ec1b09de3aedb4f
36475797081,1,01-devsecops,AUD-02,devsecops-audit,all_tools,true,alvo1,step,SCA - Trivy (alvo1-juiceshop),Carregar imagem no Docker,2026-09-28T20:02:57Z,2026-09-28T20:03:07Z,10,success,GitHub Actions 1000000097,7ad02b7add541c8a54400cf27ec1b09de3aedb4f
36475797081,1,01-devsecops,AUD-02,devsecops-audit,all_tools,true,alvo1,step,SCA - Trivy (alvo1-juiceshop),Instalar Trivy,2026-09-28T20:03:07Z,2026-09-28T20:03:08Z,1,success,GitHub Actions 1000000097,7ad02b7add541c8a54400cf27ec1b09de3aedb4f
36475797081,1,01-devsecops,AUD-02,devsecops-audit,all_tools,true,alvo1,step,SCA - Trivy (alvo1-juiceshop),"Trivy: vulnerabilidades da imagem (D9, fonte unica de SCA)",2026-09-28T20:03:08Z,2026-09-28T20:03:19Z,11,success,GitHub Actions 1000000097,7ad02b7add541c8a54400cf27ec1b09de3aedb4f
36475797081,1,01-devsecops,AUD-02,devsecops-audit,all_tools,true,alvo1,step,SCA - Trivy (alvo1-juiceshop),Trivy: segredos no codigo-fonte,2026-09-28T20:03:19Z,2026-09-28T20:03:20Z,1,success,GitHub Actions 1000000097,7ad02b7add541c8a54400cf27ec1b09de3aedb4f
36475797081,1,01-devsecops,AUD-02,devsecops-audit,all_tools,true,alvo1,step,SCA - Trivy (alvo1-juiceshop),Trivy: IaC (Dockerfile),2026-09-28T20:03:20Z,2026-09-28T20:03:21Z,1,success,GitHub Actions 1000000097,7ad02b7add541c8a54400cf27ec1b09de3aedb4f
36475797081,1,01-devsecops,AUD-02,devsecops-audit,all_tools,true,alvo1,step,SCA - Trivy (alvo1-juiceshop),Run actions/upload-artifact@043fb46d1a93c77aae656e7c1c64a875d1fc6a0a,2026-09-28T20:03:21Z,2026-09-28T20:03:22Z,1,success,GitHub Actions 1000000097,7ad02b7add541c8a54400cf27ec1b09de3aedb4f
36475797081,1,01-devsecops,AUD-02,devsecops-audit,all_tools,true,alvo1,step,SCA - Trivy (alvo1-juiceshop),Post Instalar Trivy,2026-09-28T20:03:22Z,2026-09-28T20:03:22Z,0,success,GitHub Actions 1000000097,7ad02b7add541c8a54400cf27ec1b09de3aedb4f
36475797081,1,01-devsecops,AUD-02,devsecops-audit,all_tools,true,alvo1,step,SCA - Trivy (alvo1-juiceshop),Post Checkout (com submodulos),2026-09-28T20:03:22Z,2026-09-28T20:03:22Z,0,success,GitHub Actions 1000000097,7ad02b7add541c8a54400cf27ec1b09de3aedb4f
36475797081,1,01-devsecops,AUD-02,devsecops-audit,all_tools,true,alvo1,step,SCA - Trivy (alvo1-juiceshop),Complete job,2026-09-28T20:03:22Z,2026-09-28T20:03:22Z,0,success,GitHub Actions 1000000097,7ad02b7add541c8a54400cf27ec1b09de3aedb4f
36475797081,1,01-devsecops,AUD-02,devsecops-audit,all_tools,true,alvo2,job,Quality Gate (alvo2-uptimekuma),,2026-09-28T20:04:09Z,2026-09-28T20:04:21Z,12,success,GitHub Actions 1000000104,7ad02b7add541c8a54400cf27ec1b09de3aedb4f
36475797081,1,01-devsecops,AUD-02,devsecops-audit,all_tools,true,alvo2,step,Quality Gate (alvo2-uptimekuma),Set up job,2026-09-28T20:04:10Z,2026-09-28T20:04:11Z,1,success,GitHub Actions 1000000104,7ad02b7add541c8a54400cf27ec1b09de3aedb4f
36475797081,1,01-devsecops,AUD-02,devsecops-audit,all_tools,true,alvo2,step,Quality Gate (alvo2-uptimekuma),Checkout,2026-09-28T20:04:11Z,2026-09-28T20:04:12Z,1,success,GitHub Actions 1000000104,7ad02b7add541c8a54400cf27ec1b09de3aedb4f
36475797081,1,01-devsecops,AUD-02,devsecops-audit,all_tools,true,alvo2,step,Quality Gate (alvo2-uptimekuma),Carregar perfil do alvo,2026-09-28T20:04:12Z,2026-09-28T20:04:12Z,0,success,GitHub Actions 1000000104,7ad02b7add541c8a54400cf27ec1b09de3aedb4f
36475797081,1,01-devsecops,AUD-02,devsecops-audit,all_tools,true,alvo2,step,Quality Gate (alvo2-uptimekuma),Baixar achados de SAST,2026-09-28T20:04:12Z,2026-09-28T20:04:14Z,2,success,GitHub Actions 1000000104,7ad02b7add541c8a54400cf27ec1b09de3aedb4f
36475797081,1,01-devsecops,AUD-02,devsecops-audit,all_tools,true,alvo2,step,Quality Gate (alvo2-uptimekuma),Baixar achados de SCA,2026-09-28T20:04:14Z,2026-09-28T20:04:16Z,2,success,GitHub Actions 1000000104,7ad02b7add541c8a54400cf27ec1b09de3aedb4f
36475797081,1,01-devsecops,AUD-02,devsecops-audit,all_tools,true,alvo2,step,Quality Gate (alvo2-uptimekuma),Instalar dependencias do script,2026-09-28T20:04:16Z,2026-09-28T20:04:17Z,1,success,GitHub Actions 1000000104,7ad02b7add541c8a54400cf27ec1b09de3aedb4f
36475797081,1,01-devsecops,AUD-02,devsecops-audit,all_tools,true,alvo2,step,Quality Gate (alvo2-uptimekuma),Avaliar Quality Gate,2026-09-28T20:04:17Z,2026-09-28T20:04:17Z,0,success,GitHub Actions 1000000104,7ad02b7add541c8a54400cf27ec1b09de3aedb4f
36475797081,1,01-devsecops,AUD-02,devsecops-audit,all_tools,true,alvo2,step,Quality Gate (alvo2-uptimekuma),Run actions/upload-artifact@043fb46d1a93c77aae656e7c1c64a875d1fc6a0a,2026-09-28T20:04:17Z,2026-09-28T20:04:19Z,2,success,GitHub Actions 1000000104,7ad02b7add541c8a54400cf27ec1b09de3aedb4f
36475797081,1,01-devsecops,AUD-02,devsecops-audit,all_tools,true,alvo2,step,Quality Gate (alvo2-uptimekuma),Post Checkout,2026-09-28T20:04:19Z,2026-09-28T20:04:19Z,0,success,GitHub Actions 1000000104,7ad02b7add541c8a54400cf27ec1b09de3aedb4f
36475797081,1,01-devsecops,AUD-02,devsecops-audit,all_tools,true,alvo2,step,Quality Gate (alvo2-uptimekuma),Complete job,2026-09-28T20:04:19Z,2026-09-28T20:04:19Z,0,success,GitHub Actions 1000000104,7ad02b7add541c8a54400cf27ec1b09de3aedb4f
36475797081,1,01-devsecops,AUD-02,devsecops-audit,all_tools,true,alvo1,job,Quality Gate (alvo1-juiceshop),,2026-09-28T20:04:09Z,2026-09-28T20:04:24Z,15,success,GitHub Actions 1000000105,7ad02b7add541c8a54400cf27ec1b09de3aedb4f
36475797081,1,01-devsecops,AUD-02,devsecops-audit,all_tools,true,alvo1,step,Quality Gate (alvo1-juiceshop),Set up job,2026-09-28T20:04:09Z,2026-09-28T20:04:11Z,2,success,GitHub Actions 1000000105,7ad02b7add541c8a54400cf27ec1b09de3aedb4f
36475797081,1,01-devsecops,AUD-02,devsecops-audit,all_tools,true,alvo1,step,Quality Gate (alvo1-juiceshop),Checkout,2026-09-28T20:04:11Z,2026-09-28T20:04:13Z,2,success,GitHub Actions 1000000105,7ad02b7add541c8a54400cf27ec1b09de3aedb4f
36475797081,1,01-devsecops,AUD-02,devsecops-audit,all_tools,true,alvo1,step,Quality Gate (alvo1-juiceshop),Carregar perfil do alvo,2026-09-28T20:04:13Z,2026-09-28T20:04:13Z,0,success,GitHub Actions 1000000105,7ad02b7add541c8a54400cf27ec1b09de3aedb4f
36475797081,1,01-devsecops,AUD-02,devsecops-audit,all_tools,true,alvo1,step,Quality Gate (alvo1-juiceshop),Baixar achados de SAST,2026-09-28T20:04:13Z,2026-09-28T20:04:14Z,1,success,GitHub Actions 1000000105,7ad02b7add541c8a54400cf27ec1b09de3aedb4f
36475797081,1,01-devsecops,AUD-02,devsecops-audit,all_tools,true,alvo1,step,Quality Gate (alvo1-juiceshop),Baixar achados de SCA,2026-09-28T20:04:14Z,2026-09-28T20:04:15Z,1,success,GitHub Actions 1000000105,7ad02b7add541c8a54400cf27ec1b09de3aedb4f
36475797081,1,01-devsecops,AUD-02,devsecops-audit,all_tools,true,alvo1,step,Quality Gate (alvo1-juiceshop),Instalar dependencias do script,2026-09-28T20:04:15Z,2026-09-28T20:04:21Z,6,success,GitHub Actions 1000000105,7ad02b7add541c8a54400cf27ec1b09de3aedb4f
36475797081,1,01-devsecops,AUD-02,devsecops-audit,all_tools,true,alvo1,step,Quality Gate (alvo1-juiceshop),Avaliar Quality Gate,2026-09-28T20:04:21Z,2026-09-28T20:04:21Z,0,success,GitHub Actions 1000000105,7ad02b7add541c8a54400cf27ec1b09de3aedb4f
36475797081,1,01-devsecops,AUD-02,devsecops-audit,all_tools,true,alvo1,step,Quality Gate (alvo1-juiceshop),Run actions/upload-artifact@043fb46d1a93c77aae656e7c1c64a875d1fc6a0a,2026-09-28T20:04:21Z,2026-09-28T20:04:22Z,1,success,GitHub Actions 1000000105,7ad02b7add541c8a54400cf27ec1b09de3aedb4f
36475797081,1,01-devsecops,AUD-02,devsecops-audit,all_tools,true,alvo1,step,Quality Gate (alvo1-juiceshop),Post Checkout,2026-09-28T20:04:22Z,2026-09-28T20:04:22Z,0,success,GitHub Actions 1000000105,7ad02b7add541c8a54400cf27ec1b09de3aedb4f
36475797081,1,01-devsecops,AUD-02,devsecops-audit,all_tools,true,alvo1,step,Quality Gate (alvo1-juiceshop),Complete job,2026-09-28T20:04:22Z,2026-09-28T20:04:22Z,0,success,GitHub Actions 1000000105,7ad02b7add541c8a54400cf27ec1b09de3aedb4f
36475797081,1,01-devsecops,AUD-02,devsecops-audit,all_tools,true,alvo2,job,Staging + DAST - OWASP ZAP (alvo2-uptimekuma),,2026-09-28T20:04:27Z,2026-09-28T20:09:53Z,326,success,GitHub Actions 1000000106,7ad02b7add541c8a54400cf27ec1b09de3aedb4f
36475797081,1,01-devsecops,AUD-02,devsecops-audit,all_tools,true,alvo2,step,Staging + DAST - OWASP ZAP (alvo2-uptimekuma),Set up job,2026-09-28T20:04:28Z,2026-09-28T20:04:31Z,3,success,GitHub Actions 1000000106,7ad02b7add541c8a54400cf27ec1b09de3aedb4f
36475797081,1,01-devsecops,AUD-02,devsecops-audit,all_tools,true,alvo2,step,Staging + DAST - OWASP ZAP (alvo2-uptimekuma),Checkout,2026-09-28T20:04:31Z,2026-09-28T20:04:33Z,2,success,GitHub Actions 1000000106,7ad02b7add541c8a54400cf27ec1b09de3aedb4f
36475797081,1,01-devsecops,AUD-02,devsecops-audit,all_tools,true,alvo2,step,Staging + DAST - OWASP ZAP (alvo2-uptimekuma),Carregar perfil do alvo,2026-09-28T20:04:33Z,2026-09-28T20:04:33Z,0,success,GitHub Actions 1000000106,7ad02b7add541c8a54400cf27ec1b09de3aedb4f
36475797081,1,01-devsecops,AUD-02,devsecops-audit,all_tools,true,alvo2,step,Staging + DAST - OWASP ZAP (alvo2-uptimekuma),Baixar imagem construida,2026-09-28T20:04:33Z,2026-09-28T20:04:53Z,20,success,GitHub Actions 1000000106,7ad02b7add541c8a54400cf27ec1b09de3aedb4f
36475797081,1,01-devsecops,AUD-02,devsecops-audit,all_tools,true,alvo2,step,Staging + DAST - OWASP ZAP (alvo2-uptimekuma),Carregar imagem no Docker,2026-09-28T20:04:53Z,2026-09-28T20:05:20Z,27,success,GitHub Actions 1000000106,7ad02b7add541c8a54400cf27ec1b09de3aedb4f
36475797081,1,01-devsecops,AUD-02,devsecops-audit,all_tools,true,alvo2,step,Staging + DAST - OWASP ZAP (alvo2-uptimekuma),Staging (subir aplicacao e aguardar health check),2026-09-28T20:05:20Z,2026-09-28T20:05:23Z,3,success,GitHub Actions 1000000106,7ad02b7add541c8a54400cf27ec1b09de3aedb4f
36475797081,1,01-devsecops,AUD-02,devsecops-audit,all_tools,true,alvo2,step,Staging + DAST - OWASP ZAP (alvo2-uptimekuma),Montar opcoes do ZAP,2026-09-28T20:05:23Z,2026-09-28T20:05:23Z,0,success,GitHub Actions 1000000106,7ad02b7add541c8a54400cf27ec1b09de3aedb4f
36475797081,1,01-devsecops,AUD-02,devsecops-audit,all_tools,true,alvo2,step,Staging + DAST - OWASP ZAP (alvo2-uptimekuma),OWASP ZAP: full scan,2026-09-28T20:05:23Z,2026-09-28T20:09:44Z,261,success,GitHub Actions 1000000106,7ad02b7add541c8a54400cf27ec1b09de3aedb4f
36475797081,1,01-devsecops,AUD-02,devsecops-audit,all_tools,true,alvo2,step,Staging + DAST - OWASP ZAP (alvo2-uptimekuma),Verificar que o alvo sobreviveu ao DAST,2026-09-28T20:09:44Z,2026-09-28T20:09:44Z,0,success,GitHub Actions 1000000106,7ad02b7add541c8a54400cf27ec1b09de3aedb4f
36475797081,1,01-devsecops,AUD-02,devsecops-audit,all_tools,true,alvo2,step,Staging + DAST - OWASP ZAP (alvo2-uptimekuma),Verificar que o ZAP produziu relatorio,2026-09-28T20:09:44Z,2026-09-28T20:09:44Z,0,success,GitHub Actions 1000000106,7ad02b7add541c8a54400cf27ec1b09de3aedb4f
36475797081,1,01-devsecops,AUD-02,devsecops-audit,all_tools,true,alvo2,step,Staging + DAST - OWASP ZAP (alvo2-uptimekuma),Logs da aplicacao,2026-09-28T20:09:44Z,2026-09-28T20:09:44Z,0,success,GitHub Actions 1000000106,7ad02b7add541c8a54400cf27ec1b09de3aedb4f
36475797081,1,01-devsecops,AUD-02,devsecops-audit,all_tools,true,alvo2,step,Staging + DAST - OWASP ZAP (alvo2-uptimekuma),Encerrar container,2026-09-28T20:09:44Z,2026-09-28T20:09:44Z,0,success,GitHub Actions 1000000106,7ad02b7add541c8a54400cf27ec1b09de3aedb4f
36475797081,1,01-devsecops,AUD-02,devsecops-audit,all_tools,true,alvo2,step,Staging + DAST - OWASP ZAP (alvo2-uptimekuma),Run actions/upload-artifact@043fb46d1a93c77aae656e7c1c64a875d1fc6a0a,2026-09-28T20:09:44Z,2026-09-28T20:09:45Z,1,success,GitHub Actions 1000000106,7ad02b7add541c8a54400cf27ec1b09de3aedb4f
36475797081,1,01-devsecops,AUD-02,devsecops-audit,all_tools,true,alvo2,step,Staging + DAST - OWASP ZAP (alvo2-uptimekuma),Baixar achados de SAST e SCA (gate pos-DAST),2026-09-28T20:09:45Z,2026-09-28T20:09:47Z,2,success,GitHub Actions 1000000106,7ad02b7add541c8a54400cf27ec1b09de3aedb4f
36475797081,1,01-devsecops,AUD-02,devsecops-audit,all_tools,true,alvo2,step,Staging + DAST - OWASP ZAP (alvo2-uptimekuma),Quality Gate pos-DAST (escopo all_tools),2026-09-28T20:09:47Z,2026-09-28T20:09:49Z,2,success,GitHub Actions 1000000106,7ad02b7add541c8a54400cf27ec1b09de3aedb4f
36475797081,1,01-devsecops,AUD-02,devsecops-audit,all_tools,true,alvo2,step,Staging + DAST - OWASP ZAP (alvo2-uptimekuma),Run actions/upload-artifact@043fb46d1a93c77aae656e7c1c64a875d1fc6a0a,2026-09-28T20:09:49Z,2026-09-28T20:09:50Z,1,success,GitHub Actions 1000000106,7ad02b7add541c8a54400cf27ec1b09de3aedb4f
36475797081,1,01-devsecops,AUD-02,devsecops-audit,all_tools,true,alvo2,step,Staging + DAST - OWASP ZAP (alvo2-uptimekuma),Post Checkout,2026-09-28T20:09:50Z,2026-09-28T20:09:50Z,0,success,GitHub Actions 1000000106,7ad02b7add541c8a54400cf27ec1b09de3aedb4f
36475797081,1,01-devsecops,AUD-02,devsecops-audit,all_tools,true,alvo2,step,Staging + DAST - OWASP ZAP (alvo2-uptimekuma),Complete job,2026-09-28T20:09:50Z,2026-09-28T20:09:50Z,0,success,GitHub Actions 1000000106,7ad02b7add541c8a54400cf27ec1b09de3aedb4f
36475797081,1,01-devsecops,AUD-02,devsecops-audit,all_tools,true,alvo1,job,Staging + DAST - OWASP ZAP (alvo1-juiceshop),,2026-09-28T20:04:27Z,2026-09-28T20:59:49Z,3322,success,GitHub Actions 1000000107,7ad02b7add541c8a54400cf27ec1b09de3aedb4f
36475797081,1,01-devsecops,AUD-02,devsecops-audit,all_tools,true,alvo1,step,Staging + DAST - OWASP ZAP (alvo1-juiceshop),Set up job,2026-09-28T20:04:28Z,2026-09-28T20:04:29Z,1,success,GitHub Actions 1000000107,7ad02b7add541c8a54400cf27ec1b09de3aedb4f
36475797081,1,01-devsecops,AUD-02,devsecops-audit,all_tools,true,alvo1,step,Staging + DAST - OWASP ZAP (alvo1-juiceshop),Checkout,2026-09-28T20:04:29Z,2026-09-28T20:04:30Z,1,success,GitHub Actions 1000000107,7ad02b7add541c8a54400cf27ec1b09de3aedb4f
36475797081,1,01-devsecops,AUD-02,devsecops-audit,all_tools,true,alvo1,step,Staging + DAST - OWASP ZAP (alvo1-juiceshop),Carregar perfil do alvo,2026-09-28T20:04:30Z,2026-09-28T20:04:30Z,0,success,GitHub Actions 1000000107,7ad02b7add541c8a54400cf27ec1b09de3aedb4f
36475797081,1,01-devsecops,AUD-02,devsecops-audit,all_tools,true,alvo1,step,Staging + DAST - OWASP ZAP (alvo1-juiceshop),Baixar imagem construida,2026-09-28T20:04:30Z,2026-09-28T20:04:33Z,3,success,GitHub Actions 1000000107,7ad02b7add541c8a54400cf27ec1b09de3aedb4f
36475797081,1,01-devsecops,AUD-02,devsecops-audit,all_tools,true,alvo1,step,Staging + DAST - OWASP ZAP (alvo1-juiceshop),Carregar imagem no Docker,2026-09-28T20:04:33Z,2026-09-28T20:04:44Z,11,success,GitHub Actions 1000000107,7ad02b7add541c8a54400cf27ec1b09de3aedb4f
36475797081,1,01-devsecops,AUD-02,devsecops-audit,all_tools,true,alvo1,step,Staging + DAST - OWASP ZAP (alvo1-juiceshop),Staging (subir aplicacao e aguardar health check),2026-09-28T20:04:44Z,2026-09-28T20:04:46Z,2,success,GitHub Actions 1000000107,7ad02b7add541c8a54400cf27ec1b09de3aedb4f
36475797081,1,01-devsecops,AUD-02,devsecops-audit,all_tools,true,alvo1,step,Staging + DAST - OWASP ZAP (alvo1-juiceshop),Montar opcoes do ZAP,2026-09-28T20:04:46Z,2026-09-28T20:04:46Z,0,success,GitHub Actions 1000000107,7ad02b7add541c8a54400cf27ec1b09de3aedb4f
36475797081,1,01-devsecops,AUD-02,devsecops-audit,all_tools,true,alvo1,step,Staging + DAST - OWASP ZAP (alvo1-juiceshop),OWASP ZAP: full scan,2026-09-28T20:04:46Z,2026-09-28T20:59:43Z,3297,success,GitHub Actions 1000000107,7ad02b7add541c8a54400cf27ec1b09de3aedb4f
36475797081,1,01-devsecops,AUD-02,devsecops-audit,all_tools,true,alvo1,step,Staging + DAST - OWASP ZAP (alvo1-juiceshop),Verificar que o alvo sobreviveu ao DAST,2026-09-28T20:59:43Z,2026-09-28T20:59:43Z,0,success,GitHub Actions 1000000107,7ad02b7add541c8a54400cf27ec1b09de3aedb4f
36475797081,1,01-devsecops,AUD-02,devsecops-audit,all_tools,true,alvo1,step,Staging + DAST - OWASP ZAP (alvo1-juiceshop),Verificar que o ZAP produziu relatorio,2026-09-28T20:59:43Z,2026-09-28T20:59:43Z,0,success,GitHub Actions 1000000107,7ad02b7add541c8a54400cf27ec1b09de3aedb4f
36475797081,1,01-devsecops,AUD-02,devsecops-audit,all_tools,true,alvo1,step,Staging + DAST - OWASP ZAP (alvo1-juiceshop),Logs da aplicacao,2026-09-28T20:59:43Z,2026-09-28T20:59:43Z,0,success,GitHub Actions 1000000107,7ad02b7add541c8a54400cf27ec1b09de3aedb4f
36475797081,1,01-devsecops,AUD-02,devsecops-audit,all_tools,true,alvo1,step,Staging + DAST - OWASP ZAP (alvo1-juiceshop),Encerrar container,2026-09-28T20:59:43Z,2026-09-28T20:59:43Z,0,success,GitHub Actions 1000000107,7ad02b7add541c8a54400cf27ec1b09de3aedb4f
36475797081,1,01-devsecops,AUD-02,devsecops-audit,all_tools,true,alvo1,step,Staging + DAST - OWASP ZAP (alvo1-juiceshop),Run actions/upload-artifact@043fb46d1a93c77aae656e7c1c64a875d1fc6a0a,2026-09-28T20:59:43Z,2026-09-28T20:59:44Z,1,success,GitHub Actions 1000000107,7ad02b7add541c8a54400cf27ec1b09de3aedb4f
36475797081,1,01-devsecops,AUD-02,devsecops-audit,all_tools,true,alvo1,step,Staging + DAST - OWASP ZAP (alvo1-juiceshop),Baixar achados de SAST e SCA (gate pos-DAST),2026-09-28T20:59:44Z,2026-09-28T20:59:45Z,1,success,GitHub Actions 1000000107,7ad02b7add541c8a54400cf27ec1b09de3aedb4f
36475797081,1,01-devsecops,AUD-02,devsecops-audit,all_tools,true,alvo1,step,Staging + DAST - OWASP ZAP (alvo1-juiceshop),Quality Gate pos-DAST (escopo all_tools),2026-09-28T20:59:45Z,2026-09-28T20:59:47Z,2,success,GitHub Actions 1000000107,7ad02b7add541c8a54400cf27ec1b09de3aedb4f
36475797081,1,01-devsecops,AUD-02,devsecops-audit,all_tools,true,alvo1,step,Staging + DAST - OWASP ZAP (alvo1-juiceshop),Run actions/upload-artifact@043fb46d1a93c77aae656e7c1c64a875d1fc6a0a,2026-09-28T20:59:47Z,2026-09-28T20:59:48Z,1,success,GitHub Actions 1000000107,7ad02b7add541c8a54400cf27ec1b09de3aedb4f
36475797081,1,01-devsecops,AUD-02,devsecops-audit,all_tools,true,alvo1,step,Staging + DAST - OWASP ZAP (alvo1-juiceshop),Post Checkout,2026-09-28T20:59:48Z,2026-09-28T20:59:48Z,0,success,GitHub Actions 1000000107,7ad02b7add541c8a54400cf27ec1b09de3aedb4f
36475797081,1,01-devsecops,AUD-02,devsecops-audit,all_tools,true,alvo1,step,Staging + DAST - OWASP ZAP (alvo1-juiceshop),Complete job,2026-09-28T20:59:48Z,2026-09-28T20:59:48Z,0,success,GitHub Actions 1000000107,7ad02b7add541c8a54400cf27ec1b09de3aedb4f
36476314826,1,01-devsecops,ENF-01,devsecops-enforce,sca_only,true,alvo2,job,SAST - Semgrep (alvo2-uptimekuma),,2026-09-28T20:01:57Z,2026-09-28T20:02:54Z,57,success,GitHub Actions 1000000090,7ad02b7add541c8a54400cf27ec1b09de3aedb4f
36476314826,1,01-devsecops,ENF-01,devsecops-enforce,sca_only,true,alvo2,step,SAST - Semgrep (alvo2-uptimekuma),Set up job,2026-09-28T20:01:58Z,2026-09-28T20:01:59Z,1,success,GitHub Actions 1000000090,7ad02b7add541c8a54400cf27ec1b09de3aedb4f
36476314826,1,01-devsecops,ENF-01,devsecops-enforce,sca_only,true,alvo2,step,SAST - Semgrep (alvo2-uptimekuma),Initialize containers,2026-09-28T20:01:59Z,2026-09-28T20:02:12Z,13,success,GitHub Actions 1000000090,7ad02b7add541c8a54400cf27ec1b09de3aedb4f
36476314826,1,01-devsecops,ENF-01,devsecops-enforce,sca_only,true,alvo2,step,SAST - Semgrep (alvo2-uptimekuma),Checkout (com submodulos),2026-09-28T20:02:12Z,2026-09-28T20:02:19Z,7,success,GitHub Actions 1000000090,7ad02b7add541c8a54400cf27ec1b09de3aedb4f
36476314826,1,01-devsecops,ENF-01,devsecops-enforce,sca_only,true,alvo2,step,SAST - Semgrep (alvo2-uptimekuma),Carregar perfil do alvo,2026-09-28T20:02:19Z,2026-09-28T20:02:19Z,0,success,GitHub Actions 1000000090,7ad02b7add541c8a54400cf27ec1b09de3aedb4f
36476314826,1,01-devsecops,ENF-01,devsecops-enforce,sca_only,true,alvo2,step,SAST - Semgrep (alvo2-uptimekuma),Semgrep scan,2026-09-28T20:02:19Z,2026-09-28T20:02:50Z,31,success,GitHub Actions 1000000090,7ad02b7add541c8a54400cf27ec1b09de3aedb4f
36476314826,1,01-devsecops,ENF-01,devsecops-enforce,sca_only,true,alvo2,step,SAST - Semgrep (alvo2-uptimekuma),Run actions/upload-artifact@043fb46d1a93c77aae656e7c1c64a875d1fc6a0a,2026-09-28T20:02:50Z,2026-09-28T20:02:52Z,2,success,GitHub Actions 1000000090,7ad02b7add541c8a54400cf27ec1b09de3aedb4f
36476314826,1,01-devsecops,ENF-01,devsecops-enforce,sca_only,true,alvo2,step,SAST - Semgrep (alvo2-uptimekuma),Post Checkout (com submodulos),2026-09-28T20:02:52Z,2026-09-28T20:02:52Z,0,success,GitHub Actions 1000000090,7ad02b7add541c8a54400cf27ec1b09de3aedb4f
36476314826,1,01-devsecops,ENF-01,devsecops-enforce,sca_only,true,alvo2,step,SAST - Semgrep (alvo2-uptimekuma),Stop containers,2026-09-28T20:02:52Z,2026-09-28T20:02:52Z,0,success,GitHub Actions 1000000090,7ad02b7add541c8a54400cf27ec1b09de3aedb4f
36476314826,1,01-devsecops,ENF-01,devsecops-enforce,sca_only,true,alvo2,step,SAST - Semgrep (alvo2-uptimekuma),Complete job,2026-09-28T20:02:52Z,2026-09-28T20:02:52Z,0,success,GitHub Actions 1000000090,7ad02b7add541c8a54400cf27ec1b09de3aedb4f
36476314826,1,01-devsecops,ENF-01,devsecops-enforce,sca_only,true,alvo1,job,SAST - Semgrep (alvo1-juiceshop),,2026-09-28T20:01:56Z,2026-09-28T20:03:33Z,97,success,GitHub Actions 1000000091,7ad02b7add541c8a54400cf27ec1b09de3aedb4f
36476314826,1,01-devsecops,ENF-01,devsecops-enforce,sca_only,true,alvo1,step,SAST - Semgrep (alvo1-juiceshop),Set up job,2026-09-28T20:01:57Z,2026-09-28T20:01:58Z,1,success,GitHub Actions 1000000091,7ad02b7add541c8a54400cf27ec1b09de3aedb4f
36476314826,1,01-devsecops,ENF-01,devsecops-enforce,sca_only,true,alvo1,step,SAST - Semgrep (alvo1-juiceshop),Initialize containers,2026-09-28T20:01:58Z,2026-09-28T20:02:12Z,14,success,GitHub Actions 1000000091,7ad02b7add541c8a54400cf27ec1b09de3aedb4f
36476314826,1,01-devsecops,ENF-01,devsecops-enforce,sca_only,true,alvo1,step,SAST - Semgrep (alvo1-juiceshop),Checkout (com submodulos),2026-09-28T20:02:12Z,2026-09-28T20:02:17Z,5,success,GitHub Actions 1000000091,7ad02b7add541c8a54400cf27ec1b09de3aedb4f
36476314826,1,01-devsecops,ENF-01,devsecops-enforce,sca_only,true,alvo1,step,SAST - Semgrep (alvo1-juiceshop),Carregar perfil do alvo,2026-09-28T20:02:17Z,2026-09-28T20:02:17Z,0,success,GitHub Actions 1000000091,7ad02b7add541c8a54400cf27ec1b09de3aedb4f
36476314826,1,01-devsecops,ENF-01,devsecops-enforce,sca_only,true,alvo1,step,SAST - Semgrep (alvo1-juiceshop),Semgrep scan,2026-09-28T20:02:17Z,2026-09-28T20:03:28Z,71,success,GitHub Actions 1000000091,7ad02b7add541c8a54400cf27ec1b09de3aedb4f
36476314826,1,01-devsecops,ENF-01,devsecops-enforce,sca_only,true,alvo1,step,SAST - Semgrep (alvo1-juiceshop),Run actions/upload-artifact@043fb46d1a93c77aae656e7c1c64a875d1fc6a0a,2026-09-28T20:03:28Z,2026-09-28T20:03:30Z,2,success,GitHub Actions 1000000091,7ad02b7add541c8a54400cf27ec1b09de3aedb4f
36476314826,1,01-devsecops,ENF-01,devsecops-enforce,sca_only,true,alvo1,step,SAST - Semgrep (alvo1-juiceshop),Post Checkout (com submodulos),2026-09-28T20:03:30Z,2026-09-28T20:03:30Z,0,success,GitHub Actions 1000000091,7ad02b7add541c8a54400cf27ec1b09de3aedb4f
36476314826,1,01-devsecops,ENF-01,devsecops-enforce,sca_only,true,alvo1,step,SAST - Semgrep (alvo1-juiceshop),Stop containers,2026-09-28T20:03:30Z,2026-09-28T20:03:30Z,0,success,GitHub Actions 1000000091,7ad02b7add541c8a54400cf27ec1b09de3aedb4f
36476314826,1,01-devsecops,ENF-01,devsecops-enforce,sca_only,true,alvo1,step,SAST - Semgrep (alvo1-juiceshop),Complete job,2026-09-28T20:03:30Z,2026-09-28T20:03:30Z,0,success,GitHub Actions 1000000091,7ad02b7add541c8a54400cf27ec1b09de3aedb4f
36476314826,1,01-devsecops,ENF-01,devsecops-enforce,sca_only,true,alvo2,job,Build (alvo2-uptimekuma),,2026-09-28T20:03:36Z,2026-09-28T20:07:23Z,227,success,GitHub Actions 1000000098,7ad02b7add541c8a54400cf27ec1b09de3aedb4f
36476314826,1,01-devsecops,ENF-01,devsecops-enforce,sca_only,true,alvo2,step,Build (alvo2-uptimekuma),Set up job,2026-09-28T20:03:36Z,2026-09-28T20:03:37Z,1,success,GitHub Actions 1000000098,7ad02b7add541c8a54400cf27ec1b09de3aedb4f
36476314826,1,01-devsecops,ENF-01,devsecops-enforce,sca_only,true,alvo2,step,Build (alvo2-uptimekuma),Checkout (com submodulos),2026-09-28T20:03:37Z,2026-09-28T20:03:44Z,7,success,GitHub Actions 1000000098,7ad02b7add541c8a54400cf27ec1b09de3aedb4f
36476314826,1,01-devsecops,ENF-01,devsecops-enforce,sca_only,true,alvo2,step,Build (alvo2-uptimekuma),Carregar perfil do alvo,2026-09-28T20:03:44Z,2026-09-28T20:03:44Z,0,success,GitHub Actions 1000000098,7ad02b7add541c8a54400cf27ec1b09de3aedb4f
36476314826,1,01-devsecops,ENF-01,devsecops-enforce,sca_only,true,alvo2,step,Build (alvo2-uptimekuma),Instalar Node.js (quando exigido pelo alvo),2026-09-28T20:03:44Z,2026-09-28T20:03:48Z,4,success,GitHub Actions 1000000098,7ad02b7add541c8a54400cf27ec1b09de3aedb4f
36476314826,1,01-devsecops,ENF-01,devsecops-enforce,sca_only,true,alvo2,step,Build (alvo2-uptimekuma),Pre-build da aplicacao (quando exigido pelo alvo),2026-09-28T20:03:48Z,2026-09-28T20:05:41Z,113,success,GitHub Actions 1000000098,7ad02b7add541c8a54400cf27ec1b09de3aedb4f
36476314826,1,01-devsecops,ENF-01,devsecops-enforce,sca_only,true,alvo2,step,Build (alvo2-uptimekuma),Build da imagem Docker,2026-09-28T20:05:41Z,2026-09-28T20:06:33Z,52,success,GitHub Actions 1000000098,7ad02b7add541c8a54400cf27ec1b09de3aedb4f
36476314826,1,01-devsecops,ENF-01,devsecops-enforce,sca_only,true,alvo2,step,Build (alvo2-uptimekuma),Run actions/upload-artifact@043fb46d1a93c77aae656e7c1c64a875d1fc6a0a,2026-09-28T20:06:33Z,2026-09-28T20:07:22Z,49,success,GitHub Actions 1000000098,7ad02b7add541c8a54400cf27ec1b09de3aedb4f
36476314826,1,01-devsecops,ENF-01,devsecops-enforce,sca_only,true,alvo2,step,Build (alvo2-uptimekuma),Post Instalar Node.js (quando exigido pelo alvo),2026-09-28T20:07:22Z,2026-09-28T20:07:22Z,0,success,GitHub Actions 1000000098,7ad02b7add541c8a54400cf27ec1b09de3aedb4f
36476314826,1,01-devsecops,ENF-01,devsecops-enforce,sca_only,true,alvo2,step,Build (alvo2-uptimekuma),Post Checkout (com submodulos),2026-09-28T20:07:22Z,2026-09-28T20:07:22Z,0,success,GitHub Actions 1000000098,7ad02b7add541c8a54400cf27ec1b09de3aedb4f
36476314826,1,01-devsecops,ENF-01,devsecops-enforce,sca_only,true,alvo2,step,Build (alvo2-uptimekuma),Complete job,2026-09-28T20:07:22Z,2026-09-28T20:07:22Z,0,success,GitHub Actions 1000000098,7ad02b7add541c8a54400cf27ec1b09de3aedb4f
36476314826,1,01-devsecops,ENF-01,devsecops-enforce,sca_only,true,alvo1,job,Build (alvo1-juiceshop),,2026-09-28T20:03:36Z,2026-09-28T20:06:02Z,146,success,GitHub Actions 1000000099,7ad02b7add541c8a54400cf27ec1b09de3aedb4f
36476314826,1,01-devsecops,ENF-01,devsecops-enforce,sca_only,true,alvo1,step,Build (alvo1-juiceshop),Set up job,2026-09-28T20:03:36Z,2026-09-28T20:03:37Z,1,success,GitHub Actions 1000000099,7ad02b7add541c8a54400cf27ec1b09de3aedb4f
36476314826,1,01-devsecops,ENF-01,devsecops-enforce,sca_only,true,alvo1,step,Build (alvo1-juiceshop),Checkout (com submodulos),2026-09-28T20:03:37Z,2026-09-28T20:03:42Z,5,success,GitHub Actions 1000000099,7ad02b7add541c8a54400cf27ec1b09de3aedb4f
36476314826,1,01-devsecops,ENF-01,devsecops-enforce,sca_only,true,alvo1,step,Build (alvo1-juiceshop),Carregar perfil do alvo,2026-09-28T20:03:42Z,2026-09-28T20:03:42Z,0,success,GitHub Actions 1000000099,7ad02b7add541c8a54400cf27ec1b09de3aedb4f
36476314826,1,01-devsecops,ENF-01,devsecops-enforce,sca_only,true,alvo1,step,Build (alvo1-juiceshop),Instalar Node.js (quando exigido pelo alvo),2026-09-28T20:03:42Z,2026-09-28T20:03:42Z,0,skipped,GitHub Actions 1000000099,7ad02b7add541c8a54400cf27ec1b09de3aedb4f
36476314826,1,01-devsecops,ENF-01,devsecops-enforce,sca_only,true,alvo1,step,Build (alvo1-juiceshop),Pre-build da aplicacao (quando exigido pelo alvo),2026-09-28T20:03:42Z,2026-09-28T20:03:42Z,0,skipped,GitHub Actions 1000000099,7ad02b7add541c8a54400cf27ec1b09de3aedb4f
36476314826,1,01-devsecops,ENF-01,devsecops-enforce,sca_only,true,alvo1,step,Build (alvo1-juiceshop),Build da imagem Docker,2026-09-28T20:03:42Z,2026-09-28T20:05:50Z,128,success,GitHub Actions 1000000099,7ad02b7add541c8a54400cf27ec1b09de3aedb4f
36476314826,1,01-devsecops,ENF-01,devsecops-enforce,sca_only,true,alvo1,step,Build (alvo1-juiceshop),Run actions/upload-artifact@043fb46d1a93c77aae656e7c1c64a875d1fc6a0a,2026-09-28T20:05:50Z,2026-09-28T20:06:00Z,10,success,GitHub Actions 1000000099,7ad02b7add541c8a54400cf27ec1b09de3aedb4f
36476314826,1,01-devsecops,ENF-01,devsecops-enforce,sca_only,true,alvo1,step,Build (alvo1-juiceshop),Post Checkout (com submodulos),2026-09-28T20:06:00Z,2026-09-28T20:06:00Z,0,success,GitHub Actions 1000000099,7ad02b7add541c8a54400cf27ec1b09de3aedb4f
36476314826,1,01-devsecops,ENF-01,devsecops-enforce,sca_only,true,alvo1,step,Build (alvo1-juiceshop),Complete job,2026-09-28T20:06:00Z,2026-09-28T20:06:00Z,0,success,GitHub Actions 1000000099,7ad02b7add541c8a54400cf27ec1b09de3aedb4f
36476314826,1,01-devsecops,ENF-01,devsecops-enforce,sca_only,true,alvo2,job,SCA - Trivy (alvo2-uptimekuma),,2026-09-28T20:07:26Z,2026-09-28T20:08:55Z,89,success,GitHub Actions 1000000110,7ad02b7add541c8a54400cf27ec1b09de3aedb4f
36476314826,1,01-devsecops,ENF-01,devsecops-enforce,sca_only,true,alvo2,step,SCA - Trivy (alvo2-uptimekuma),Set up job,2026-09-28T20:07:27Z,2026-09-28T20:07:29Z,2,success,GitHub Actions 1000000110,7ad02b7add541c8a54400cf27ec1b09de3aedb4f
36476314826,1,01-devsecops,ENF-01,devsecops-enforce,sca_only,true,alvo2,step,SCA - Trivy (alvo2-uptimekuma),Checkout (com submodulos),2026-09-28T20:07:29Z,2026-09-28T20:07:38Z,9,success,GitHub Actions 1000000110,7ad02b7add541c8a54400cf27ec1b09de3aedb4f
36476314826,1,01-devsecops,ENF-01,devsecops-enforce,sca_only,true,alvo2,step,SCA - Trivy (alvo2-uptimekuma),Carregar perfil do alvo,2026-09-28T20:07:38Z,2026-09-28T20:07:38Z,0,success,GitHub Actions 1000000110,7ad02b7add541c8a54400cf27ec1b09de3aedb4f
36476314826,1,01-devsecops,ENF-01,devsecops-enforce,sca_only,true,alvo2,step,SCA - Trivy (alvo2-uptimekuma),Baixar imagem construida,2026-09-28T20:07:38Z,2026-09-28T20:07:57Z,19,success,GitHub Actions 1000000110,7ad02b7add541c8a54400cf27ec1b09de3aedb4f
36476314826,1,01-devsecops,ENF-01,devsecops-enforce,sca_only,true,alvo2,step,SCA - Trivy (alvo2-uptimekuma),Carregar imagem no Docker,2026-09-28T20:07:57Z,2026-09-28T20:08:24Z,27,success,GitHub Actions 1000000110,7ad02b7add541c8a54400cf27ec1b09de3aedb4f
36476314826,1,01-devsecops,ENF-01,devsecops-enforce,sca_only,true,alvo2,step,SCA - Trivy (alvo2-uptimekuma),Instalar Trivy,2026-09-28T20:08:24Z,2026-09-28T20:08:26Z,2,success,GitHub Actions 1000000110,7ad02b7add541c8a54400cf27ec1b09de3aedb4f
36476314826,1,01-devsecops,ENF-01,devsecops-enforce,sca_only,true,alvo2,step,SCA - Trivy (alvo2-uptimekuma),"Trivy: vulnerabilidades da imagem (D9, fonte unica de SCA)",2026-09-28T20:08:26Z,2026-09-28T20:08:47Z,21,success,GitHub Actions 1000000110,7ad02b7add541c8a54400cf27ec1b09de3aedb4f
36476314826,1,01-devsecops,ENF-01,devsecops-enforce,sca_only,true,alvo2,step,SCA - Trivy (alvo2-uptimekuma),Trivy: segredos no codigo-fonte,2026-09-28T20:08:47Z,2026-09-28T20:08:48Z,1,success,GitHub Actions 1000000110,7ad02b7add541c8a54400cf27ec1b09de3aedb4f
36476314826,1,01-devsecops,ENF-01,devsecops-enforce,sca_only,true,alvo2,step,SCA - Trivy (alvo2-uptimekuma),Trivy: IaC (Dockerfile),2026-09-28T20:08:48Z,2026-09-28T20:08:51Z,3,success,GitHub Actions 1000000110,7ad02b7add541c8a54400cf27ec1b09de3aedb4f
36476314826,1,01-devsecops,ENF-01,devsecops-enforce,sca_only,true,alvo2,step,SCA - Trivy (alvo2-uptimekuma),Run actions/upload-artifact@043fb46d1a93c77aae656e7c1c64a875d1fc6a0a,2026-09-28T20:08:51Z,2026-09-28T20:08:52Z,1,success,GitHub Actions 1000000110,7ad02b7add541c8a54400cf27ec1b09de3aedb4f
36476314826,1,01-devsecops,ENF-01,devsecops-enforce,sca_only,true,alvo2,step,SCA - Trivy (alvo2-uptimekuma),Post Instalar Trivy,2026-09-28T20:08:52Z,2026-09-28T20:08:52Z,0,success,GitHub Actions 1000000110,7ad02b7add541c8a54400cf27ec1b09de3aedb4f
36476314826,1,01-devsecops,ENF-01,devsecops-enforce,sca_only,true,alvo2,step,SCA - Trivy (alvo2-uptimekuma),Post Checkout (com submodulos),2026-09-28T20:08:52Z,2026-09-28T20:08:53Z,1,success,GitHub Actions 1000000110,7ad02b7add541c8a54400cf27ec1b09de3aedb4f
36476314826,1,01-devsecops,ENF-01,devsecops-enforce,sca_only,true,alvo2,step,SCA - Trivy (alvo2-uptimekuma),Complete job,2026-09-28T20:08:53Z,2026-09-28T20:08:53Z,0,success,GitHub Actions 1000000110,7ad02b7add541c8a54400cf27ec1b09de3aedb4f
36476314826,1,01-devsecops,ENF-01,devsecops-enforce,sca_only,true,alvo1,job,SCA - Trivy (alvo1-juiceshop),,2026-09-28T20:07:26Z,2026-09-28T20:08:08Z,42,success,GitHub Actions 1000000111,7ad02b7add541c8a54400cf27ec1b09de3aedb4f
36476314826,1,01-devsecops,ENF-01,devsecops-enforce,sca_only,true,alvo1,step,SCA - Trivy (alvo1-juiceshop),Set up job,2026-09-28T20:07:27Z,2026-09-28T20:07:29Z,2,success,GitHub Actions 1000000111,7ad02b7add541c8a54400cf27ec1b09de3aedb4f
36476314826,1,01-devsecops,ENF-01,devsecops-enforce,sca_only,true,alvo1,step,SCA - Trivy (alvo1-juiceshop),Checkout (com submodulos),2026-09-28T20:07:29Z,2026-09-28T20:07:36Z,7,success,GitHub Actions 1000000111,7ad02b7add541c8a54400cf27ec1b09de3aedb4f
36476314826,1,01-devsecops,ENF-01,devsecops-enforce,sca_only,true,alvo1,step,SCA - Trivy (alvo1-juiceshop),Carregar perfil do alvo,2026-09-28T20:07:36Z,2026-09-28T20:07:36Z,0,success,GitHub Actions 1000000111,7ad02b7add541c8a54400cf27ec1b09de3aedb4f
36476314826,1,01-devsecops,ENF-01,devsecops-enforce,sca_only,true,alvo1,step,SCA - Trivy (alvo1-juiceshop),Baixar imagem construida,2026-09-28T20:07:36Z,2026-09-28T20:07:40Z,4,success,GitHub Actions 1000000111,7ad02b7add541c8a54400cf27ec1b09de3aedb4f
36476314826,1,01-devsecops,ENF-01,devsecops-enforce,sca_only,true,alvo1,step,SCA - Trivy (alvo1-juiceshop),Carregar imagem no Docker,2026-09-28T20:07:40Z,2026-09-28T20:07:49Z,9,success,GitHub Actions 1000000111,7ad02b7add541c8a54400cf27ec1b09de3aedb4f
36476314826,1,01-devsecops,ENF-01,devsecops-enforce,sca_only,true,alvo1,step,SCA - Trivy (alvo1-juiceshop),Instalar Trivy,2026-09-28T20:07:49Z,2026-09-28T20:07:50Z,1,success,GitHub Actions 1000000111,7ad02b7add541c8a54400cf27ec1b09de3aedb4f
36476314826,1,01-devsecops,ENF-01,devsecops-enforce,sca_only,true,alvo1,step,SCA - Trivy (alvo1-juiceshop),"Trivy: vulnerabilidades da imagem (D9, fonte unica de SCA)",2026-09-28T20:07:50Z,2026-09-28T20:08:02Z,12,success,GitHub Actions 1000000111,7ad02b7add541c8a54400cf27ec1b09de3aedb4f
36476314826,1,01-devsecops,ENF-01,devsecops-enforce,sca_only,true,alvo1,step,SCA - Trivy (alvo1-juiceshop),Trivy: segredos no codigo-fonte,2026-09-28T20:08:02Z,2026-09-28T20:08:03Z,1,success,GitHub Actions 1000000111,7ad02b7add541c8a54400cf27ec1b09de3aedb4f
36476314826,1,01-devsecops,ENF-01,devsecops-enforce,sca_only,true,alvo1,step,SCA - Trivy (alvo1-juiceshop),Trivy: IaC (Dockerfile),2026-09-28T20:08:03Z,2026-09-28T20:08:05Z,2,success,GitHub Actions 1000000111,7ad02b7add541c8a54400cf27ec1b09de3aedb4f
36476314826,1,01-devsecops,ENF-01,devsecops-enforce,sca_only,true,alvo1,step,SCA - Trivy (alvo1-juiceshop),Run actions/upload-artifact@043fb46d1a93c77aae656e7c1c64a875d1fc6a0a,2026-09-28T20:08:05Z,2026-09-28T20:08:06Z,1,success,GitHub Actions 1000000111,7ad02b7add541c8a54400cf27ec1b09de3aedb4f
36476314826,1,01-devsecops,ENF-01,devsecops-enforce,sca_only,true,alvo1,step,SCA - Trivy (alvo1-juiceshop),Post Instalar Trivy,2026-09-28T20:08:06Z,2026-09-28T20:08:06Z,0,success,GitHub Actions 1000000111,7ad02b7add541c8a54400cf27ec1b09de3aedb4f
36476314826,1,01-devsecops,ENF-01,devsecops-enforce,sca_only,true,alvo1,step,SCA - Trivy (alvo1-juiceshop),Post Checkout (com submodulos),2026-09-28T20:08:06Z,2026-09-28T20:08:06Z,0,success,GitHub Actions 1000000111,7ad02b7add541c8a54400cf27ec1b09de3aedb4f
36476314826,1,01-devsecops,ENF-01,devsecops-enforce,sca_only,true,alvo1,step,SCA - Trivy (alvo1-juiceshop),Complete job,2026-09-28T20:08:06Z,2026-09-28T20:08:06Z,0,success,GitHub Actions 1000000111,7ad02b7add541c8a54400cf27ec1b09de3aedb4f
36476314826,1,01-devsecops,ENF-01,devsecops-enforce,sca_only,true,alvo1,job,Quality Gate (alvo1-juiceshop),,2026-09-28T20:08:57Z,2026-09-28T20:09:09Z,12,failure,GitHub Actions 1000000114,7ad02b7add541c8a54400cf27ec1b09de3aedb4f
36476314826,1,01-devsecops,ENF-01,devsecops-enforce,sca_only,true,alvo1,step,Quality Gate (alvo1-juiceshop),Set up job,2026-09-28T20:08:58Z,2026-09-28T20:09:00Z,2,success,GitHub Actions 1000000114,7ad02b7add541c8a54400cf27ec1b09de3aedb4f
36476314826,1,01-devsecops,ENF-01,devsecops-enforce,sca_only,true,alvo1,step,Quality Gate (alvo1-juiceshop),Checkout,2026-09-28T20:09:00Z,2026-09-28T20:09:02Z,2,success,GitHub Actions 1000000114,7ad02b7add541c8a54400cf27ec1b09de3aedb4f
36476314826,1,01-devsecops,ENF-01,devsecops-enforce,sca_only,true,alvo1,step,Quality Gate (alvo1-juiceshop),Carregar perfil do alvo,2026-09-28T20:09:02Z,2026-09-28T20:09:02Z,0,success,GitHub Actions 1000000114,7ad02b7add541c8a54400cf27ec1b09de3aedb4f
36476314826,1,01-devsecops,ENF-01,devsecops-enforce,sca_only,true,alvo1,step,Quality Gate (alvo1-juiceshop),Baixar achados de SAST,2026-09-28T20:09:02Z,2026-09-28T20:09:03Z,1,success,GitHub Actions 1000000114,7ad02b7add541c8a54400cf27ec1b09de3aedb4f
36476314826,1,01-devsecops,ENF-01,devsecops-enforce,sca_only,true,alvo1,step,Quality Gate (alvo1-juiceshop),Baixar achados de SCA,2026-09-28T20:09:03Z,2026-09-28T20:09:04Z,1,success,GitHub Actions 1000000114,7ad02b7add541c8a54400cf27ec1b09de3aedb4f
36476314826,1,01-devsecops,ENF-01,devsecops-enforce,sca_only,true,alvo1,step,Quality Gate (alvo1-juiceshop),Instalar dependencias do script,2026-09-28T20:09:04Z,2026-09-28T20:09:06Z,2,success,GitHub Actions 1000000114,7ad02b7add541c8a54400cf27ec1b09de3aedb4f
36476314826,1,01-devsecops,ENF-01,devsecops-enforce,sca_only,true,alvo1,step,Quality Gate (alvo1-juiceshop),Avaliar Quality Gate,2026-09-28T20:09:06Z,2026-09-28T20:09:06Z,0,failure,GitHub Actions 1000000114,7ad02b7add541c8a54400cf27ec1b09de3aedb4f
36476314826,1,01-devsecops,ENF-01,devsecops-enforce,sca_only,true,alvo1,step,Quality Gate (alvo1-juiceshop),Run actions/upload-artifact@043fb46d1a93c77aae656e7c1c64a875d1fc6a0a,2026-09-28T20:09:06Z,2026-09-28T20:09:07Z,1,success,GitHub Actions 1000000114,7ad02b7add541c8a54400cf27ec1b09de3aedb4f
36476314826,1,01-devsecops,ENF-01,devsecops-enforce,sca_only,true,alvo1,step,Quality Gate (alvo1-juiceshop),Post Checkout,2026-09-28T20:09:07Z,2026-09-28T20:09:07Z,0,success,GitHub Actions 1000000114,7ad02b7add541c8a54400cf27ec1b09de3aedb4f
36476314826,1,01-devsecops,ENF-01,devsecops-enforce,sca_only,true,alvo1,step,Quality Gate (alvo1-juiceshop),Complete job,2026-09-28T20:09:07Z,2026-09-28T20:09:07Z,0,success,GitHub Actions 1000000114,7ad02b7add541c8a54400cf27ec1b09de3aedb4f
36476314826,1,01-devsecops,ENF-01,devsecops-enforce,sca_only,true,alvo2,job,Quality Gate (alvo2-uptimekuma),,2026-09-28T20:08:57Z,2026-09-28T20:09:05Z,8,failure,GitHub Actions 1000000115,7ad02b7add541c8a54400cf27ec1b09de3aedb4f
36476314826,1,01-devsecops,ENF-01,devsecops-enforce,sca_only,true,alvo2,step,Quality Gate (alvo2-uptimekuma),Set up job,2026-09-28T20:08:58Z,2026-09-28T20:08:58Z,0,success,GitHub Actions 1000000115,7ad02b7add541c8a54400cf27ec1b09de3aedb4f
36476314826,1,01-devsecops,ENF-01,devsecops-enforce,sca_only,true,alvo2,step,Quality Gate (alvo2-uptimekuma),Checkout,2026-09-28T20:08:58Z,2026-09-28T20:09:00Z,2,success,GitHub Actions 1000000115,7ad02b7add541c8a54400cf27ec1b09de3aedb4f
36476314826,1,01-devsecops,ENF-01,devsecops-enforce,sca_only,true,alvo2,step,Quality Gate (alvo2-uptimekuma),Carregar perfil do alvo,2026-09-28T20:09:00Z,2026-09-28T20:09:00Z,0,success,GitHub Actions 1000000115,7ad02b7add541c8a54400cf27ec1b09de3aedb4f
36476314826,1,01-devsecops,ENF-01,devsecops-enforce,sca_only,true,alvo2,step,Quality Gate (alvo2-uptimekuma),Baixar achados de SAST,2026-09-28T20:09:00Z,2026-09-28T20:09:00Z,0,success,GitHub Actions 1000000115,7ad02b7add541c8a54400cf27ec1b09de3aedb4f
36476314826,1,01-devsecops,ENF-01,devsecops-enforce,sca_only,true,alvo2,step,Quality Gate (alvo2-uptimekuma),Baixar achados de SCA,2026-09-28T20:09:00Z,2026-09-28T20:09:01Z,1,success,GitHub Actions 1000000115,7ad02b7add541c8a54400cf27ec1b09de3aedb4f
36476314826,1,01-devsecops,ENF-01,devsecops-enforce,sca_only,true,alvo2,step,Quality Gate (alvo2-uptimekuma),Instalar dependencias do script,2026-09-28T20:09:01Z,2026-09-28T20:09:02Z,1,success,GitHub Actions 1000000115,7ad02b7add541c8a54400cf27ec1b09de3aedb4f
36476314826,1,01-devsecops,ENF-01,devsecops-enforce,sca_only,true,alvo2,step,Quality Gate (alvo2-uptimekuma),Avaliar Quality Gate,2026-09-28T20:09:02Z,2026-09-28T20:09:02Z,0,failure,GitHub Actions 1000000115,7ad02b7add541c8a54400cf27ec1b09de3aedb4f
36476314826,1,01-devsecops,ENF-01,devsecops-enforce,sca_only,true,alvo2,step,Quality Gate (alvo2-uptimekuma),Run actions/upload-artifact@043fb46d1a93c77aae656e7c1c64a875d1fc6a0a,2026-09-28T20:09:02Z,2026-09-28T20:09:03Z,1,success,GitHub Actions 1000000115,7ad02b7add541c8a54400cf27ec1b09de3aedb4f
36476314826,1,01-devsecops,ENF-01,devsecops-enforce,sca_only,true,alvo2,step,Quality Gate (alvo2-uptimekuma),Post Checkout,2026-09-28T20:09:03Z,2026-09-28T20:09:03Z,0,success,GitHub Actions 1000000115,7ad02b7add541c8a54400cf27ec1b09de3aedb4f
36476314826,1,01-devsecops,ENF-01,devsecops-enforce,sca_only,true,alvo2,step,Quality Gate (alvo2-uptimekuma),Complete job,2026-09-28T20:09:03Z,2026-09-28T20:09:03Z,0,success,GitHub Actions 1000000115,7ad02b7add541c8a54400cf27ec1b09de3aedb4f
36476314826,1,01-devsecops,ENF-01,devsecops-enforce,sca_only,true,,job,Staging + DAST - OWASP ZAP (${{ matrix.perfil }}),,2026-09-28T20:09:10Z,2026-09-28T20:09:10Z,0,skipped,,7ad02b7add541c8a54400cf27ec1b09de3aedb4f
36476335407,1,00-baseline,BASE-03,baseline,,,alvo2,job,Baseline (alvo2-uptimekuma),,2026-09-28T20:02:06Z,2026-09-28T20:04:50Z,164,success,GitHub Actions 1000000092,7ad02b7add541c8a54400cf27ec1b09de3aedb4f
36476335407,1,00-baseline,BASE-03,baseline,,,alvo2,step,Baseline (alvo2-uptimekuma),Set up job,2026-09-28T20:02:07Z,2026-09-28T20:02:08Z,1,success,GitHub Actions 1000000092,7ad02b7add541c8a54400cf27ec1b09de3aedb4f
36476335407,1,00-baseline,BASE-03,baseline,,,alvo2,step,Baseline (alvo2-uptimekuma),Checkout (com submodulos),2026-09-28T20:02:08Z,2026-09-28T20:02:17Z,9,success,GitHub Actions 1000000092,7ad02b7add541c8a54400cf27ec1b09de3aedb4f
36476335407,1,00-baseline,BASE-03,baseline,,,alvo2,step,Baseline (alvo2-uptimekuma),Carregar perfil do alvo,2026-09-28T20:02:17Z,2026-09-28T20:02:17Z,0,success,GitHub Actions 1000000092,7ad02b7add541c8a54400cf27ec1b09de3aedb4f
36476335407,1,00-baseline,BASE-03,baseline,,,alvo2,step,Baseline (alvo2-uptimekuma),Instalar Node.js (quando exigido pelo alvo),2026-09-28T20:02:17Z,2026-09-28T20:02:18Z,1,success,GitHub Actions 1000000092,7ad02b7add541c8a54400cf27ec1b09de3aedb4f
36476335407,1,00-baseline,BASE-03,baseline,,,alvo2,step,Baseline (alvo2-uptimekuma),Pre-build da aplicacao (quando exigido pelo alvo),2026-09-28T20:02:18Z,2026-09-28T20:04:04Z,106,success,GitHub Actions 1000000092,7ad02b7add541c8a54400cf27ec1b09de3aedb4f
36476335407,1,00-baseline,BASE-03,baseline,,,alvo2,step,Baseline (alvo2-uptimekuma),Build da imagem Docker,2026-09-28T20:04:04Z,2026-09-28T20:04:45Z,41,success,GitHub Actions 1000000092,7ad02b7add541c8a54400cf27ec1b09de3aedb4f
36476335407,1,00-baseline,BASE-03,baseline,,,alvo2,step,Baseline (alvo2-uptimekuma),Staging (subir aplicacao e aguardar health check),2026-09-28T20:04:45Z,2026-09-28T20:04:47Z,2,success,GitHub Actions 1000000092,7ad02b7add541c8a54400cf27ec1b09de3aedb4f
36476335407,1,00-baseline,BASE-03,baseline,,,alvo2,step,Baseline (alvo2-uptimekuma),Encerrar container,2026-09-28T20:04:47Z,2026-09-28T20:04:47Z,0,success,GitHub Actions 1000000092,7ad02b7add541c8a54400cf27ec1b09de3aedb4f
36476335407,1,00-baseline,BASE-03,baseline,,,alvo2,step,Baseline (alvo2-uptimekuma),Post Instalar Node.js (quando exigido pelo alvo),2026-09-28T20:04:47Z,2026-09-28T20:04:47Z,0,success,GitHub Actions 1000000092,7ad02b7add541c8a54400cf27ec1b09de3aedb4f
36476335407,1,00-baseline,BASE-03,baseline,,,alvo2,step,Baseline (alvo2-uptimekuma),Post Checkout (com submodulos),2026-09-28T20:04:47Z,2026-09-28T20:04:47Z,0,success,GitHub Actions 1000000092,7ad02b7add541c8a54400cf27ec1b09de3aedb4f
36476335407,1,00-baseline,BASE-03,baseline,,,alvo2,step,Baseline (alvo2-uptimekuma),Complete job,2026-09-28T20:04:47Z,2026-09-28T20:04:47Z,0,success,GitHub Actions 1000000092,7ad02b7add541c8a54400cf27ec1b09de3aedb4f
36476335407,1,00-baseline,BASE-03,baseline,,,alvo1,job,Baseline (alvo1-juiceshop),,2026-09-28T20:02:07Z,2026-09-28T20:04:27Z,140,success,GitHub Actions 1000000093,7ad02b7add541c8a54400cf27ec1b09de3aedb4f
36476335407,1,00-baseline,BASE-03,baseline,,,alvo1,step,Baseline (alvo1-juiceshop),Set up job,2026-09-28T20:02:07Z,2026-09-28T20:02:09Z,2,success,GitHub Actions 1000000093,7ad02b7add541c8a54400cf27ec1b09de3aedb4f
36476335407,1,00-baseline,BASE-03,baseline,,,alvo1,step,Baseline (alvo1-juiceshop),Checkout (com submodulos),2026-09-28T20:02:09Z,2026-09-28T20:02:18Z,9,success,GitHub Actions 1000000093,7ad02b7add541c8a54400cf27ec1b09de3aedb4f
36476335407,1,00-baseline,BASE-03,baseline,,,alvo1,step,Baseline (alvo1-juiceshop),Carregar perfil do alvo,2026-09-28T20:02:18Z,2026-09-28T20:02:18Z,0,success,GitHub Actions 1000000093,7ad02b7add541c8a54400cf27ec1b09de3aedb4f
36476335407,1,00-baseline,BASE-03,baseline,,,alvo1,step,Baseline (alvo1-juiceshop),Instalar Node.js (quando exigido pelo alvo),2026-09-28T20:02:18Z,2026-09-28T20:02:18Z,0,skipped,GitHub Actions 1000000093,7ad02b7add541c8a54400cf27ec1b09de3aedb4f
36476335407,1,00-baseline,BASE-03,baseline,,,alvo1,step,Baseline (alvo1-juiceshop),Pre-build da aplicacao (quando exigido pelo alvo),2026-09-28T20:02:18Z,2026-09-28T20:02:18Z,0,skipped,GitHub Actions 1000000093,7ad02b7add541c8a54400cf27ec1b09de3aedb4f
36476335407,1,00-baseline,BASE-03,baseline,,,alvo1,step,Baseline (alvo1-juiceshop),Build da imagem Docker,2026-09-28T20:02:18Z,2026-09-28T20:04:22Z,124,success,GitHub Actions 1000000093,7ad02b7add541c8a54400cf27ec1b09de3aedb4f
36476335407,1,00-baseline,BASE-03,baseline,,,alvo1,step,Baseline (alvo1-juiceshop),Staging (subir aplicacao e aguardar health check),2026-09-28T20:04:22Z,2026-09-28T20:04:25Z,3,success,GitHub Actions 1000000093,7ad02b7add541c8a54400cf27ec1b09de3aedb4f
36476335407,1,00-baseline,BASE-03,baseline,,,alvo1,step,Baseline (alvo1-juiceshop),Encerrar container,2026-09-28T20:04:25Z,2026-09-28T20:04:25Z,0,success,GitHub Actions 1000000093,7ad02b7add541c8a54400cf27ec1b09de3aedb4f
36476335407,1,00-baseline,BASE-03,baseline,,,alvo1,step,Baseline (alvo1-juiceshop),Post Checkout (com submodulos),2026-09-28T20:04:25Z,2026-09-28T20:04:25Z,0,success,GitHub Actions 1000000093,7ad02b7add541c8a54400cf27ec1b09de3aedb4f
36476335407,1,00-baseline,BASE-03,baseline,,,alvo1,step,Baseline (alvo1-juiceshop),Complete job,2026-09-28T20:04:25Z,2026-09-28T20:04:25Z,0,success,GitHub Actions 1000000093,7ad02b7add541c8a54400cf27ec1b09de3aedb4f
36476846793,1,01-devsecops,AUD-03,devsecops-audit,all_tools,true,alvo1,job,SAST - Semgrep (alvo1-juiceshop),,2026-09-28T20:06:32Z,2026-09-28T20:08:11Z,99,success,GitHub Actions 1000000108,7ad02b7add541c8a54400cf27ec1b09de3aedb4f
36476846793,1,01-devsecops,AUD-03,devsecops-audit,all_tools,true,alvo1,step,SAST - Semgrep (alvo1-juiceshop),Set up job,2026-09-28T20:06:33Z,2026-09-28T20:06:33Z,0,success,GitHub Actions 1000000108,7ad02b7add541c8a54400cf27ec1b09de3aedb4f
36476846793,1,01-devsecops,AUD-03,devsecops-audit,all_tools,true,alvo1,step,SAST - Semgrep (alvo1-juiceshop),Initialize containers,2026-09-28T20:06:33Z,2026-09-28T20:06:47Z,14,success,GitHub Actions 1000000108,7ad02b7add541c8a54400cf27ec1b09de3aedb4f
36476846793,1,01-devsecops,AUD-03,devsecops-audit,all_tools,true,alvo1,step,SAST - Semgrep (alvo1-juiceshop),Checkout (com submodulos),2026-09-28T20:06:47Z,2026-09-28T20:06:56Z,9,success,GitHub Actions 1000000108,7ad02b7add541c8a54400cf27ec1b09de3aedb4f
36476846793,1,01-devsecops,AUD-03,devsecops-audit,all_tools,true,alvo1,step,SAST - Semgrep (alvo1-juiceshop),Carregar perfil do alvo,2026-09-28T20:06:56Z,2026-09-28T20:06:56Z,0,success,GitHub Actions 1000000108,7ad02b7add541c8a54400cf27ec1b09de3aedb4f
36476846793,1,01-devsecops,AUD-03,devsecops-audit,all_tools,true,alvo1,step,SAST - Semgrep (alvo1-juiceshop),Semgrep scan,2026-09-28T20:06:56Z,2026-09-28T20:08:06Z,70,success,GitHub Actions 1000000108,7ad02b7add541c8a54400cf27ec1b09de3aedb4f
36476846793,1,01-devsecops,AUD-03,devsecops-audit,all_tools,true,alvo1,step,SAST - Semgrep (alvo1-juiceshop),Run actions/upload-artifact@043fb46d1a93c77aae656e7c1c64a875d1fc6a0a,2026-09-28T20:08:06Z,2026-09-28T20:08:07Z,1,success,GitHub Actions 1000000108,7ad02b7add541c8a54400cf27ec1b09de3aedb4f
36476846793,1,01-devsecops,AUD-03,devsecops-audit,all_tools,true,alvo1,step,SAST - Semgrep (alvo1-juiceshop),Post Checkout (com submodulos),2026-09-28T20:08:07Z,2026-09-28T20:08:08Z,1,success,GitHub Actions 1000000108,7ad02b7add541c8a54400cf27ec1b09de3aedb4f
36476846793,1,01-devsecops,AUD-03,devsecops-audit,all_tools,true,alvo1,step,SAST - Semgrep (alvo1-juiceshop),Stop containers,2026-09-28T20:08:08Z,2026-09-28T20:08:08Z,0,success,GitHub Actions 1000000108,7ad02b7add541c8a54400cf27ec1b09de3aedb4f
36476846793,1,01-devsecops,AUD-03,devsecops-audit,all_tools,true,alvo1,step,SAST - Semgrep (alvo1-juiceshop),Complete job,2026-09-28T20:08:08Z,2026-09-28T20:08:08Z,0,success,GitHub Actions 1000000108,7ad02b7add541c8a54400cf27ec1b09de3aedb4f
36476846793,1,01-devsecops,AUD-03,devsecops-audit,all_tools,true,alvo2,job,SAST - Semgrep (alvo2-uptimekuma),,2026-09-28T20:06:33Z,2026-09-28T20:07:29Z,56,success,GitHub Actions 1000000109,7ad02b7add541c8a54400cf27ec1b09de3aedb4f
36476846793,1,01-devsecops,AUD-03,devsecops-audit,all_tools,true,alvo2,step,SAST - Semgrep (alvo2-uptimekuma),Set up job,2026-09-28T20:06:34Z,2026-09-28T20:06:35Z,1,success,GitHub Actions 1000000109,7ad02b7add541c8a54400cf27ec1b09de3aedb4f
36476846793,1,01-devsecops,AUD-03,devsecops-audit,all_tools,true,alvo2,step,SAST - Semgrep (alvo2-uptimekuma),Initialize containers,2026-09-28T20:06:35Z,2026-09-28T20:06:48Z,13,success,GitHub Actions 1000000109,7ad02b7add541c8a54400cf27ec1b09de3aedb4f
36476846793,1,01-devsecops,AUD-03,devsecops-audit,all_tools,true,alvo2,step,SAST - Semgrep (alvo2-uptimekuma),Checkout (com submodulos),2026-09-28T20:06:48Z,2026-09-28T20:06:54Z,6,success,GitHub Actions 1000000109,7ad02b7add541c8a54400cf27ec1b09de3aedb4f
36476846793,1,01-devsecops,AUD-03,devsecops-audit,all_tools,true,alvo2,step,SAST - Semgrep (alvo2-uptimekuma),Carregar perfil do alvo,2026-09-28T20:06:54Z,2026-09-28T20:06:54Z,0,success,GitHub Actions 1000000109,7ad02b7add541c8a54400cf27ec1b09de3aedb4f
36476846793,1,01-devsecops,AUD-03,devsecops-audit,all_tools,true,alvo2,step,SAST - Semgrep (alvo2-uptimekuma),Semgrep scan,2026-09-28T20:06:54Z,2026-09-28T20:07:24Z,30,success,GitHub Actions 1000000109,7ad02b7add541c8a54400cf27ec1b09de3aedb4f
36476846793,1,01-devsecops,AUD-03,devsecops-audit,all_tools,true,alvo2,step,SAST - Semgrep (alvo2-uptimekuma),Run actions/upload-artifact@043fb46d1a93c77aae656e7c1c64a875d1fc6a0a,2026-09-28T20:07:24Z,2026-09-28T20:07:26Z,2,success,GitHub Actions 1000000109,7ad02b7add541c8a54400cf27ec1b09de3aedb4f
36476846793,1,01-devsecops,AUD-03,devsecops-audit,all_tools,true,alvo2,step,SAST - Semgrep (alvo2-uptimekuma),Post Checkout (com submodulos),2026-09-28T20:07:26Z,2026-09-28T20:07:26Z,0,success,GitHub Actions 1000000109,7ad02b7add541c8a54400cf27ec1b09de3aedb4f
36476846793,1,01-devsecops,AUD-03,devsecops-audit,all_tools,true,alvo2,step,SAST - Semgrep (alvo2-uptimekuma),Stop containers,2026-09-28T20:07:26Z,2026-09-28T20:07:26Z,0,success,GitHub Actions 1000000109,7ad02b7add541c8a54400cf27ec1b09de3aedb4f
36476846793,1,01-devsecops,AUD-03,devsecops-audit,all_tools,true,alvo2,step,SAST - Semgrep (alvo2-uptimekuma),Complete job,2026-09-28T20:07:26Z,2026-09-28T20:07:26Z,0,success,GitHub Actions 1000000109,7ad02b7add541c8a54400cf27ec1b09de3aedb4f
36476846793,1,01-devsecops,AUD-03,devsecops-audit,all_tools,true,alvo1,job,Build (alvo1-juiceshop),,2026-09-28T20:08:15Z,2026-09-28T20:10:53Z,158,success,GitHub Actions 1000000112,7ad02b7add541c8a54400cf27ec1b09de3aedb4f
36476846793,1,01-devsecops,AUD-03,devsecops-audit,all_tools,true,alvo1,step,Build (alvo1-juiceshop),Set up job,2026-09-28T20:08:16Z,2026-09-28T20:08:17Z,1,success,GitHub Actions 1000000112,7ad02b7add541c8a54400cf27ec1b09de3aedb4f
36476846793,1,01-devsecops,AUD-03,devsecops-audit,all_tools,true,alvo1,step,Build (alvo1-juiceshop),Checkout (com submodulos),2026-09-28T20:08:17Z,2026-09-28T20:08:26Z,9,success,GitHub Actions 1000000112,7ad02b7add541c8a54400cf27ec1b09de3aedb4f
36476846793,1,01-devsecops,AUD-03,devsecops-audit,all_tools,true,alvo1,step,Build (alvo1-juiceshop),Carregar perfil do alvo,2026-09-28T20:08:26Z,2026-09-28T20:08:26Z,0,success,GitHub Actions 1000000112,7ad02b7add541c8a54400cf27ec1b09de3aedb4f
36476846793,1,01-devsecops,AUD-03,devsecops-audit,all_tools,true,alvo1,step,Build (alvo1-juiceshop),Instalar Node.js (quando exigido pelo alvo),2026-09-28T20:08:26Z,2026-09-28T20:08:26Z,0,skipped,GitHub Actions 1000000112,7ad02b7add541c8a54400cf27ec1b09de3aedb4f
36476846793,1,01-devsecops,AUD-03,devsecops-audit,all_tools,true,alvo1,step,Build (alvo1-juiceshop),Pre-build da aplicacao (quando exigido pelo alvo),2026-09-28T20:08:26Z,2026-09-28T20:08:26Z,0,skipped,GitHub Actions 1000000112,7ad02b7add541c8a54400cf27ec1b09de3aedb4f
36476846793,1,01-devsecops,AUD-03,devsecops-audit,all_tools,true,alvo1,step,Build (alvo1-juiceshop),Build da imagem Docker,2026-09-28T20:08:26Z,2026-09-28T20:10:40Z,134,success,GitHub Actions 1000000112,7ad02b7add541c8a54400cf27ec1b09de3aedb4f
36476846793,1,01-devsecops,AUD-03,devsecops-audit,all_tools,true,alvo1,step,Build (alvo1-juiceshop),Run actions/upload-artifact@043fb46d1a93c77aae656e7c1c64a875d1fc6a0a,2026-09-28T20:10:40Z,2026-09-28T20:10:51Z,11,success,GitHub Actions 1000000112,7ad02b7add541c8a54400cf27ec1b09de3aedb4f
36476846793,1,01-devsecops,AUD-03,devsecops-audit,all_tools,true,alvo1,step,Build (alvo1-juiceshop),Post Checkout (com submodulos),2026-09-28T20:10:51Z,2026-09-28T20:10:51Z,0,success,GitHub Actions 1000000112,7ad02b7add541c8a54400cf27ec1b09de3aedb4f
36476846793,1,01-devsecops,AUD-03,devsecops-audit,all_tools,true,alvo1,step,Build (alvo1-juiceshop),Complete job,2026-09-28T20:10:51Z,2026-09-28T20:10:51Z,0,success,GitHub Actions 1000000112,7ad02b7add541c8a54400cf27ec1b09de3aedb4f
36476846793,1,01-devsecops,AUD-03,devsecops-audit,all_tools,true,alvo2,job,Build (alvo2-uptimekuma),,2026-09-28T20:08:13Z,2026-09-28T20:11:55Z,222,success,GitHub Actions 1000000113,7ad02b7add541c8a54400cf27ec1b09de3aedb4f
36476846793,1,01-devsecops,AUD-03,devsecops-audit,all_tools,true,alvo2,step,Build (alvo2-uptimekuma),Set up job,2026-09-28T20:08:14Z,2026-09-28T20:08:15Z,1,success,GitHub Actions 1000000113,7ad02b7add541c8a54400cf27ec1b09de3aedb4f
36476846793,1,01-devsecops,AUD-03,devsecops-audit,all_tools,true,alvo2,step,Build (alvo2-uptimekuma),Checkout (com submodulos),2026-09-28T20:08:15Z,2026-09-28T20:08:20Z,5,success,GitHub Actions 1000000113,7ad02b7add541c8a54400cf27ec1b09de3aedb4f
36476846793,1,01-devsecops,AUD-03,devsecops-audit,all_tools,true,alvo2,step,Build (alvo2-uptimekuma),Carregar perfil do alvo,2026-09-28T20:08:20Z,2026-09-28T20:08:20Z,0,success,GitHub Actions 1000000113,7ad02b7add541c8a54400cf27ec1b09de3aedb4f
36476846793,1,01-devsecops,AUD-03,devsecops-audit,all_tools,true,alvo2,step,Build (alvo2-uptimekuma),Instalar Node.js (quando exigido pelo alvo),2026-09-28T20:08:20Z,2026-09-28T20:08:23Z,3,success,GitHub Actions 1000000113,7ad02b7add541c8a54400cf27ec1b09de3aedb4f
36476846793,1,01-devsecops,AUD-03,devsecops-audit,all_tools,true,alvo2,step,Build (alvo2-uptimekuma),Pre-build da aplicacao (quando exigido pelo alvo),2026-09-28T20:08:23Z,2026-09-28T20:10:13Z,110,success,GitHub Actions 1000000113,7ad02b7add541c8a54400cf27ec1b09de3aedb4f
36476846793,1,01-devsecops,AUD-03,devsecops-audit,all_tools,true,alvo2,step,Build (alvo2-uptimekuma),Build da imagem Docker,2026-09-28T20:10:13Z,2026-09-28T20:11:08Z,55,success,GitHub Actions 1000000113,7ad02b7add541c8a54400cf27ec1b09de3aedb4f
36476846793,1,01-devsecops,AUD-03,devsecops-audit,all_tools,true,alvo2,step,Build (alvo2-uptimekuma),Run actions/upload-artifact@043fb46d1a93c77aae656e7c1c64a875d1fc6a0a,2026-09-28T20:11:08Z,2026-09-28T20:11:53Z,45,success,GitHub Actions 1000000113,7ad02b7add541c8a54400cf27ec1b09de3aedb4f
36476846793,1,01-devsecops,AUD-03,devsecops-audit,all_tools,true,alvo2,step,Build (alvo2-uptimekuma),Post Instalar Node.js (quando exigido pelo alvo),2026-09-28T20:11:53Z,2026-09-28T20:11:53Z,0,success,GitHub Actions 1000000113,7ad02b7add541c8a54400cf27ec1b09de3aedb4f
36476846793,1,01-devsecops,AUD-03,devsecops-audit,all_tools,true,alvo2,step,Build (alvo2-uptimekuma),Post Checkout (com submodulos),2026-09-28T20:11:53Z,2026-09-28T20:11:53Z,0,success,GitHub Actions 1000000113,7ad02b7add541c8a54400cf27ec1b09de3aedb4f
36476846793,1,01-devsecops,AUD-03,devsecops-audit,all_tools,true,alvo2,step,Build (alvo2-uptimekuma),Complete job,2026-09-28T20:11:54Z,2026-09-28T20:11:54Z,0,success,GitHub Actions 1000000113,7ad02b7add541c8a54400cf27ec1b09de3aedb4f
36476846793,1,01-devsecops,AUD-03,devsecops-audit,all_tools,true,alvo2,job,SCA - Trivy (alvo2-uptimekuma),,2026-09-28T20:11:58Z,2026-09-28T20:13:12Z,74,success,GitHub Actions 1000000119,7ad02b7add541c8a54400cf27ec1b09de3aedb4f
36476846793,1,01-devsecops,AUD-03,devsecops-audit,all_tools,true,alvo2,step,SCA - Trivy (alvo2-uptimekuma),Set up job,2026-09-28T20:11:58Z,2026-09-28T20:12:00Z,2,success,GitHub Actions 1000000119,7ad02b7add541c8a54400cf27ec1b09de3aedb4f
36476846793,1,01-devsecops,AUD-03,devsecops-audit,all_tools,true,alvo2,step,SCA - Trivy (alvo2-uptimekuma),Checkout (com submodulos),2026-09-28T20:12:00Z,2026-09-28T20:12:06Z,6,success,GitHub Actions 1000000119,7ad02b7add541c8a54400cf27ec1b09de3aedb4f
36476846793,1,01-devsecops,AUD-03,devsecops-audit,all_tools,true,alvo2,step,SCA - Trivy (alvo2-uptimekuma),Carregar perfil do alvo,2026-09-28T20:12:06Z,2026-09-28T20:12:06Z,0,success,GitHub Actions 1000000119,7ad02b7add541c8a54400cf27ec1b09de3aedb4f
36476846793,1,01-devsecops,AUD-03,devsecops-audit,all_tools,true,alvo2,step,SCA - Trivy (alvo2-uptimekuma),Baixar imagem construida,2026-09-28T20:12:06Z,2026-09-28T20:12:19Z,13,success,GitHub Actions 1000000119,7ad02b7add541c8a54400cf27ec1b09de3aedb4f
36476846793,1,01-devsecops,AUD-03,devsecops-audit,all_tools,true,alvo2,step,SCA - Trivy (alvo2-uptimekuma),Carregar imagem no Docker,2026-09-28T20:12:19Z,2026-09-28T20:12:45Z,26,success,GitHub Actions 1000000119,7ad02b7add541c8a54400cf27ec1b09de3aedb4f
36476846793,1,01-devsecops,AUD-03,devsecops-audit,all_tools,true,alvo2,step,SCA - Trivy (alvo2-uptimekuma),Instalar Trivy,2026-09-28T20:12:45Z,2026-09-28T20:12:46Z,1,success,GitHub Actions 1000000119,7ad02b7add541c8a54400cf27ec1b09de3aedb4f
36476846793,1,01-devsecops,AUD-03,devsecops-audit,all_tools,true,alvo2,step,SCA - Trivy (alvo2-uptimekuma),"Trivy: vulnerabilidades da imagem (D9, fonte unica de SCA)",2026-09-28T20:12:46Z,2026-09-28T20:13:06Z,20,success,GitHub Actions 1000000119,7ad02b7add541c8a54400cf27ec1b09de3aedb4f
36476846793,1,01-devsecops,AUD-03,devsecops-audit,all_tools,true,alvo2,step,SCA - Trivy (alvo2-uptimekuma),Trivy: segredos no codigo-fonte,2026-09-28T20:13:06Z,2026-09-28T20:13:07Z,1,success,GitHub Actions 1000000119,7ad02b7add541c8a54400cf27ec1b09de3aedb4f
36476846793,1,01-devsecops,AUD-03,devsecops-audit,all_tools,true,alvo2,step,SCA - Trivy (alvo2-uptimekuma),Trivy: IaC (Dockerfile),2026-09-28T20:13:07Z,2026-09-28T20:13:09Z,2,success,GitHub Actions 1000000119,7ad02b7add541c8a54400cf27ec1b09de3aedb4f
36476846793,1,01-devsecops,AUD-03,devsecops-audit,all_tools,true,alvo2,step,SCA - Trivy (alvo2-uptimekuma),Run actions/upload-artifact@043fb46d1a93c77aae656e7c1c64a875d1fc6a0a,2026-09-28T20:13:09Z,2026-09-28T20:13:10Z,1,success,GitHub Actions 1000000119,7ad02b7add541c8a54400cf27ec1b09de3aedb4f
36476846793,1,01-devsecops,AUD-03,devsecops-audit,all_tools,true,alvo2,step,SCA - Trivy (alvo2-uptimekuma),Post Instalar Trivy,2026-09-28T20:13:10Z,2026-09-28T20:13:10Z,0,success,GitHub Actions 1000000119,7ad02b7add541c8a54400cf27ec1b09de3aedb4f
36476846793,1,01-devsecops,AUD-03,devsecops-audit,all_tools,true,alvo2,step,SCA - Trivy (alvo2-uptimekuma),Post Checkout (com submodulos),2026-09-28T20:13:10Z,2026-09-28T20:13:10Z,0,success,GitHub Actions 1000000119,7ad02b7add541c8a54400cf27ec1b09de3aedb4f
36476846793,1,01-devsecops,AUD-03,devsecops-audit,all_tools,true,alvo2,step,SCA - Trivy (alvo2-uptimekuma),Complete job,2026-09-28T20:13:10Z,2026-09-28T20:13:10Z,0,success,GitHub Actions 1000000119,7ad02b7add541c8a54400cf27ec1b09de3aedb4f
36476846793,1,01-devsecops,AUD-03,devsecops-audit,all_tools,true,alvo1,job,SCA - Trivy (alvo1-juiceshop),,2026-09-28T20:11:58Z,2026-09-28T20:12:40Z,42,success,GitHub Actions 1000000118,7ad02b7add541c8a54400cf27ec1b09de3aedb4f
36476846793,1,01-devsecops,AUD-03,devsecops-audit,all_tools,true,alvo1,step,SCA - Trivy (alvo1-juiceshop),Set up job,2026-09-28T20:11:59Z,2026-09-28T20:12:00Z,1,success,GitHub Actions 1000000118,7ad02b7add541c8a54400cf27ec1b09de3aedb4f
36476846793,1,01-devsecops,AUD-03,devsecops-audit,all_tools,true,alvo1,step,SCA - Trivy (alvo1-juiceshop),Checkout (com submodulos),2026-09-28T20:12:00Z,2026-09-28T20:12:08Z,8,success,GitHub Actions 1000000118,7ad02b7add541c8a54400cf27ec1b09de3aedb4f
36476846793,1,01-devsecops,AUD-03,devsecops-audit,all_tools,true,alvo1,step,SCA - Trivy (alvo1-juiceshop),Carregar perfil do alvo,2026-09-28T20:12:08Z,2026-09-28T20:12:08Z,0,success,GitHub Actions 1000000118,7ad02b7add541c8a54400cf27ec1b09de3aedb4f
36476846793,1,01-devsecops,AUD-03,devsecops-audit,all_tools,true,alvo1,step,SCA - Trivy (alvo1-juiceshop),Baixar imagem construida,2026-09-28T20:12:08Z,2026-09-28T20:12:12Z,4,success,GitHub Actions 1000000118,7ad02b7add541c8a54400cf27ec1b09de3aedb4f
36476846793,1,01-devsecops,AUD-03,devsecops-audit,all_tools,true,alvo1,step,SCA - Trivy (alvo1-juiceshop),Carregar imagem no Docker,2026-09-28T20:12:12Z,2026-09-28T20:12:21Z,9,success,GitHub Actions 1000000118,7ad02b7add541c8a54400cf27ec1b09de3aedb4f
36476846793,1,01-devsecops,AUD-03,devsecops-audit,all_tools,true,alvo1,step,SCA - Trivy (alvo1-juiceshop),Instalar Trivy,2026-09-28T20:12:21Z,2026-09-28T20:12:23Z,2,success,GitHub Actions 1000000118,7ad02b7add541c8a54400cf27ec1b09de3aedb4f
36476846793,1,01-devsecops,AUD-03,devsecops-audit,all_tools,true,alvo1,step,SCA - Trivy (alvo1-juiceshop),"Trivy: vulnerabilidades da imagem (D9, fonte unica de SCA)",2026-09-28T20:12:23Z,2026-09-28T20:12:34Z,11,success,GitHub Actions 1000000118,7ad02b7add541c8a54400cf27ec1b09de3aedb4f
36476846793,1,01-devsecops,AUD-03,devsecops-audit,all_tools,true,alvo1,step,SCA - Trivy (alvo1-juiceshop),Trivy: segredos no codigo-fonte,2026-09-28T20:12:34Z,2026-09-28T20:12:35Z,1,success,GitHub Actions 1000000118,7ad02b7add541c8a54400cf27ec1b09de3aedb4f
36476846793,1,01-devsecops,AUD-03,devsecops-audit,all_tools,true,alvo1,step,SCA - Trivy (alvo1-juiceshop),Trivy: IaC (Dockerfile),2026-09-28T20:12:35Z,2026-09-28T20:12:37Z,2,success,GitHub Actions 1000000118,7ad02b7add541c8a54400cf27ec1b09de3aedb4f
36476846793,1,01-devsecops,AUD-03,devsecops-audit,all_tools,true,alvo1,step,SCA - Trivy (alvo1-juiceshop),Run actions/upload-artifact@043fb46d1a93c77aae656e7c1c64a875d1fc6a0a,2026-09-28T20:12:37Z,2026-09-28T20:12:38Z,1,success,GitHub Actions 1000000118,7ad02b7add541c8a54400cf27ec1b09de3aedb4f
36476846793,1,01-devsecops,AUD-03,devsecops-audit,all_tools,true,alvo1,step,SCA - Trivy (alvo1-juiceshop),Post Instalar Trivy,2026-09-28T20:12:38Z,2026-09-28T20:12:38Z,0,success,GitHub Actions 1000000118,7ad02b7add541c8a54400cf27ec1b09de3aedb4f
36476846793,1,01-devsecops,AUD-03,devsecops-audit,all_tools,true,alvo1,step,SCA - Trivy (alvo1-juiceshop),Post Checkout (com submodulos),2026-09-28T20:12:38Z,2026-09-28T20:12:38Z,0,success,GitHub Actions 1000000118,7ad02b7add541c8a54400cf27ec1b09de3aedb4f
36476846793,1,01-devsecops,AUD-03,devsecops-audit,all_tools,true,alvo1,step,SCA - Trivy (alvo1-juiceshop),Complete job,2026-09-28T20:12:38Z,2026-09-28T20:12:38Z,0,success,GitHub Actions 1000000118,7ad02b7add541c8a54400cf27ec1b09de3aedb4f
36476846793,1,01-devsecops,AUD-03,devsecops-audit,all_tools,true,alvo2,job,Quality Gate (alvo2-uptimekuma),,2026-09-28T20:13:14Z,2026-09-28T20:13:22Z,8,success,GitHub Actions 1000000120,7ad02b7add541c8a54400cf27ec1b09de3aedb4f
36476846793,1,01-devsecops,AUD-03,devsecops-audit,all_tools,true,alvo2,step,Quality Gate (alvo2-uptimekuma),Set up job,2026-09-28T20:13:15Z,2026-09-28T20:13:16Z,1,success,GitHub Actions 1000000120,7ad02b7add541c8a54400cf27ec1b09de3aedb4f
36476846793,1,01-devsecops,AUD-03,devsecops-audit,all_tools,true,alvo2,step,Quality Gate (alvo2-uptimekuma),Checkout,2026-09-28T20:13:16Z,2026-09-28T20:13:17Z,1,success,GitHub Actions 1000000120,7ad02b7add541c8a54400cf27ec1b09de3aedb4f
36476846793,1,01-devsecops,AUD-03,devsecops-audit,all_tools,true,alvo2,step,Quality Gate (alvo2-uptimekuma),Carregar perfil do alvo,2026-09-28T20:13:17Z,2026-09-28T20:13:17Z,0,success,GitHub Actions 1000000120,7ad02b7add541c8a54400cf27ec1b09de3aedb4f
36476846793,1,01-devsecops,AUD-03,devsecops-audit,all_tools,true,alvo2,step,Quality Gate (alvo2-uptimekuma),Baixar achados de SAST,2026-09-28T20:13:17Z,2026-09-28T20:13:17Z,0,success,GitHub Actions 1000000120,7ad02b7add541c8a54400cf27ec1b09de3aedb4f
36476846793,1,01-devsecops,AUD-03,devsecops-audit,all_tools,true,alvo2,step,Quality Gate (alvo2-uptimekuma),Baixar achados de SCA,2026-09-28T20:13:17Z,2026-09-28T20:13:18Z,1,success,GitHub Actions 1000000120,7ad02b7add541c8a54400cf27ec1b09de3aedb4f
36476846793,1,01-devsecops,AUD-03,devsecops-audit,all_tools,true,alvo2,step,Quality Gate (alvo2-uptimekuma),Instalar dependencias do script,2026-09-28T20:13:18Z,2026-09-28T20:13:19Z,1,success,GitHub Actions 1000000120,7ad02b7add541c8a54400cf27ec1b09de3aedb4f
36476846793,1,01-devsecops,AUD-03,devsecops-audit,all_tools,true,alvo2,step,Quality Gate (alvo2-uptimekuma),Avaliar Quality Gate,2026-09-28T20:13:19Z,2026-09-28T20:13:20Z,1,success,GitHub Actions 1000000120,7ad02b7add541c8a54400cf27ec1b09de3aedb4f
36476846793,1,01-devsecops,AUD-03,devsecops-audit,all_tools,true,alvo2,step,Quality Gate (alvo2-uptimekuma),Run actions/upload-artifact@043fb46d1a93c77aae656e7c1c64a875d1fc6a0a,2026-09-28T20:13:20Z,2026-09-28T20:13:20Z,0,success,GitHub Actions 1000000120,7ad02b7add541c8a54400cf27ec1b09de3aedb4f
36476846793,1,01-devsecops,AUD-03,devsecops-audit,all_tools,true,alvo2,step,Quality Gate (alvo2-uptimekuma),Post Checkout,2026-09-28T20:13:20Z,2026-09-28T20:13:21Z,1,success,GitHub Actions 1000000120,7ad02b7add541c8a54400cf27ec1b09de3aedb4f
36476846793,1,01-devsecops,AUD-03,devsecops-audit,all_tools,true,alvo2,step,Quality Gate (alvo2-uptimekuma),Complete job,2026-09-28T20:13:21Z,2026-09-28T20:13:21Z,0,success,GitHub Actions 1000000120,7ad02b7add541c8a54400cf27ec1b09de3aedb4f
36476846793,1,01-devsecops,AUD-03,devsecops-audit,all_tools,true,alvo1,job,Quality Gate (alvo1-juiceshop),,2026-09-28T20:13:15Z,2026-09-28T20:13:28Z,13,success,GitHub Actions 1000000121,7ad02b7add541c8a54400cf27ec1b09de3aedb4f
36476846793,1,01-devsecops,AUD-03,devsecops-audit,all_tools,true,alvo1,step,Quality Gate (alvo1-juiceshop),Set up job,2026-09-28T20:13:15Z,2026-09-28T20:13:17Z,2,success,GitHub Actions 1000000121,7ad02b7add541c8a54400cf27ec1b09de3aedb4f
36476846793,1,01-devsecops,AUD-03,devsecops-audit,all_tools,true,alvo1,step,Quality Gate (alvo1-juiceshop),Checkout,2026-09-28T20:13:17Z,2026-09-28T20:13:19Z,2,success,GitHub Actions 1000000121,7ad02b7add541c8a54400cf27ec1b09de3aedb4f
36476846793,1,01-devsecops,AUD-03,devsecops-audit,all_tools,true,alvo1,step,Quality Gate (alvo1-juiceshop),Carregar perfil do alvo,2026-09-28T20:13:19Z,2026-09-28T20:13:19Z,0,success,GitHub Actions 1000000121,7ad02b7add541c8a54400cf27ec1b09de3aedb4f
36476846793,1,01-devsecops,AUD-03,devsecops-audit,all_tools,true,alvo1,step,Quality Gate (alvo1-juiceshop),Baixar achados de SAST,2026-09-28T20:13:19Z,2026-09-28T20:13:20Z,1,success,GitHub Actions 1000000121,7ad02b7add541c8a54400cf27ec1b09de3aedb4f
36476846793,1,01-devsecops,AUD-03,devsecops-audit,all_tools,true,alvo1,step,Quality Gate (alvo1-juiceshop),Baixar achados de SCA,2026-09-28T20:13:20Z,2026-09-28T20:13:21Z,1,success,GitHub Actions 1000000121,7ad02b7add541c8a54400cf27ec1b09de3aedb4f
36476846793,1,01-devsecops,AUD-03,devsecops-audit,all_tools,true,alvo1,step,Quality Gate (alvo1-juiceshop),Instalar dependencias do script,2026-09-28T20:13:21Z,2026-09-28T20:13:23Z,2,success,GitHub Actions 1000000121,7ad02b7add541c8a54400cf27ec1b09de3aedb4f
36476846793,1,01-devsecops,AUD-03,devsecops-audit,all_tools,true,alvo1,step,Quality Gate (alvo1-juiceshop),Avaliar Quality Gate,2026-09-28T20:13:23Z,2026-09-28T20:13:23Z,0,success,GitHub Actions 1000000121,7ad02b7add541c8a54400cf27ec1b09de3aedb4f
36476846793,1,01-devsecops,AUD-03,devsecops-audit,all_tools,true,alvo1,step,Quality Gate (alvo1-juiceshop),Run actions/upload-artifact@043fb46d1a93c77aae656e7c1c64a875d1fc6a0a,2026-09-28T20:13:23Z,2026-09-28T20:13:25Z,2,success,GitHub Actions 1000000121,7ad02b7add541c8a54400cf27ec1b09de3aedb4f
36476846793,1,01-devsecops,AUD-03,devsecops-audit,all_tools,true,alvo1,step,Quality Gate (alvo1-juiceshop),Post Checkout,2026-09-28T20:13:25Z,2026-09-28T20:13:25Z,0,success,GitHub Actions 1000000121,7ad02b7add541c8a54400cf27ec1b09de3aedb4f
36476846793,1,01-devsecops,AUD-03,devsecops-audit,all_tools,true,alvo1,step,Quality Gate (alvo1-juiceshop),Complete job,2026-09-28T20:13:25Z,2026-09-28T20:13:25Z,0,success,GitHub Actions 1000000121,7ad02b7add541c8a54400cf27ec1b09de3aedb4f
36476846793,1,01-devsecops,AUD-03,devsecops-audit,all_tools,true,alvo1,job,Staging + DAST - OWASP ZAP (alvo1-juiceshop),,2026-09-28T20:13:30Z,2026-09-28T21:08:01Z,3271,success,GitHub Actions 1000000122,7ad02b7add541c8a54400cf27ec1b09de3aedb4f
36476846793,1,01-devsecops,AUD-03,devsecops-audit,all_tools,true,alvo1,step,Staging + DAST - OWASP ZAP (alvo1-juiceshop),Set up job,2026-09-28T20:13:31Z,2026-09-28T20:13:32Z,1,success,GitHub Actions 1000000122,7ad02b7add541c8a54400cf27ec1b09de3aedb4f
36476846793,1,01-devsecops,AUD-03,devsecops-audit,all_tools,true,alvo1,step,Staging + DAST - OWASP ZAP (alvo1-juiceshop),Checkout,2026-09-28T20:13:32Z,2026-09-28T20:13:34Z,2,success,GitHub Actions 1000000122,7ad02b7add541c8a54400cf27ec1b09de3aedb4f
36476846793,1,01-devsecops,AUD-03,devsecops-audit,all_tools,true,alvo1,step,Staging + DAST - OWASP ZAP (alvo1-juiceshop),Carregar perfil do alvo,2026-09-28T20:13:34Z,2026-09-28T20:13:34Z,0,success,GitHub Actions 1000000122,7ad02b7add541c8a54400cf27ec1b09de3aedb4f
36476846793,1,01-devsecops,AUD-03,devsecops-audit,all_tools,true,alvo1,step,Staging + DAST - OWASP ZAP (alvo1-juiceshop),Baixar imagem construida,2026-09-28T20:13:34Z,2026-09-28T20:13:38Z,4,success,GitHub Actions 1000000122,7ad02b7add541c8a54400cf27ec1b09de3aedb4f
36476846793,1,01-devsecops,AUD-03,devsecops-audit,all_tools,true,alvo1,step,Staging + DAST - OWASP ZAP (alvo1-juiceshop),Carregar imagem no Docker,2026-09-28T20:13:38Z,2026-09-28T20:13:48Z,10,success,GitHub Actions 1000000122,7ad02b7add541c8a54400cf27ec1b09de3aedb4f
36476846793,1,01-devsecops,AUD-03,devsecops-audit,all_tools,true,alvo1,step,Staging + DAST - OWASP ZAP (alvo1-juiceshop),Staging (subir aplicacao e aguardar health check),2026-09-28T20:13:48Z,2026-09-28T20:13:50Z,2,success,GitHub Actions 1000000122,7ad02b7add541c8a54400cf27ec1b09de3aedb4f
36476846793,1,01-devsecops,AUD-03,devsecops-audit,all_tools,true,alvo1,step,Staging + DAST - OWASP ZAP (alvo1-juiceshop),Montar opcoes do ZAP,2026-09-28T20:13:50Z,2026-09-28T20:13:50Z,0,success,GitHub Actions 1000000122,7ad02b7add541c8a54400cf27ec1b09de3aedb4f
36476846793,1,01-devsecops,AUD-03,devsecops-audit,all_tools,true,alvo1,step,Staging + DAST - OWASP ZAP (alvo1-juiceshop),OWASP ZAP: full scan,2026-09-28T20:13:50Z,2026-09-28T21:07:56Z,3246,success,GitHub Actions 1000000122,7ad02b7add541c8a54400cf27ec1b09de3aedb4f
36476846793,1,01-devsecops,AUD-03,devsecops-audit,all_tools,true,alvo1,step,Staging + DAST - OWASP ZAP (alvo1-juiceshop),Verificar que o alvo sobreviveu ao DAST,2026-09-28T21:07:56Z,2026-09-28T21:07:56Z,0,success,GitHub Actions 1000000122,7ad02b7add541c8a54400cf27ec1b09de3aedb4f
36476846793,1,01-devsecops,AUD-03,devsecops-audit,all_tools,true,alvo1,step,Staging + DAST - OWASP ZAP (alvo1-juiceshop),Verificar que o ZAP produziu relatorio,2026-09-28T21:07:56Z,2026-09-28T21:07:56Z,0,success,GitHub Actions 1000000122,7ad02b7add541c8a54400cf27ec1b09de3aedb4f
36476846793,1,01-devsecops,AUD-03,devsecops-audit,all_tools,true,alvo1,step,Staging + DAST - OWASP ZAP (alvo1-juiceshop),Logs da aplicacao,2026-09-28T21:07:56Z,2026-09-28T21:07:56Z,0,success,GitHub Actions 1000000122,7ad02b7add541c8a54400cf27ec1b09de3aedb4f
36476846793,1,01-devsecops,AUD-03,devsecops-audit,all_tools,true,alvo1,step,Staging + DAST - OWASP ZAP (alvo1-juiceshop),Encerrar container,2026-09-28T21:07:56Z,2026-09-28T21:07:57Z,1,success,GitHub Actions 1000000122,7ad02b7add541c8a54400cf27ec1b09de3aedb4f
36476846793,1,01-devsecops,AUD-03,devsecops-audit,all_tools,true,alvo1,step,Staging + DAST - OWASP ZAP (alvo1-juiceshop),Run actions/upload-artifact@043fb46d1a93c77aae656e7c1c64a875d1fc6a0a,2026-09-28T21:07:57Z,2026-09-28T21:07:57Z,0,success,GitHub Actions 1000000122,7ad02b7add541c8a54400cf27ec1b09de3aedb4f
36476846793,1,01-devsecops,AUD-03,devsecops-audit,all_tools,true,alvo1,step,Staging + DAST - OWASP ZAP (alvo1-juiceshop),Baixar achados de SAST e SCA (gate pos-DAST),2026-09-28T21:07:57Z,2026-09-28T21:07:58Z,1,success,GitHub Actions 1000000122,7ad02b7add541c8a54400cf27ec1b09de3aedb4f
36476846793,1,01-devsecops,AUD-03,devsecops-audit,all_tools,true,alvo1,step,Staging + DAST - OWASP ZAP (alvo1-juiceshop),Quality Gate pos-DAST (escopo all_tools),2026-09-28T21:07:58Z,2026-09-28T21:07:59Z,1,success,GitHub Actions 1000000122,7ad02b7add541c8a54400cf27ec1b09de3aedb4f
36476846793,1,01-devsecops,AUD-03,devsecops-audit,all_tools,true,alvo1,step,Staging + DAST - OWASP ZAP (alvo1-juiceshop),Run actions/upload-artifact@043fb46d1a93c77aae656e7c1c64a875d1fc6a0a,2026-09-28T21:07:59Z,2026-09-28T21:08:00Z,1,success,GitHub Actions 1000000122,7ad02b7add541c8a54400cf27ec1b09de3aedb4f
36476846793,1,01-devsecops,AUD-03,devsecops-audit,all_tools,true,alvo1,step,Staging + DAST - OWASP ZAP (alvo1-juiceshop),Post Checkout,2026-09-28T21:08:00Z,2026-09-28T21:08:00Z,0,success,GitHub Actions 1000000122,7ad02b7add541c8a54400cf27ec1b09de3aedb4f
36476846793,1,01-devsecops,AUD-03,devsecops-audit,all_tools,true,alvo1,step,Staging + DAST - OWASP ZAP (alvo1-juiceshop),Complete job,2026-09-28T21:08:00Z,2026-09-28T21:08:00Z,0,success,GitHub Actions 1000000122,7ad02b7add541c8a54400cf27ec1b09de3aedb4f
36476846793,1,01-devsecops,AUD-03,devsecops-audit,all_tools,true,alvo2,job,Staging + DAST - OWASP ZAP (alvo2-uptimekuma),,2026-09-28T20:13:30Z,2026-09-28T20:19:08Z,338,success,GitHub Actions 1000000123,7ad02b7add541c8a54400cf27ec1b09de3aedb4f
36476846793,1,01-devsecops,AUD-03,devsecops-audit,all_tools,true,alvo2,step,Staging + DAST - OWASP ZAP (alvo2-uptimekuma),Set up job,2026-09-28T20:13:31Z,2026-09-28T20:13:32Z,1,success,GitHub Actions 1000000123,7ad02b7add541c8a54400cf27ec1b09de3aedb4f
36476846793,1,01-devsecops,AUD-03,devsecops-audit,all_tools,true,alvo2,step,Staging + DAST - OWASP ZAP (alvo2-uptimekuma),Checkout,2026-09-28T20:13:32Z,2026-09-28T20:13:34Z,2,success,GitHub Actions 1000000123,7ad02b7add541c8a54400cf27ec1b09de3aedb4f
36476846793,1,01-devsecops,AUD-03,devsecops-audit,all_tools,true,alvo2,step,Staging + DAST - OWASP ZAP (alvo2-uptimekuma),Carregar perfil do alvo,2026-09-28T20:13:34Z,2026-09-28T20:13:34Z,0,success,GitHub Actions 1000000123,7ad02b7add541c8a54400cf27ec1b09de3aedb4f
36476846793,1,01-devsecops,AUD-03,devsecops-audit,all_tools,true,alvo2,step,Staging + DAST - OWASP ZAP (alvo2-uptimekuma),Baixar imagem construida,2026-09-28T20:13:34Z,2026-09-28T20:13:48Z,14,success,GitHub Actions 1000000123,7ad02b7add541c8a54400cf27ec1b09de3aedb4f
36476846793,1,01-devsecops,AUD-03,devsecops-audit,all_tools,true,alvo2,step,Staging + DAST - OWASP ZAP (alvo2-uptimekuma),Carregar imagem no Docker,2026-09-28T20:13:48Z,2026-09-28T20:14:32Z,44,success,GitHub Actions 1000000123,7ad02b7add541c8a54400cf27ec1b09de3aedb4f
36476846793,1,01-devsecops,AUD-03,devsecops-audit,all_tools,true,alvo2,step,Staging + DAST - OWASP ZAP (alvo2-uptimekuma),Staging (subir aplicacao e aguardar health check),2026-09-28T20:14:32Z,2026-09-28T20:14:35Z,3,success,GitHub Actions 1000000123,7ad02b7add541c8a54400cf27ec1b09de3aedb4f
36476846793,1,01-devsecops,AUD-03,devsecops-audit,all_tools,true,alvo2,step,Staging + DAST - OWASP ZAP (alvo2-uptimekuma),Montar opcoes do ZAP,2026-09-28T20:14:35Z,2026-09-28T20:14:35Z,0,success,GitHub Actions 1000000123,7ad02b7add541c8a54400cf27ec1b09de3aedb4f
36476846793,1,01-devsecops,AUD-03,devsecops-audit,all_tools,true,alvo2,step,Staging + DAST - OWASP ZAP (alvo2-uptimekuma),OWASP ZAP: full scan,2026-09-28T20:14:35Z,2026-09-28T20:19:00Z,265,success,GitHub Actions 1000000123,7ad02b7add541c8a54400cf27ec1b09de3aedb4f
36476846793,1,01-devsecops,AUD-03,devsecops-audit,all_tools,true,alvo2,step,Staging + DAST - OWASP ZAP (alvo2-uptimekuma),Verificar que o alvo sobreviveu ao DAST,2026-09-28T20:19:00Z,2026-09-28T20:19:00Z,0,success,GitHub Actions 1000000123,7ad02b7add541c8a54400cf27ec1b09de3aedb4f
36476846793,1,01-devsecops,AUD-03,devsecops-audit,all_tools,true,alvo2,step,Staging + DAST - OWASP ZAP (alvo2-uptimekuma),Verificar que o ZAP produziu relatorio,2026-09-28T20:19:00Z,2026-09-28T20:19:00Z,0,success,GitHub Actions 1000000123,7ad02b7add541c8a54400cf27ec1b09de3aedb4f
36476846793,1,01-devsecops,AUD-03,devsecops-audit,all_tools,true,alvo2,step,Staging + DAST - OWASP ZAP (alvo2-uptimekuma),Logs da aplicacao,2026-09-28T20:19:00Z,2026-09-28T20:19:00Z,0,success,GitHub Actions 1000000123,7ad02b7add541c8a54400cf27ec1b09de3aedb4f
36476846793,1,01-devsecops,AUD-03,devsecops-audit,all_tools,true,alvo2,step,Staging + DAST - OWASP ZAP (alvo2-uptimekuma),Encerrar container,2026-09-28T20:19:00Z,2026-09-28T20:19:00Z,0,success,GitHub Actions 1000000123,7ad02b7add541c8a54400cf27ec1b09de3aedb4f
36476846793,1,01-devsecops,AUD-03,devsecops-audit,all_tools,true,alvo2,step,Staging + DAST - OWASP ZAP (alvo2-uptimekuma),Run actions/upload-artifact@043fb46d1a93c77aae656e7c1c64a875d1fc6a0a,2026-09-28T20:19:00Z,2026-09-28T20:19:01Z,1,success,GitHub Actions 1000000123,7ad02b7add541c8a54400cf27ec1b09de3aedb4f
36476846793,1,01-devsecops,AUD-03,devsecops-audit,all_tools,true,alvo2,step,Staging + DAST - OWASP ZAP (alvo2-uptimekuma),Baixar achados de SAST e SCA (gate pos-DAST),2026-09-28T20:19:01Z,2026-09-28T20:19:02Z,1,success,GitHub Actions 1000000123,7ad02b7add541c8a54400cf27ec1b09de3aedb4f
36476846793,1,01-devsecops,AUD-03,devsecops-audit,all_tools,true,alvo2,step,Staging + DAST - OWASP ZAP (alvo2-uptimekuma),Quality Gate pos-DAST (escopo all_tools),2026-09-28T20:19:02Z,2026-09-28T20:19:05Z,3,success,GitHub Actions 1000000123,7ad02b7add541c8a54400cf27ec1b09de3aedb4f
36476846793,1,01-devsecops,AUD-03,devsecops-audit,all_tools,true,alvo2,step,Staging + DAST - OWASP ZAP (alvo2-uptimekuma),Run actions/upload-artifact@043fb46d1a93c77aae656e7c1c64a875d1fc6a0a,2026-09-28T20:19:05Z,2026-09-28T20:19:06Z,1,success,GitHub Actions 1000000123,7ad02b7add541c8a54400cf27ec1b09de3aedb4f
36476846793,1,01-devsecops,AUD-03,devsecops-audit,all_tools,true,alvo2,step,Staging + DAST - OWASP ZAP (alvo2-uptimekuma),Post Checkout,2026-09-28T20:19:06Z,2026-09-28T20:19:06Z,0,success,GitHub Actions 1000000123,7ad02b7add541c8a54400cf27ec1b09de3aedb4f
36476846793,1,01-devsecops,AUD-03,devsecops-audit,all_tools,true,alvo2,step,Staging + DAST - OWASP ZAP (alvo2-uptimekuma),Complete job,2026-09-28T20:19:06Z,2026-09-28T20:19:06Z,0,success,GitHub Actions 1000000123,7ad02b7add541c8a54400cf27ec1b09de3aedb4f
36477374570,1,00-baseline,BASE-04,baseline,,,alvo1,job,Baseline (alvo1-juiceshop),,2026-09-28T20:11:04Z,2026-09-28T20:13:34Z,150,success,GitHub Actions 1000000116,7ad02b7add541c8a54400cf27ec1b09de3aedb4f
36477374570,1,00-baseline,BASE-04,baseline,,,alvo1,step,Baseline (alvo1-juiceshop),Set up job,2026-09-28T20:11:05Z,2026-09-28T20:11:06Z,1,success,GitHub Actions 1000000116,7ad02b7add541c8a54400cf27ec1b09de3aedb4f
36477374570,1,00-baseline,BASE-04,baseline,,,alvo1,step,Baseline (alvo1-juiceshop),Checkout (com submodulos),2026-09-28T20:11:06Z,2026-09-28T20:11:13Z,7,success,GitHub Actions 1000000116,7ad02b7add541c8a54400cf27ec1b09de3aedb4f
36477374570,1,00-baseline,BASE-04,baseline,,,alvo1,step,Baseline (alvo1-juiceshop),Carregar perfil do alvo,2026-09-28T20:11:13Z,2026-09-28T20:11:13Z,0,success,GitHub Actions 1000000116,7ad02b7add541c8a54400cf27ec1b09de3aedb4f
36477374570,1,00-baseline,BASE-04,baseline,,,alvo1,step,Baseline (alvo1-juiceshop),Instalar Node.js (quando exigido pelo alvo),2026-09-28T20:11:13Z,2026-09-28T20:11:13Z,0,skipped,GitHub Actions 1000000116,7ad02b7add541c8a54400cf27ec1b09de3aedb4f
36477374570,1,00-baseline,BASE-04,baseline,,,alvo1,step,Baseline (alvo1-juiceshop),Pre-build da aplicacao (quando exigido pelo alvo),2026-09-28T20:11:13Z,2026-09-28T20:11:13Z,0,skipped,GitHub Actions 1000000116,7ad02b7add541c8a54400cf27ec1b09de3aedb4f
36477374570,1,00-baseline,BASE-04,baseline,,,alvo1,step,Baseline (alvo1-juiceshop),Build da imagem Docker,2026-09-28T20:11:13Z,2026-09-28T20:13:29Z,136,success,GitHub Actions 1000000116,7ad02b7add541c8a54400cf27ec1b09de3aedb4f
36477374570,1,00-baseline,BASE-04,baseline,,,alvo1,step,Baseline (alvo1-juiceshop),Staging (subir aplicacao e aguardar health check),2026-09-28T20:13:29Z,2026-09-28T20:13:32Z,3,success,GitHub Actions 1000000116,7ad02b7add541c8a54400cf27ec1b09de3aedb4f
36477374570,1,00-baseline,BASE-04,baseline,,,alvo1,step,Baseline (alvo1-juiceshop),Encerrar container,2026-09-28T20:13:32Z,2026-09-28T20:13:32Z,0,success,GitHub Actions 1000000116,7ad02b7add541c8a54400cf27ec1b09de3aedb4f
36477374570,1,00-baseline,BASE-04,baseline,,,alvo1,step,Baseline (alvo1-juiceshop),Post Checkout (com submodulos),2026-09-28T20:13:32Z,2026-09-28T20:13:32Z,0,success,GitHub Actions 1000000116,7ad02b7add541c8a54400cf27ec1b09de3aedb4f
36477374570,1,00-baseline,BASE-04,baseline,,,alvo1,step,Baseline (alvo1-juiceshop),Complete job,2026-09-28T20:13:32Z,2026-09-28T20:13:32Z,0,success,GitHub Actions 1000000116,7ad02b7add541c8a54400cf27ec1b09de3aedb4f
36477374570,1,00-baseline,BASE-04,baseline,,,alvo2,job,Baseline (alvo2-uptimekuma),,2026-09-28T20:11:04Z,2026-09-28T20:13:41Z,157,success,GitHub Actions 1000000117,7ad02b7add541c8a54400cf27ec1b09de3aedb4f
36477374570,1,00-baseline,BASE-04,baseline,,,alvo2,step,Baseline (alvo2-uptimekuma),Set up job,2026-09-28T20:11:04Z,2026-09-28T20:11:05Z,1,success,GitHub Actions 1000000117,7ad02b7add541c8a54400cf27ec1b09de3aedb4f
36477374570,1,00-baseline,BASE-04,baseline,,,alvo2,step,Baseline (alvo2-uptimekuma),Checkout (com submodulos),2026-09-28T20:11:05Z,2026-09-28T20:11:10Z,5,success,GitHub Actions 1000000117,7ad02b7add541c8a54400cf27ec1b09de3aedb4f
36477374570,1,00-baseline,BASE-04,baseline,,,alvo2,step,Baseline (alvo2-uptimekuma),Carregar perfil do alvo,2026-09-28T20:11:10Z,2026-09-28T20:11:10Z,0,success,GitHub Actions 1000000117,7ad02b7add541c8a54400cf27ec1b09de3aedb4f
36477374570,1,00-baseline,BASE-04,baseline,,,alvo2,step,Baseline (alvo2-uptimekuma),Instalar Node.js (quando exigido pelo alvo),2026-09-28T20:11:10Z,2026-09-28T20:11:11Z,1,success,GitHub Actions 1000000117,7ad02b7add541c8a54400cf27ec1b09de3aedb4f
36477374570,1,00-baseline,BASE-04,baseline,,,alvo2,step,Baseline (alvo2-uptimekuma),Pre-build da aplicacao (quando exigido pelo alvo),2026-09-28T20:11:11Z,2026-09-28T20:12:47Z,96,success,GitHub Actions 1000000117,7ad02b7add541c8a54400cf27ec1b09de3aedb4f
36477374570,1,00-baseline,BASE-04,baseline,,,alvo2,step,Baseline (alvo2-uptimekuma),Build da imagem Docker,2026-09-28T20:12:47Z,2026-09-28T20:13:36Z,49,success,GitHub Actions 1000000117,7ad02b7add541c8a54400cf27ec1b09de3aedb4f
36477374570,1,00-baseline,BASE-04,baseline,,,alvo2,step,Baseline (alvo2-uptimekuma),Staging (subir aplicacao e aguardar health check),2026-09-28T20:13:36Z,2026-09-28T20:13:39Z,3,success,GitHub Actions 1000000117,7ad02b7add541c8a54400cf27ec1b09de3aedb4f
36477374570,1,00-baseline,BASE-04,baseline,,,alvo2,step,Baseline (alvo2-uptimekuma),Encerrar container,2026-09-28T20:13:39Z,2026-09-28T20:13:39Z,0,success,GitHub Actions 1000000117,7ad02b7add541c8a54400cf27ec1b09de3aedb4f
36477374570,1,00-baseline,BASE-04,baseline,,,alvo2,step,Baseline (alvo2-uptimekuma),Post Instalar Node.js (quando exigido pelo alvo),2026-09-28T20:13:39Z,2026-09-28T20:13:39Z,0,success,GitHub Actions 1000000117,7ad02b7add541c8a54400cf27ec1b09de3aedb4f
36477374570,1,00-baseline,BASE-04,baseline,,,alvo2,step,Baseline (alvo2-uptimekuma),Post Checkout (com submodulos),2026-09-28T20:13:39Z,2026-09-28T20:13:39Z,0,success,GitHub Actions 1000000117,7ad02b7add541c8a54400cf27ec1b09de3aedb4f
36477374570,1,00-baseline,BASE-04,baseline,,,alvo2,step,Baseline (alvo2-uptimekuma),Complete job,2026-09-28T20:13:39Z,2026-09-28T20:13:39Z,0,success,GitHub Actions 1000000117,7ad02b7add541c8a54400cf27ec1b09de3aedb4f
36477900429,1,01-devsecops,AUD-04,devsecops-audit,all_tools,true,alvo2,job,SAST - Semgrep (alvo2-uptimekuma),,2026-09-28T20:15:29Z,2026-09-28T20:16:32Z,63,success,GitHub Actions 1000000124,7ad02b7add541c8a54400cf27ec1b09de3aedb4f
36477900429,1,01-devsecops,AUD-04,devsecops-audit,all_tools,true,alvo2,step,SAST - Semgrep (alvo2-uptimekuma),Set up job,2026-09-28T20:15:29Z,2026-09-28T20:15:30Z,1,success,GitHub Actions 1000000124,7ad02b7add541c8a54400cf27ec1b09de3aedb4f
36477900429,1,01-devsecops,AUD-04,devsecops-audit,all_tools,true,alvo2,step,SAST - Semgrep (alvo2-uptimekuma),Initialize containers,2026-09-28T20:15:30Z,2026-09-28T20:15:53Z,23,success,GitHub Actions 1000000124,7ad02b7add541c8a54400cf27ec1b09de3aedb4f
36477900429,1,01-devsecops,AUD-04,devsecops-audit,all_tools,true,alvo2,step,SAST - Semgrep (alvo2-uptimekuma),Checkout (com submodulos),2026-09-28T20:15:53Z,2026-09-28T20:16:00Z,7,success,GitHub Actions 1000000124,7ad02b7add541c8a54400cf27ec1b09de3aedb4f
36477900429,1,01-devsecops,AUD-04,devsecops-audit,all_tools,true,alvo2,step,SAST - Semgrep (alvo2-uptimekuma),Carregar perfil do alvo,2026-09-28T20:16:00Z,2026-09-28T20:16:00Z,0,success,GitHub Actions 1000000124,7ad02b7add541c8a54400cf27ec1b09de3aedb4f
36477900429,1,01-devsecops,AUD-04,devsecops-audit,all_tools,true,alvo2,step,SAST - Semgrep (alvo2-uptimekuma),Semgrep scan,2026-09-28T20:16:00Z,2026-09-28T20:16:28Z,28,success,GitHub Actions 1000000124,7ad02b7add541c8a54400cf27ec1b09de3aedb4f
36477900429,1,01-devsecops,AUD-04,devsecops-audit,all_tools,true,alvo2,step,SAST - Semgrep (alvo2-uptimekuma),Run actions/upload-artifact@043fb46d1a93c77aae656e7c1c64a875d1fc6a0a,2026-09-28T20:16:28Z,2026-09-28T20:16:29Z,1,success,GitHub Actions 1000000124,7ad02b7add541c8a54400cf27ec1b09de3aedb4f
36477900429,1,01-devsecops,AUD-04,devsecops-audit,all_tools,true,alvo2,step,SAST - Semgrep (alvo2-uptimekuma),Post Checkout (com submodulos),2026-09-28T20:16:29Z,2026-09-28T20:16:29Z,0,success,GitHub Actions 1000000124,7ad02b7add541c8a54400cf27ec1b09de3aedb4f
36477900429,1,01-devsecops,AUD-04,devsecops-audit,all_tools,true,alvo2,step,SAST - Semgrep (alvo2-uptimekuma),Stop containers,2026-09-28T20:16:29Z,2026-09-28T20:16:30Z,1,success,GitHub Actions 1000000124,7ad02b7add541c8a54400cf27ec1b09de3aedb4f
36477900429,1,01-devsecops,AUD-04,devsecops-audit,all_tools,true,alvo2,step,SAST - Semgrep (alvo2-uptimekuma),Complete job,2026-09-28T20:16:30Z,2026-09-28T20:16:30Z,0,success,GitHub Actions 1000000124,7ad02b7add541c8a54400cf27ec1b09de3aedb4f
36477900429,1,01-devsecops,AUD-04,devsecops-audit,all_tools,true,alvo1,job,SAST - Semgrep (alvo1-juiceshop),,2026-09-28T20:15:29Z,2026-09-28T20:17:01Z,92,success,GitHub Actions 1000000125,7ad02b7add541c8a54400cf27ec1b09de3aedb4f
36477900429,1,01-devsecops,AUD-04,devsecops-audit,all_tools,true,alvo1,step,SAST - Semgrep (alvo1-juiceshop),Set up job,2026-09-28T20:15:30Z,2026-09-28T20:15:31Z,1,success,GitHub Actions 1000000125,7ad02b7add541c8a54400cf27ec1b09de3aedb4f
36477900429,1,01-devsecops,AUD-04,devsecops-audit,all_tools,true,alvo1,step,SAST - Semgrep (alvo1-juiceshop),Initialize containers,2026-09-28T20:15:31Z,2026-09-28T20:15:47Z,16,success,GitHub Actions 1000000125,7ad02b7add541c8a54400cf27ec1b09de3aedb4f
36477900429,1,01-devsecops,AUD-04,devsecops-audit,all_tools,true,alvo1,step,SAST - Semgrep (alvo1-juiceshop),Checkout (com submodulos),2026-09-28T20:15:47Z,2026-09-28T20:15:57Z,10,success,GitHub Actions 1000000125,7ad02b7add541c8a54400cf27ec1b09de3aedb4f
36477900429,1,01-devsecops,AUD-04,devsecops-audit,all_tools,true,alvo1,step,SAST - Semgrep (alvo1-juiceshop),Carregar perfil do alvo,2026-09-28T20:15:57Z,2026-09-28T20:15:57Z,0,success,GitHub Actions 1000000125,7ad02b7add541c8a54400cf27ec1b09de3aedb4f
36477900429,1,01-devsecops,AUD-04,devsecops-audit,all_tools,true,alvo1,step,SAST - Semgrep (alvo1-juiceshop),Semgrep scan,2026-09-28T20:15:57Z,2026-09-28T20:16:56Z,59,success,GitHub Actions 1000000125,7ad02b7add541c8a54400cf27ec1b09de3aedb4f
36477900429,1,01-devsecops,AUD-04,devsecops-audit,all_tools,true,alvo1,step,SAST - Semgrep (alvo1-juiceshop),Run actions/upload-artifact@043fb46d1a93c77aae656e7c1c64a875d1fc6a0a,2026-09-28T20:16:56Z,2026-09-28T20:16:58Z,2,success,GitHub Actions 1000000125,7ad02b7add541c8a54400cf27ec1b09de3aedb4f
36477900429,1,01-devsecops,AUD-04,devsecops-audit,all_tools,true,alvo1,step,SAST - Semgrep (alvo1-juiceshop),Post Checkout (com submodulos),2026-09-28T20:16:58Z,2026-09-28T20:16:58Z,0,success,GitHub Actions 1000000125,7ad02b7add541c8a54400cf27ec1b09de3aedb4f
36477900429,1,01-devsecops,AUD-04,devsecops-audit,all_tools,true,alvo1,step,SAST - Semgrep (alvo1-juiceshop),Stop containers,2026-09-28T20:16:58Z,2026-09-28T20:16:58Z,0,success,GitHub Actions 1000000125,7ad02b7add541c8a54400cf27ec1b09de3aedb4f
36477900429,1,01-devsecops,AUD-04,devsecops-audit,all_tools,true,alvo1,step,SAST - Semgrep (alvo1-juiceshop),Complete job,2026-09-28T20:16:58Z,2026-09-28T20:16:58Z,0,success,GitHub Actions 1000000125,7ad02b7add541c8a54400cf27ec1b09de3aedb4f
36477900429,1,01-devsecops,AUD-04,devsecops-audit,all_tools,true,alvo2,job,Build (alvo2-uptimekuma),,2026-09-28T20:17:03Z,2026-09-28T20:20:34Z,211,success,GitHub Actions 1000000127,7ad02b7add541c8a54400cf27ec1b09de3aedb4f
36477900429,1,01-devsecops,AUD-04,devsecops-audit,all_tools,true,alvo2,step,Build (alvo2-uptimekuma),Set up job,2026-09-28T20:17:04Z,2026-09-28T20:17:04Z,0,success,GitHub Actions 1000000127,7ad02b7add541c8a54400cf27ec1b09de3aedb4f
36477900429,1,01-devsecops,AUD-04,devsecops-audit,all_tools,true,alvo2,step,Build (alvo2-uptimekuma),Checkout (com submodulos),2026-09-28T20:17:04Z,2026-09-28T20:17:12Z,8,success,GitHub Actions 1000000127,7ad02b7add541c8a54400cf27ec1b09de3aedb4f
36477900429,1,01-devsecops,AUD-04,devsecops-audit,all_tools,true,alvo2,step,Build (alvo2-uptimekuma),Carregar perfil do alvo,2026-09-28T20:17:12Z,2026-09-28T20:17:12Z,0,success,GitHub Actions 1000000127,7ad02b7add541c8a54400cf27ec1b09de3aedb4f
36477900429,1,01-devsecops,AUD-04,devsecops-audit,all_tools,true,alvo2,step,Build (alvo2-uptimekuma),Instalar Node.js (quando exigido pelo alvo),2026-09-28T20:17:12Z,2026-09-28T20:17:13Z,1,success,GitHub Actions 1000000127,7ad02b7add541c8a54400cf27ec1b09de3aedb4f
36477900429,1,01-devsecops,AUD-04,devsecops-audit,all_tools,true,alvo2,step,Build (alvo2-uptimekuma),Pre-build da aplicacao (quando exigido pelo alvo),2026-09-28T20:17:13Z,2026-09-28T20:18:53Z,100,success,GitHub Actions 1000000127,7ad02b7add541c8a54400cf27ec1b09de3aedb4f
36477900429,1,01-devsecops,AUD-04,devsecops-audit,all_tools,true,alvo2,step,Build (alvo2-uptimekuma),Build da imagem Docker,2026-09-28T20:18:53Z,2026-09-28T20:19:47Z,54,success,GitHub Actions 1000000127,7ad02b7add541c8a54400cf27ec1b09de3aedb4f
36477900429,1,01-devsecops,AUD-04,devsecops-audit,all_tools,true,alvo2,step,Build (alvo2-uptimekuma),Run actions/upload-artifact@043fb46d1a93c77aae656e7c1c64a875d1fc6a0a,2026-09-28T20:19:47Z,2026-09-28T20:20:32Z,45,success,GitHub Actions 1000000127,7ad02b7add541c8a54400cf27ec1b09de3aedb4f
36477900429,1,01-devsecops,AUD-04,devsecops-audit,all_tools,true,alvo2,step,Build (alvo2-uptimekuma),Post Instalar Node.js (quando exigido pelo alvo),2026-09-28T20:20:32Z,2026-09-28T20:20:32Z,0,success,GitHub Actions 1000000127,7ad02b7add541c8a54400cf27ec1b09de3aedb4f
36477900429,1,01-devsecops,AUD-04,devsecops-audit,all_tools,true,alvo2,step,Build (alvo2-uptimekuma),Post Checkout (com submodulos),2026-09-28T20:20:32Z,2026-09-28T20:20:33Z,1,success,GitHub Actions 1000000127,7ad02b7add541c8a54400cf27ec1b09de3aedb4f
36477900429,1,01-devsecops,AUD-04,devsecops-audit,all_tools,true,alvo2,step,Build (alvo2-uptimekuma),Complete job,2026-09-28T20:20:33Z,2026-09-28T20:20:33Z,0,success,GitHub Actions 1000000127,7ad02b7add541c8a54400cf27ec1b09de3aedb4f
36477900429,1,01-devsecops,AUD-04,devsecops-audit,all_tools,true,alvo1,job,Build (alvo1-juiceshop),,2026-09-28T20:17:04Z,2026-09-28T20:19:56Z,172,success,GitHub Actions 1000000126,7ad02b7add541c8a54400cf27ec1b09de3aedb4f
36477900429,1,01-devsecops,AUD-04,devsecops-audit,all_tools,true,alvo1,step,Build (alvo1-juiceshop),Set up job,2026-09-28T20:17:05Z,2026-09-28T20:17:06Z,1,success,GitHub Actions 1000000126,7ad02b7add541c8a54400cf27ec1b09de3aedb4f
36477900429,1,01-devsecops,AUD-04,devsecops-audit,all_tools,true,alvo1,step,Build (alvo1-juiceshop),Checkout (com submodulos),2026-09-28T20:17:06Z,2026-09-28T20:17:15Z,9,success,GitHub Actions 1000000126,7ad02b7add541c8a54400cf27ec1b09de3aedb4f
36477900429,1,01-devsecops,AUD-04,devsecops-audit,all_tools,true,alvo1,step,Build (alvo1-juiceshop),Carregar perfil do alvo,2026-09-28T20:17:15Z,2026-09-28T20:17:15Z,0,success,GitHub Actions 1000000126,7ad02b7add541c8a54400cf27ec1b09de3aedb4f
36477900429,1,01-devsecops,AUD-04,devsecops-audit,all_tools,true,alvo1,step,Build (alvo1-juiceshop),Instalar Node.js (quando exigido pelo alvo),2026-09-28T20:17:15Z,2026-09-28T20:17:15Z,0,skipped,GitHub Actions 1000000126,7ad02b7add541c8a54400cf27ec1b09de3aedb4f
36477900429,1,01-devsecops,AUD-04,devsecops-audit,all_tools,true,alvo1,step,Build (alvo1-juiceshop),Pre-build da aplicacao (quando exigido pelo alvo),2026-09-28T20:17:15Z,2026-09-28T20:17:15Z,0,skipped,GitHub Actions 1000000126,7ad02b7add541c8a54400cf27ec1b09de3aedb4f
36477900429,1,01-devsecops,AUD-04,devsecops-audit,all_tools,true,alvo1,step,Build (alvo1-juiceshop),Build da imagem Docker,2026-09-28T20:17:15Z,2026-09-28T20:19:44Z,149,success,GitHub Actions 1000000126,7ad02b7add541c8a54400cf27ec1b09de3aedb4f
36477900429,1,01-devsecops,AUD-04,devsecops-audit,all_tools,true,alvo1,step,Build (alvo1-juiceshop),Run actions/upload-artifact@043fb46d1a93c77aae656e7c1c64a875d1fc6a0a,2026-09-28T20:19:44Z,2026-09-28T20:19:54Z,10,success,GitHub Actions 1000000126,7ad02b7add541c8a54400cf27ec1b09de3aedb4f
36477900429,1,01-devsecops,AUD-04,devsecops-audit,all_tools,true,alvo1,step,Build (alvo1-juiceshop),Post Checkout (com submodulos),2026-09-28T20:19:54Z,2026-09-28T20:19:55Z,1,success,GitHub Actions 1000000126,7ad02b7add541c8a54400cf27ec1b09de3aedb4f
36477900429,1,01-devsecops,AUD-04,devsecops-audit,all_tools,true,alvo1,step,Build (alvo1-juiceshop),Complete job,2026-09-28T20:19:55Z,2026-09-28T20:19:55Z,0,success,GitHub Actions 1000000126,7ad02b7add541c8a54400cf27ec1b09de3aedb4f
36477900429,1,01-devsecops,AUD-04,devsecops-audit,all_tools,true,alvo1,job,SCA - Trivy (alvo1-juiceshop),,2026-09-28T20:20:37Z,2026-09-28T20:21:19Z,42,success,GitHub Actions 1000000128,7ad02b7add541c8a54400cf27ec1b09de3aedb4f
36477900429,1,01-devsecops,AUD-04,devsecops-audit,all_tools,true,alvo1,step,SCA - Trivy (alvo1-juiceshop),Set up job,2026-09-28T20:20:37Z,2026-09-28T20:20:39Z,2,success,GitHub Actions 1000000128,7ad02b7add541c8a54400cf27ec1b09de3aedb4f
36477900429,1,01-devsecops,AUD-04,devsecops-audit,all_tools,true,alvo1,step,SCA - Trivy (alvo1-juiceshop),Checkout (com submodulos),2026-09-28T20:20:39Z,2026-09-28T20:20:46Z,7,success,GitHub Actions 1000000128,7ad02b7add541c8a54400cf27ec1b09de3aedb4f
36477900429,1,01-devsecops,AUD-04,devsecops-audit,all_tools,true,alvo1,step,SCA - Trivy (alvo1-juiceshop),Carregar perfil do alvo,2026-09-28T20:20:46Z,2026-09-28T20:20:46Z,0,success,GitHub Actions 1000000128,7ad02b7add541c8a54400cf27ec1b09de3aedb4f
36477900429,1,01-devsecops,AUD-04,devsecops-audit,all_tools,true,alvo1,step,SCA - Trivy (alvo1-juiceshop),Baixar imagem construida,2026-09-28T20:20:46Z,2026-09-28T20:20:50Z,4,success,GitHub Actions 1000000128,7ad02b7add541c8a54400cf27ec1b09de3aedb4f
36477900429,1,01-devsecops,AUD-04,devsecops-audit,all_tools,true,alvo1,step,SCA - Trivy (alvo1-juiceshop),Carregar imagem no Docker,2026-09-28T20:20:50Z,2026-09-28T20:20:58Z,8,success,GitHub Actions 1000000128,7ad02b7add541c8a54400cf27ec1b09de3aedb4f
36477900429,1,01-devsecops,AUD-04,devsecops-audit,all_tools,true,alvo1,step,SCA - Trivy (alvo1-juiceshop),Instalar Trivy,2026-09-28T20:20:58Z,2026-09-28T20:21:02Z,4,success,GitHub Actions 1000000128,7ad02b7add541c8a54400cf27ec1b09de3aedb4f
36477900429,1,01-devsecops,AUD-04,devsecops-audit,all_tools,true,alvo1,step,SCA - Trivy (alvo1-juiceshop),"Trivy: vulnerabilidades da imagem (D9, fonte unica de SCA)",2026-09-28T20:21:02Z,2026-09-28T20:21:13Z,11,success,GitHub Actions 1000000128,7ad02b7add541c8a54400cf27ec1b09de3aedb4f
36477900429,1,01-devsecops,AUD-04,devsecops-audit,all_tools,true,alvo1,step,SCA - Trivy (alvo1-juiceshop),Trivy: segredos no codigo-fonte,2026-09-28T20:21:13Z,2026-09-28T20:21:14Z,1,success,GitHub Actions 1000000128,7ad02b7add541c8a54400cf27ec1b09de3aedb4f
36477900429,1,01-devsecops,AUD-04,devsecops-audit,all_tools,true,alvo1,step,SCA - Trivy (alvo1-juiceshop),Trivy: IaC (Dockerfile),2026-09-28T20:21:14Z,2026-09-28T20:21:16Z,2,success,GitHub Actions 1000000128,7ad02b7add541c8a54400cf27ec1b09de3aedb4f
36477900429,1,01-devsecops,AUD-04,devsecops-audit,all_tools,true,alvo1,step,SCA - Trivy (alvo1-juiceshop),Run actions/upload-artifact@043fb46d1a93c77aae656e7c1c64a875d1fc6a0a,2026-09-28T20:21:16Z,2026-09-28T20:21:16Z,0,success,GitHub Actions 1000000128,7ad02b7add541c8a54400cf27ec1b09de3aedb4f
36477900429,1,01-devsecops,AUD-04,devsecops-audit,all_tools,true,alvo1,step,SCA - Trivy (alvo1-juiceshop),Post Instalar Trivy,2026-09-28T20:21:16Z,2026-09-28T20:21:16Z,0,success,GitHub Actions 1000000128,7ad02b7add541c8a54400cf27ec1b09de3aedb4f
36477900429,1,01-devsecops,AUD-04,devsecops-audit,all_tools,true,alvo1,step,SCA - Trivy (alvo1-juiceshop),Post Checkout (com submodulos),2026-09-28T20:21:16Z,2026-09-28T20:21:17Z,1,success,GitHub Actions 1000000128,7ad02b7add541c8a54400cf27ec1b09de3aedb4f
36477900429,1,01-devsecops,AUD-04,devsecops-audit,all_tools,true,alvo1,step,SCA - Trivy (alvo1-juiceshop),Complete job,2026-09-28T20:21:17Z,2026-09-28T20:21:17Z,0,success,GitHub Actions 1000000128,7ad02b7add541c8a54400cf27ec1b09de3aedb4f
36477900429,1,01-devsecops,AUD-04,devsecops-audit,all_tools,true,alvo2,job,SCA - Trivy (alvo2-uptimekuma),,2026-09-28T20:20:37Z,2026-09-28T20:21:55Z,78,success,GitHub Actions 1000000129,7ad02b7add541c8a54400cf27ec1b09de3aedb4f
36477900429,1,01-devsecops,AUD-04,devsecops-audit,all_tools,true,alvo2,step,SCA - Trivy (alvo2-uptimekuma),Set up job,2026-09-28T20:20:37Z,2026-09-28T20:20:39Z,2,success,GitHub Actions 1000000129,7ad02b7add541c8a54400cf27ec1b09de3aedb4f
36477900429,1,01-devsecops,AUD-04,devsecops-audit,all_tools,true,alvo2,step,SCA - Trivy (alvo2-uptimekuma),Checkout (com submodulos),2026-09-28T20:20:39Z,2026-09-28T20:20:47Z,8,success,GitHub Actions 1000000129,7ad02b7add541c8a54400cf27ec1b09de3aedb4f
36477900429,1,01-devsecops,AUD-04,devsecops-audit,all_tools,true,alvo2,step,SCA - Trivy (alvo2-uptimekuma),Carregar perfil do alvo,2026-09-28T20:20:47Z,2026-09-28T20:20:47Z,0,success,GitHub Actions 1000000129,7ad02b7add541c8a54400cf27ec1b09de3aedb4f
36477900429,1,01-devsecops,AUD-04,devsecops-audit,all_tools,true,alvo2,step,SCA - Trivy (alvo2-uptimekuma),Baixar imagem construida,2026-09-28T20:20:47Z,2026-09-28T20:21:00Z,13,success,GitHub Actions 1000000129,7ad02b7add541c8a54400cf27ec1b09de3aedb4f
36477900429,1,01-devsecops,AUD-04,devsecops-audit,all_tools,true,alvo2,step,SCA - Trivy (alvo2-uptimekuma),Carregar imagem no Docker,2026-09-28T20:21:00Z,2026-09-28T20:21:28Z,28,success,GitHub Actions 1000000129,7ad02b7add541c8a54400cf27ec1b09de3aedb4f
36477900429,1,01-devsecops,AUD-04,devsecops-audit,all_tools,true,alvo2,step,SCA - Trivy (alvo2-uptimekuma),Instalar Trivy,2026-09-28T20:21:28Z,2026-09-28T20:21:29Z,1,success,GitHub Actions 1000000129,7ad02b7add541c8a54400cf27ec1b09de3aedb4f
36477900429,1,01-devsecops,AUD-04,devsecops-audit,all_tools,true,alvo2,step,SCA - Trivy (alvo2-uptimekuma),"Trivy: vulnerabilidades da imagem (D9, fonte unica de SCA)",2026-09-28T20:21:29Z,2026-09-28T20:21:49Z,20,success,GitHub Actions 1000000129,7ad02b7add541c8a54400cf27ec1b09de3aedb4f
36477900429,1,01-devsecops,AUD-04,devsecops-audit,all_tools,true,alvo2,step,SCA - Trivy (alvo2-uptimekuma),Trivy: segredos no codigo-fonte,2026-09-28T20:21:49Z,2026-09-28T20:21:50Z,1,success,GitHub Actions 1000000129,7ad02b7add541c8a54400cf27ec1b09de3aedb4f
36477900429,1,01-devsecops,AUD-04,devsecops-audit,all_tools,true,alvo2,step,SCA - Trivy (alvo2-uptimekuma),Trivy: IaC (Dockerfile),2026-09-28T20:21:50Z,2026-09-28T20:21:51Z,1,success,GitHub Actions 1000000129,7ad02b7add541c8a54400cf27ec1b09de3aedb4f
36477900429,1,01-devsecops,AUD-04,devsecops-audit,all_tools,true,alvo2,step,SCA - Trivy (alvo2-uptimekuma),Run actions/upload-artifact@043fb46d1a93c77aae656e7c1c64a875d1fc6a0a,2026-09-28T20:21:51Z,2026-09-28T20:21:53Z,2,success,GitHub Actions 1000000129,7ad02b7add541c8a54400cf27ec1b09de3aedb4f
36477900429,1,01-devsecops,AUD-04,devsecops-audit,all_tools,true,alvo2,step,SCA - Trivy (alvo2-uptimekuma),Post Instalar Trivy,2026-09-28T20:21:53Z,2026-09-28T20:21:53Z,0,success,GitHub Actions 1000000129,7ad02b7add541c8a54400cf27ec1b09de3aedb4f
36477900429,1,01-devsecops,AUD-04,devsecops-audit,all_tools,true,alvo2,step,SCA - Trivy (alvo2-uptimekuma),Post Checkout (com submodulos),2026-09-28T20:21:53Z,2026-09-28T20:21:53Z,0,success,GitHub Actions 1000000129,7ad02b7add541c8a54400cf27ec1b09de3aedb4f
36477900429,1,01-devsecops,AUD-04,devsecops-audit,all_tools,true,alvo2,step,SCA - Trivy (alvo2-uptimekuma),Complete job,2026-09-28T20:21:53Z,2026-09-28T20:21:53Z,0,success,GitHub Actions 1000000129,7ad02b7add541c8a54400cf27ec1b09de3aedb4f
36477900429,1,01-devsecops,AUD-04,devsecops-audit,all_tools,true,alvo2,job,Quality Gate (alvo2-uptimekuma),,2026-09-28T20:21:57Z,2026-09-28T20:22:06Z,9,success,GitHub Actions 1000000130,7ad02b7add541c8a54400cf27ec1b09de3aedb4f
36477900429,1,01-devsecops,AUD-04,devsecops-audit,all_tools,true,alvo2,step,Quality Gate (alvo2-uptimekuma),Set up job,2026-09-28T20:21:58Z,2026-09-28T20:21:58Z,0,success,GitHub Actions 1000000130,7ad02b7add541c8a54400cf27ec1b09de3aedb4f
36477900429,1,01-devsecops,AUD-04,devsecops-audit,all_tools,true,alvo2,step,Quality Gate (alvo2-uptimekuma),Checkout,2026-09-28T20:21:58Z,2026-09-28T20:22:00Z,2,success,GitHub Actions 1000000130,7ad02b7add541c8a54400cf27ec1b09de3aedb4f
36477900429,1,01-devsecops,AUD-04,devsecops-audit,all_tools,true,alvo2,step,Quality Gate (alvo2-uptimekuma),Carregar perfil do alvo,2026-09-28T20:22:00Z,2026-09-28T20:22:00Z,0,success,GitHub Actions 1000000130,7ad02b7add541c8a54400cf27ec1b09de3aedb4f
36477900429,1,01-devsecops,AUD-04,devsecops-audit,all_tools,true,alvo2,step,Quality Gate (alvo2-uptimekuma),Baixar achados de SAST,2026-09-28T20:22:00Z,2026-09-28T20:22:01Z,1,success,GitHub Actions 1000000130,7ad02b7add541c8a54400cf27ec1b09de3aedb4f
36477900429,1,01-devsecops,AUD-04,devsecops-audit,all_tools,true,alvo2,step,Quality Gate (alvo2-uptimekuma),Baixar achados de SCA,2026-09-28T20:22:01Z,2026-09-28T20:22:01Z,0,success,GitHub Actions 1000000130,7ad02b7add541c8a54400cf27ec1b09de3aedb4f
36477900429,1,01-devsecops,AUD-04,devsecops-audit,all_tools,true,alvo2,step,Quality Gate (alvo2-uptimekuma),Instalar dependencias do script,2026-09-28T20:22:01Z,2026-09-28T20:22:02Z,1,success,GitHub Actions 1000000130,7ad02b7add541c8a54400cf27ec1b09de3aedb4f
36477900429,1,01-devsecops,AUD-04,devsecops-audit,all_tools,true,alvo2,step,Quality Gate (alvo2-uptimekuma),Avaliar Quality Gate,2026-09-28T20:22:02Z,2026-09-28T20:22:03Z,1,success,GitHub Actions 1000000130,7ad02b7add541c8a54400cf27ec1b09de3aedb4f
36477900429,1,01-devsecops,AUD-04,devsecops-audit,all_tools,true,alvo2,step,Quality Gate (alvo2-uptimekuma),Run actions/upload-artifact@043fb46d1a93c77aae656e7c1c64a875d1fc6a0a,2026-09-28T20:22:03Z,2026-09-28T20:22:04Z,1,success,GitHub Actions 1000000130,7ad02b7add541c8a54400cf27ec1b09de3aedb4f
36477900429,1,01-devsecops,AUD-04,devsecops-audit,all_tools,true,alvo2,step,Quality Gate (alvo2-uptimekuma),Post Checkout,2026-09-28T20:22:04Z,2026-09-28T20:22:04Z,0,success,GitHub Actions 1000000130,7ad02b7add541c8a54400cf27ec1b09de3aedb4f
36477900429,1,01-devsecops,AUD-04,devsecops-audit,all_tools,true,alvo2,step,Quality Gate (alvo2-uptimekuma),Complete job,2026-09-28T20:22:04Z,2026-09-28T20:22:04Z,0,success,GitHub Actions 1000000130,7ad02b7add541c8a54400cf27ec1b09de3aedb4f
36477900429,1,01-devsecops,AUD-04,devsecops-audit,all_tools,true,alvo1,job,Quality Gate (alvo1-juiceshop),,2026-09-28T20:21:57Z,2026-09-28T20:22:07Z,10,success,GitHub Actions 1000000131,7ad02b7add541c8a54400cf27ec1b09de3aedb4f
36477900429,1,01-devsecops,AUD-04,devsecops-audit,all_tools,true,alvo1,step,Quality Gate (alvo1-juiceshop),Set up job,2026-09-28T20:21:58Z,2026-09-28T20:21:58Z,0,success,GitHub Actions 1000000131,7ad02b7add541c8a54400cf27ec1b09de3aedb4f
36477900429,1,01-devsecops,AUD-04,devsecops-audit,all_tools,true,alvo1,step,Quality Gate (alvo1-juiceshop),Checkout,2026-09-28T20:21:58Z,2026-09-28T20:22:01Z,3,success,GitHub Actions 1000000131,7ad02b7add541c8a54400cf27ec1b09de3aedb4f
36477900429,1,01-devsecops,AUD-04,devsecops-audit,all_tools,true,alvo1,step,Quality Gate (alvo1-juiceshop),Carregar perfil do alvo,2026-09-28T20:22:01Z,2026-09-28T20:22:01Z,0,success,GitHub Actions 1000000131,7ad02b7add541c8a54400cf27ec1b09de3aedb4f
36477900429,1,01-devsecops,AUD-04,devsecops-audit,all_tools,true,alvo1,step,Quality Gate (alvo1-juiceshop),Baixar achados de SAST,2026-09-28T20:22:01Z,2026-09-28T20:22:02Z,1,success,GitHub Actions 1000000131,7ad02b7add541c8a54400cf27ec1b09de3aedb4f
36477900429,1,01-devsecops,AUD-04,devsecops-audit,all_tools,true,alvo1,step,Quality Gate (alvo1-juiceshop),Baixar achados de SCA,2026-09-28T20:22:02Z,2026-09-28T20:22:02Z,0,success,GitHub Actions 1000000131,7ad02b7add541c8a54400cf27ec1b09de3aedb4f
36477900429,1,01-devsecops,AUD-04,devsecops-audit,all_tools,true,alvo1,step,Quality Gate (alvo1-juiceshop),Instalar dependencias do script,2026-09-28T20:22:02Z,2026-09-28T20:22:05Z,3,success,GitHub Actions 1000000131,7ad02b7add541c8a54400cf27ec1b09de3aedb4f
36477900429,1,01-devsecops,AUD-04,devsecops-audit,all_tools,true,alvo1,step,Quality Gate (alvo1-juiceshop),Avaliar Quality Gate,2026-09-28T20:22:05Z,2026-09-28T20:22:05Z,0,success,GitHub Actions 1000000131,7ad02b7add541c8a54400cf27ec1b09de3aedb4f
36477900429,1,01-devsecops,AUD-04,devsecops-audit,all_tools,true,alvo1,step,Quality Gate (alvo1-juiceshop),Run actions/upload-artifact@043fb46d1a93c77aae656e7c1c64a875d1fc6a0a,2026-09-28T20:22:05Z,2026-09-28T20:22:05Z,0,success,GitHub Actions 1000000131,7ad02b7add541c8a54400cf27ec1b09de3aedb4f
36477900429,1,01-devsecops,AUD-04,devsecops-audit,all_tools,true,alvo1,step,Quality Gate (alvo1-juiceshop),Post Checkout,2026-09-28T20:22:05Z,2026-09-28T20:22:06Z,1,success,GitHub Actions 1000000131,7ad02b7add541c8a54400cf27ec1b09de3aedb4f
36477900429,1,01-devsecops,AUD-04,devsecops-audit,all_tools,true,alvo1,step,Quality Gate (alvo1-juiceshop),Complete job,2026-09-28T20:22:06Z,2026-09-28T20:22:06Z,0,success,GitHub Actions 1000000131,7ad02b7add541c8a54400cf27ec1b09de3aedb4f
36477900429,1,01-devsecops,AUD-04,devsecops-audit,all_tools,true,alvo2,job,Staging + DAST - OWASP ZAP (alvo2-uptimekuma),,2026-09-28T20:22:11Z,2026-09-28T20:26:47Z,276,success,GitHub Actions 1000000132,7ad02b7add541c8a54400cf27ec1b09de3aedb4f
36477900429,1,01-devsecops,AUD-04,devsecops-audit,all_tools,true,alvo2,step,Staging + DAST - OWASP ZAP (alvo2-uptimekuma),Set up job,2026-09-28T20:22:11Z,2026-09-28T20:22:13Z,2,success,GitHub Actions 1000000132,7ad02b7add541c8a54400cf27ec1b09de3aedb4f
36477900429,1,01-devsecops,AUD-04,devsecops-audit,all_tools,true,alvo2,step,Staging + DAST - OWASP ZAP (alvo2-uptimekuma),Checkout,2026-09-28T20:22:13Z,2026-09-28T20:22:15Z,2,success,GitHub Actions 1000000132,7ad02b7add541c8a54400cf27ec1b09de3aedb4f
36477900429,1,01-devsecops,AUD-04,devsecops-audit,all_tools,true,alvo2,step,Staging + DAST - OWASP ZAP (alvo2-uptimekuma),Carregar perfil do alvo,2026-09-28T20:22:15Z,2026-09-28T20:22:15Z,0,success,GitHub Actions 1000000132,7ad02b7add541c8a54400cf27ec1b09de3aedb4f
36477900429,1,01-devsecops,AUD-04,devsecops-audit,all_tools,true,alvo2,step,Staging + DAST - OWASP ZAP (alvo2-uptimekuma),Baixar imagem construida,2026-09-28T20:22:15Z,2026-09-28T20:22:29Z,14,success,GitHub Actions 1000000132,7ad02b7add541c8a54400cf27ec1b09de3aedb4f
36477900429,1,01-devsecops,AUD-04,devsecops-audit,all_tools,true,alvo2,step,Staging + DAST - OWASP ZAP (alvo2-uptimekuma),Carregar imagem no Docker,2026-09-28T20:22:29Z,2026-09-28T20:22:56Z,27,success,GitHub Actions 1000000132,7ad02b7add541c8a54400cf27ec1b09de3aedb4f
36477900429,1,01-devsecops,AUD-04,devsecops-audit,all_tools,true,alvo2,step,Staging + DAST - OWASP ZAP (alvo2-uptimekuma),Staging (subir aplicacao e aguardar health check),2026-09-28T20:22:56Z,2026-09-28T20:22:58Z,2,success,GitHub Actions 1000000132,7ad02b7add541c8a54400cf27ec1b09de3aedb4f
36477900429,1,01-devsecops,AUD-04,devsecops-audit,all_tools,true,alvo2,step,Staging + DAST - OWASP ZAP (alvo2-uptimekuma),Montar opcoes do ZAP,2026-09-28T20:22:58Z,2026-09-28T20:22:58Z,0,success,GitHub Actions 1000000132,7ad02b7add541c8a54400cf27ec1b09de3aedb4f
36477900429,1,01-devsecops,AUD-04,devsecops-audit,all_tools,true,alvo2,step,Staging + DAST - OWASP ZAP (alvo2-uptimekuma),OWASP ZAP: full scan,2026-09-28T20:22:58Z,2026-09-28T20:26:38Z,220,success,GitHub Actions 1000000132,7ad02b7add541c8a54400cf27ec1b09de3aedb4f
36477900429,1,01-devsecops,AUD-04,devsecops-audit,all_tools,true,alvo2,step,Staging + DAST - OWASP ZAP (alvo2-uptimekuma),Verificar que o alvo sobreviveu ao DAST,2026-09-28T20:26:38Z,2026-09-28T20:26:38Z,0,success,GitHub Actions 1000000132,7ad02b7add541c8a54400cf27ec1b09de3aedb4f
36477900429,1,01-devsecops,AUD-04,devsecops-audit,all_tools,true,alvo2,step,Staging + DAST - OWASP ZAP (alvo2-uptimekuma),Verificar que o ZAP produziu relatorio,2026-09-28T20:26:38Z,2026-09-28T20:26:38Z,0,success,GitHub Actions 1000000132,7ad02b7add541c8a54400cf27ec1b09de3aedb4f
36477900429,1,01-devsecops,AUD-04,devsecops-audit,all_tools,true,alvo2,step,Staging + DAST - OWASP ZAP (alvo2-uptimekuma),Logs da aplicacao,2026-09-28T20:26:38Z,2026-09-28T20:26:38Z,0,success,GitHub Actions 1000000132,7ad02b7add541c8a54400cf27ec1b09de3aedb4f
36477900429,1,01-devsecops,AUD-04,devsecops-audit,all_tools,true,alvo2,step,Staging + DAST - OWASP ZAP (alvo2-uptimekuma),Encerrar container,2026-09-28T20:26:38Z,2026-09-28T20:26:39Z,1,success,GitHub Actions 1000000132,7ad02b7add541c8a54400cf27ec1b09de3aedb4f
36477900429,1,01-devsecops,AUD-04,devsecops-audit,all_tools,true,alvo2,step,Staging + DAST - OWASP ZAP (alvo2-uptimekuma),Run actions/upload-artifact@043fb46d1a93c77aae656e7c1c64a875d1fc6a0a,2026-09-28T20:26:39Z,2026-09-28T20:26:40Z,1,success,GitHub Actions 1000000132,7ad02b7add541c8a54400cf27ec1b09de3aedb4f
36477900429,1,01-devsecops,AUD-04,devsecops-audit,all_tools,true,alvo2,step,Staging + DAST - OWASP ZAP (alvo2-uptimekuma),Baixar achados de SAST e SCA (gate pos-DAST),2026-09-28T20:26:40Z,2026-09-28T20:26:41Z,1,success,GitHub Actions 1000000132,7ad02b7add541c8a54400cf27ec1b09de3aedb4f
36477900429,1,01-devsecops,AUD-04,devsecops-audit,all_tools,true,alvo2,step,Staging + DAST - OWASP ZAP (alvo2-uptimekuma),Quality Gate pos-DAST (escopo all_tools),2026-09-28T20:26:41Z,2026-09-28T20:26:43Z,2,success,GitHub Actions 1000000132,7ad02b7add541c8a54400cf27ec1b09de3aedb4f
36477900429,1,01-devsecops,AUD-04,devsecops-audit,all_tools,true,alvo2,step,Staging + DAST - OWASP ZAP (alvo2-uptimekuma),Run actions/upload-artifact@043fb46d1a93c77aae656e7c1c64a875d1fc6a0a,2026-09-28T20:26:43Z,2026-09-28T20:26:44Z,1,success,GitHub Actions 1000000132,7ad02b7add541c8a54400cf27ec1b09de3aedb4f
36477900429,1,01-devsecops,AUD-04,devsecops-audit,all_tools,true,alvo2,step,Staging + DAST - OWASP ZAP (alvo2-uptimekuma),Post Checkout,2026-09-28T20:26:44Z,2026-09-28T20:26:45Z,1,success,GitHub Actions 1000000132,7ad02b7add541c8a54400cf27ec1b09de3aedb4f
36477900429,1,01-devsecops,AUD-04,devsecops-audit,all_tools,true,alvo2,step,Staging + DAST - OWASP ZAP (alvo2-uptimekuma),Complete job,2026-09-28T20:26:45Z,2026-09-28T20:26:45Z,0,success,GitHub Actions 1000000132,7ad02b7add541c8a54400cf27ec1b09de3aedb4f
36477900429,1,01-devsecops,AUD-04,devsecops-audit,all_tools,true,alvo1,job,Staging + DAST - OWASP ZAP (alvo1-juiceshop),,2026-09-28T20:22:10Z,2026-09-28T21:17:32Z,3322,success,GitHub Actions 1000000133,7ad02b7add541c8a54400cf27ec1b09de3aedb4f
36477900429,1,01-devsecops,AUD-04,devsecops-audit,all_tools,true,alvo1,step,Staging + DAST - OWASP ZAP (alvo1-juiceshop),Set up job,2026-09-28T20:22:11Z,2026-09-28T20:22:12Z,1,success,GitHub Actions 1000000133,7ad02b7add541c8a54400cf27ec1b09de3aedb4f
36477900429,1,01-devsecops,AUD-04,devsecops-audit,all_tools,true,alvo1,step,Staging + DAST - OWASP ZAP (alvo1-juiceshop),Checkout,2026-09-28T20:22:12Z,2026-09-28T20:22:13Z,1,success,GitHub Actions 1000000133,7ad02b7add541c8a54400cf27ec1b09de3aedb4f
36477900429,1,01-devsecops,AUD-04,devsecops-audit,all_tools,true,alvo1,step,Staging + DAST - OWASP ZAP (alvo1-juiceshop),Carregar perfil do alvo,2026-09-28T20:22:13Z,2026-09-28T20:22:13Z,0,success,GitHub Actions 1000000133,7ad02b7add541c8a54400cf27ec1b09de3aedb4f
36477900429,1,01-devsecops,AUD-04,devsecops-audit,all_tools,true,alvo1,step,Staging + DAST - OWASP ZAP (alvo1-juiceshop),Baixar imagem construida,2026-09-28T20:22:13Z,2026-09-28T20:22:16Z,3,success,GitHub Actions 1000000133,7ad02b7add541c8a54400cf27ec1b09de3aedb4f
36477900429,1,01-devsecops,AUD-04,devsecops-audit,all_tools,true,alvo1,step,Staging + DAST - OWASP ZAP (alvo1-juiceshop),Carregar imagem no Docker,2026-09-28T20:22:16Z,2026-09-28T20:22:25Z,9,success,GitHub Actions 1000000133,7ad02b7add541c8a54400cf27ec1b09de3aedb4f
36477900429,1,01-devsecops,AUD-04,devsecops-audit,all_tools,true,alvo1,step,Staging + DAST - OWASP ZAP (alvo1-juiceshop),Staging (subir aplicacao e aguardar health check),2026-09-28T20:22:25Z,2026-09-28T20:22:27Z,2,success,GitHub Actions 1000000133,7ad02b7add541c8a54400cf27ec1b09de3aedb4f
36477900429,1,01-devsecops,AUD-04,devsecops-audit,all_tools,true,alvo1,step,Staging + DAST - OWASP ZAP (alvo1-juiceshop),Montar opcoes do ZAP,2026-09-28T20:22:27Z,2026-09-28T20:22:27Z,0,success,GitHub Actions 1000000133,7ad02b7add541c8a54400cf27ec1b09de3aedb4f
36477900429,1,01-devsecops,AUD-04,devsecops-audit,all_tools,true,alvo1,step,Staging + DAST - OWASP ZAP (alvo1-juiceshop),OWASP ZAP: full scan,2026-09-28T20:22:27Z,2026-09-28T21:17:26Z,3299,success,GitHub Actions 1000000133,7ad02b7add541c8a54400cf27ec1b09de3aedb4f
36477900429,1,01-devsecops,AUD-04,devsecops-audit,all_tools,true,alvo1,step,Staging + DAST - OWASP ZAP (alvo1-juiceshop),Verificar que o alvo sobreviveu ao DAST,2026-09-28T21:17:26Z,2026-09-28T21:17:26Z,0,success,GitHub Actions 1000000133,7ad02b7add541c8a54400cf27ec1b09de3aedb4f
36477900429,1,01-devsecops,AUD-04,devsecops-audit,all_tools,true,alvo1,step,Staging + DAST - OWASP ZAP (alvo1-juiceshop),Verificar que o ZAP produziu relatorio,2026-09-28T21:17:26Z,2026-09-28T21:17:26Z,0,success,GitHub Actions 1000000133,7ad02b7add541c8a54400cf27ec1b09de3aedb4f
36477900429,1,01-devsecops,AUD-04,devsecops-audit,all_tools,true,alvo1,step,Staging + DAST - OWASP ZAP (alvo1-juiceshop),Logs da aplicacao,2026-09-28T21:17:26Z,2026-09-28T21:17:26Z,0,success,GitHub Actions 1000000133,7ad02b7add541c8a54400cf27ec1b09de3aedb4f
36477900429,1,01-devsecops,AUD-04,devsecops-audit,all_tools,true,alvo1,step,Staging + DAST - OWASP ZAP (alvo1-juiceshop),Encerrar container,2026-09-28T21:17:26Z,2026-09-28T21:17:27Z,1,success,GitHub Actions 1000000133,7ad02b7add541c8a54400cf27ec1b09de3aedb4f
36477900429,1,01-devsecops,AUD-04,devsecops-audit,all_tools,true,alvo1,step,Staging + DAST - OWASP ZAP (alvo1-juiceshop),Run actions/upload-artifact@043fb46d1a93c77aae656e7c1c64a875d1fc6a0a,2026-09-28T21:17:27Z,2026-09-28T21:17:27Z,0,success,GitHub Actions 1000000133,7ad02b7add541c8a54400cf27ec1b09de3aedb4f
36477900429,1,01-devsecops,AUD-04,devsecops-audit,all_tools,true,alvo1,step,Staging + DAST - OWASP ZAP (alvo1-juiceshop),Baixar achados de SAST e SCA (gate pos-DAST),2026-09-28T21:17:27Z,2026-09-28T21:17:28Z,1,success,GitHub Actions 1000000133,7ad02b7add541c8a54400cf27ec1b09de3aedb4f
36477900429,1,01-devsecops,AUD-04,devsecops-audit,all_tools,true,alvo1,step,Staging + DAST - OWASP ZAP (alvo1-juiceshop),Quality Gate pos-DAST (escopo all_tools),2026-09-28T21:17:28Z,2026-09-28T21:17:30Z,2,success,GitHub Actions 1000000133,7ad02b7add541c8a54400cf27ec1b09de3aedb4f
36477900429,1,01-devsecops,AUD-04,devsecops-audit,all_tools,true,alvo1,step,Staging + DAST - OWASP ZAP (alvo1-juiceshop),Run actions/upload-artifact@043fb46d1a93c77aae656e7c1c64a875d1fc6a0a,2026-09-28T21:17:30Z,2026-09-28T21:17:31Z,1,success,GitHub Actions 1000000133,7ad02b7add541c8a54400cf27ec1b09de3aedb4f
36477900429,1,01-devsecops,AUD-04,devsecops-audit,all_tools,true,alvo1,step,Staging + DAST - OWASP ZAP (alvo1-juiceshop),Post Checkout,2026-09-28T21:17:31Z,2026-09-28T21:17:31Z,0,success,GitHub Actions 1000000133,7ad02b7add541c8a54400cf27ec1b09de3aedb4f
36477900429,1,01-devsecops,AUD-04,devsecops-audit,all_tools,true,alvo1,step,Staging + DAST - OWASP ZAP (alvo1-juiceshop),Complete job,2026-09-28T21:17:31Z,2026-09-28T21:17:31Z,0,success,GitHub Actions 1000000133,7ad02b7add541c8a54400cf27ec1b09de3aedb4f
36482367301,1,01-devsecops,ENF-02,devsecops-enforce,sca_only,true,alvo2,job,SAST - Semgrep (alvo2-uptimekuma),,2026-09-28T20:53:32Z,2026-09-28T20:54:31Z,59,success,GitHub Actions 1000000134,7ad02b7add541c8a54400cf27ec1b09de3aedb4f
36482367301,1,01-devsecops,ENF-02,devsecops-enforce,sca_only,true,alvo2,step,SAST - Semgrep (alvo2-uptimekuma),Set up job,2026-09-28T20:53:33Z,2026-09-28T20:53:34Z,1,success,GitHub Actions 1000000134,7ad02b7add541c8a54400cf27ec1b09de3aedb4f
36482367301,1,01-devsecops,ENF-02,devsecops-enforce,sca_only,true,alvo2,step,SAST - Semgrep (alvo2-uptimekuma),Initialize containers,2026-09-28T20:53:34Z,2026-09-28T20:53:47Z,13,success,GitHub Actions 1000000134,7ad02b7add541c8a54400cf27ec1b09de3aedb4f
36482367301,1,01-devsecops,ENF-02,devsecops-enforce,sca_only,true,alvo2,step,SAST - Semgrep (alvo2-uptimekuma),Checkout (com submodulos),2026-09-28T20:53:47Z,2026-09-28T20:53:55Z,8,success,GitHub Actions 1000000134,7ad02b7add541c8a54400cf27ec1b09de3aedb4f
36482367301,1,01-devsecops,ENF-02,devsecops-enforce,sca_only,true,alvo2,step,SAST - Semgrep (alvo2-uptimekuma),Carregar perfil do alvo,2026-09-28T20:53:55Z,2026-09-28T20:53:55Z,0,success,GitHub Actions 1000000134,7ad02b7add541c8a54400cf27ec1b09de3aedb4f
36482367301,1,01-devsecops,ENF-02,devsecops-enforce,sca_only,true,alvo2,step,SAST - Semgrep (alvo2-uptimekuma),Semgrep scan,2026-09-28T20:53:55Z,2026-09-28T20:54:27Z,32,success,GitHub Actions 1000000134,7ad02b7add541c8a54400cf27ec1b09de3aedb4f
36482367301,1,01-devsecops,ENF-02,devsecops-enforce,sca_only,true,alvo2,step,SAST - Semgrep (alvo2-uptimekuma),Run actions/upload-artifact@043fb46d1a93c77aae656e7c1c64a875d1fc6a0a,2026-09-28T20:54:27Z,2026-09-28T20:54:28Z,1,success,GitHub Actions 1000000134,7ad02b7add541c8a54400cf27ec1b09de3aedb4f
36482367301,1,01-devsecops,ENF-02,devsecops-enforce,sca_only,true,alvo2,step,SAST - Semgrep (alvo2-uptimekuma),Post Checkout (com submodulos),2026-09-28T20:54:28Z,2026-09-28T20:54:29Z,1,success,GitHub Actions 1000000134,7ad02b7add541c8a54400cf27ec1b09de3aedb4f
36482367301,1,01-devsecops,ENF-02,devsecops-enforce,sca_only,true,alvo2,step,SAST - Semgrep (alvo2-uptimekuma),Stop containers,2026-09-28T20:54:29Z,2026-09-28T20:54:29Z,0,success,GitHub Actions 1000000134,7ad02b7add541c8a54400cf27ec1b09de3aedb4f
36482367301,1,01-devsecops,ENF-02,devsecops-enforce,sca_only,true,alvo2,step,SAST - Semgrep (alvo2-uptimekuma),Complete job,2026-09-28T20:54:29Z,2026-09-28T20:54:29Z,0,success,GitHub Actions 1000000134,7ad02b7add541c8a54400cf27ec1b09de3aedb4f
36482367301,1,01-devsecops,ENF-02,devsecops-enforce,sca_only,true,alvo1,job,SAST - Semgrep (alvo1-juiceshop),,2026-09-28T20:53:34Z,2026-09-28T20:55:03Z,89,success,GitHub Actions 1000000135,7ad02b7add541c8a54400cf27ec1b09de3aedb4f
36482367301,1,01-devsecops,ENF-02,devsecops-enforce,sca_only,true,alvo1,step,SAST - Semgrep (alvo1-juiceshop),Set up job,2026-09-28T20:53:35Z,2026-09-28T20:53:36Z,1,success,GitHub Actions 1000000135,7ad02b7add541c8a54400cf27ec1b09de3aedb4f
36482367301,1,01-devsecops,ENF-02,devsecops-enforce,sca_only,true,alvo1,step,SAST - Semgrep (alvo1-juiceshop),Initialize containers,2026-09-28T20:53:36Z,2026-09-28T20:53:48Z,12,success,GitHub Actions 1000000135,7ad02b7add541c8a54400cf27ec1b09de3aedb4f
36482367301,1,01-devsecops,ENF-02,devsecops-enforce,sca_only,true,alvo1,step,SAST - Semgrep (alvo1-juiceshop),Checkout (com submodulos),2026-09-28T20:53:48Z,2026-09-28T20:53:56Z,8,success,GitHub Actions 1000000135,7ad02b7add541c8a54400cf27ec1b09de3aedb4f
36482367301,1,01-devsecops,ENF-02,devsecops-enforce,sca_only,true,alvo1,step,SAST - Semgrep (alvo1-juiceshop),Carregar perfil do alvo,2026-09-28T20:53:56Z,2026-09-28T20:53:56Z,0,success,GitHub Actions 1000000135,7ad02b7add541c8a54400cf27ec1b09de3aedb4f
36482367301,1,01-devsecops,ENF-02,devsecops-enforce,sca_only,true,alvo1,step,SAST - Semgrep (alvo1-juiceshop),Semgrep scan,2026-09-28T20:53:56Z,2026-09-28T20:54:59Z,63,success,GitHub Actions 1000000135,7ad02b7add541c8a54400cf27ec1b09de3aedb4f
36482367301,1,01-devsecops,ENF-02,devsecops-enforce,sca_only,true,alvo1,step,SAST - Semgrep (alvo1-juiceshop),Run actions/upload-artifact@043fb46d1a93c77aae656e7c1c64a875d1fc6a0a,2026-09-28T20:54:59Z,2026-09-28T20:55:01Z,2,success,GitHub Actions 1000000135,7ad02b7add541c8a54400cf27ec1b09de3aedb4f
36482367301,1,01-devsecops,ENF-02,devsecops-enforce,sca_only,true,alvo1,step,SAST - Semgrep (alvo1-juiceshop),Post Checkout (com submodulos),2026-09-28T20:55:01Z,2026-09-28T20:55:01Z,0,success,GitHub Actions 1000000135,7ad02b7add541c8a54400cf27ec1b09de3aedb4f
36482367301,1,01-devsecops,ENF-02,devsecops-enforce,sca_only,true,alvo1,step,SAST - Semgrep (alvo1-juiceshop),Stop containers,2026-09-28T20:55:01Z,2026-09-28T20:55:01Z,0,success,GitHub Actions 1000000135,7ad02b7add541c8a54400cf27ec1b09de3aedb4f
36482367301,1,01-devsecops,ENF-02,devsecops-enforce,sca_only,true,alvo1,step,SAST - Semgrep (alvo1-juiceshop),Complete job,2026-09-28T20:55:01Z,2026-09-28T20:55:01Z,0,success,GitHub Actions 1000000135,7ad02b7add541c8a54400cf27ec1b09de3aedb4f
36482367301,1,01-devsecops,ENF-02,devsecops-enforce,sca_only,true,alvo2,job,Build (alvo2-uptimekuma),,2026-09-28T20:55:06Z,2026-09-28T20:58:43Z,217,success,GitHub Actions 1000000137,7ad02b7add541c8a54400cf27ec1b09de3aedb4f
36482367301,1,01-devsecops,ENF-02,devsecops-enforce,sca_only,true,alvo2,step,Build (alvo2-uptimekuma),Set up job,2026-09-28T20:55:07Z,2026-09-28T20:55:08Z,1,success,GitHub Actions 1000000137,7ad02b7add541c8a54400cf27ec1b09de3aedb4f
36482367301,1,01-devsecops,ENF-02,devsecops-enforce,sca_only,true,alvo2,step,Build (alvo2-uptimekuma),Checkout (com submodulos),2026-09-28T20:55:08Z,2026-09-28T20:55:15Z,7,success,GitHub Actions 1000000137,7ad02b7add541c8a54400cf27ec1b09de3aedb4f
36482367301,1,01-devsecops,ENF-02,devsecops-enforce,sca_only,true,alvo2,step,Build (alvo2-uptimekuma),Carregar perfil do alvo,2026-09-28T20:55:15Z,2026-09-28T20:55:15Z,0,success,GitHub Actions 1000000137,7ad02b7add541c8a54400cf27ec1b09de3aedb4f
36482367301,1,01-devsecops,ENF-02,devsecops-enforce,sca_only,true,alvo2,step,Build (alvo2-uptimekuma),Instalar Node.js (quando exigido pelo alvo),2026-09-28T20:55:15Z,2026-09-28T20:55:16Z,1,success,GitHub Actions 1000000137,7ad02b7add541c8a54400cf27ec1b09de3aedb4f
36482367301,1,01-devsecops,ENF-02,devsecops-enforce,sca_only,true,alvo2,step,Build (alvo2-uptimekuma),Pre-build da aplicacao (quando exigido pelo alvo),2026-09-28T20:55:16Z,2026-09-28T20:57:00Z,104,success,GitHub Actions 1000000137,7ad02b7add541c8a54400cf27ec1b09de3aedb4f
36482367301,1,01-devsecops,ENF-02,devsecops-enforce,sca_only,true,alvo2,step,Build (alvo2-uptimekuma),Build da imagem Docker,2026-09-28T20:57:00Z,2026-09-28T20:57:55Z,55,success,GitHub Actions 1000000137,7ad02b7add541c8a54400cf27ec1b09de3aedb4f
36482367301,1,01-devsecops,ENF-02,devsecops-enforce,sca_only,true,alvo2,step,Build (alvo2-uptimekuma),Run actions/upload-artifact@043fb46d1a93c77aae656e7c1c64a875d1fc6a0a,2026-09-28T20:57:55Z,2026-09-28T20:58:40Z,45,success,GitHub Actions 1000000137,7ad02b7add541c8a54400cf27ec1b09de3aedb4f
36482367301,1,01-devsecops,ENF-02,devsecops-enforce,sca_only,true,alvo2,step,Build (alvo2-uptimekuma),Post Instalar Node.js (quando exigido pelo alvo),2026-09-28T20:58:40Z,2026-09-28T20:58:40Z,0,success,GitHub Actions 1000000137,7ad02b7add541c8a54400cf27ec1b09de3aedb4f
36482367301,1,01-devsecops,ENF-02,devsecops-enforce,sca_only,true,alvo2,step,Build (alvo2-uptimekuma),Post Checkout (com submodulos),2026-09-28T20:58:40Z,2026-09-28T20:58:40Z,0,success,GitHub Actions 1000000137,7ad02b7add541c8a54400cf27ec1b09de3aedb4f
36482367301,1,01-devsecops,ENF-02,devsecops-enforce,sca_only,true,alvo2,step,Build (alvo2-uptimekuma),Complete job,2026-09-28T20:58:40Z,2026-09-28T20:58:40Z,0,success,GitHub Actions 1000000137,7ad02b7add541c8a54400cf27ec1b09de3aedb4f
36482367301,1,01-devsecops,ENF-02,devsecops-enforce,sca_only,true,alvo1,job,Build (alvo1-juiceshop),,2026-09-28T20:55:06Z,2026-09-28T20:58:11Z,185,success,GitHub Actions 1000000136,7ad02b7add541c8a54400cf27ec1b09de3aedb4f
36482367301,1,01-devsecops,ENF-02,devsecops-enforce,sca_only,true,alvo1,step,Build (alvo1-juiceshop),Set up job,2026-09-28T20:55:07Z,2026-09-28T20:55:08Z,1,success,GitHub Actions 1000000136,7ad02b7add541c8a54400cf27ec1b09de3aedb4f
36482367301,1,01-devsecops,ENF-02,devsecops-enforce,sca_only,true,alvo1,step,Build (alvo1-juiceshop),Checkout (com submodulos),2026-09-28T20:55:08Z,2026-09-28T20:55:17Z,9,success,GitHub Actions 1000000136,7ad02b7add541c8a54400cf27ec1b09de3aedb4f
36482367301,1,01-devsecops,ENF-02,devsecops-enforce,sca_only,true,alvo1,step,Build (alvo1-juiceshop),Carregar perfil do alvo,2026-09-28T20:55:17Z,2026-09-28T20:55:17Z,0,success,GitHub Actions 1000000136,7ad02b7add541c8a54400cf27ec1b09de3aedb4f
36482367301,1,01-devsecops,ENF-02,devsecops-enforce,sca_only,true,alvo1,step,Build (alvo1-juiceshop),Instalar Node.js (quando exigido pelo alvo),2026-09-28T20:55:17Z,2026-09-28T20:55:17Z,0,skipped,GitHub Actions 1000000136,7ad02b7add541c8a54400cf27ec1b09de3aedb4f
36482367301,1,01-devsecops,ENF-02,devsecops-enforce,sca_only,true,alvo1,step,Build (alvo1-juiceshop),Pre-build da aplicacao (quando exigido pelo alvo),2026-09-28T20:55:17Z,2026-09-28T20:55:17Z,0,skipped,GitHub Actions 1000000136,7ad02b7add541c8a54400cf27ec1b09de3aedb4f
36482367301,1,01-devsecops,ENF-02,devsecops-enforce,sca_only,true,alvo1,step,Build (alvo1-juiceshop),Build da imagem Docker,2026-09-28T20:55:17Z,2026-09-28T20:58:01Z,164,success,GitHub Actions 1000000136,7ad02b7add541c8a54400cf27ec1b09de3aedb4f
36482367301,1,01-devsecops,ENF-02,devsecops-enforce,sca_only,true,alvo1,step,Build (alvo1-juiceshop),Run actions/upload-artifact@043fb46d1a93c77aae656e7c1c64a875d1fc6a0a,2026-09-28T20:58:01Z,2026-09-28T20:58:09Z,8,success,GitHub Actions 1000000136,7ad02b7add541c8a54400cf27ec1b09de3aedb4f
36482367301,1,01-devsecops,ENF-02,devsecops-enforce,sca_only,true,alvo1,step,Build (alvo1-juiceshop),Post Checkout (com submodulos),2026-09-28T20:58:09Z,2026-09-28T20:58:10Z,1,success,GitHub Actions 1000000136,7ad02b7add541c8a54400cf27ec1b09de3aedb4f
36482367301,1,01-devsecops,ENF-02,devsecops-enforce,sca_only,true,alvo1,step,Build (alvo1-juiceshop),Complete job,2026-09-28T20:58:10Z,2026-09-28T20:58:10Z,0,success,GitHub Actions 1000000136,7ad02b7add541c8a54400cf27ec1b09de3aedb4f
36482367301,1,01-devsecops,ENF-02,devsecops-enforce,sca_only,true,alvo2,job,SCA - Trivy (alvo2-uptimekuma),,2026-09-28T20:58:46Z,2026-09-28T21:00:33Z,107,success,GitHub Actions 1000000138,7ad02b7add541c8a54400cf27ec1b09de3aedb4f
36482367301,1,01-devsecops,ENF-02,devsecops-enforce,sca_only,true,alvo2,step,SCA - Trivy (alvo2-uptimekuma),Set up job,2026-09-28T20:58:47Z,2026-09-28T20:58:49Z,2,success,GitHub Actions 1000000138,7ad02b7add541c8a54400cf27ec1b09de3aedb4f
36482367301,1,01-devsecops,ENF-02,devsecops-enforce,sca_only,true,alvo2,step,SCA - Trivy (alvo2-uptimekuma),Checkout (com submodulos),2026-09-28T20:58:49Z,2026-09-28T20:58:58Z,9,success,GitHub Actions 1000000138,7ad02b7add541c8a54400cf27ec1b09de3aedb4f
36482367301,1,01-devsecops,ENF-02,devsecops-enforce,sca_only,true,alvo2,step,SCA - Trivy (alvo2-uptimekuma),Carregar perfil do alvo,2026-09-28T20:58:58Z,2026-09-28T20:58:59Z,1,success,GitHub Actions 1000000138,7ad02b7add541c8a54400cf27ec1b09de3aedb4f
36482367301,1,01-devsecops,ENF-02,devsecops-enforce,sca_only,true,alvo2,step,SCA - Trivy (alvo2-uptimekuma),Baixar imagem construida,2026-09-28T20:58:59Z,2026-09-28T20:59:19Z,20,success,GitHub Actions 1000000138,7ad02b7add541c8a54400cf27ec1b09de3aedb4f
36482367301,1,01-devsecops,ENF-02,devsecops-enforce,sca_only,true,alvo2,step,SCA - Trivy (alvo2-uptimekuma),Carregar imagem no Docker,2026-09-28T20:59:19Z,2026-09-28T20:59:59Z,40,success,GitHub Actions 1000000138,7ad02b7add541c8a54400cf27ec1b09de3aedb4f
36482367301,1,01-devsecops,ENF-02,devsecops-enforce,sca_only,true,alvo2,step,SCA - Trivy (alvo2-uptimekuma),Instalar Trivy,2026-09-28T20:59:59Z,2026-09-28T21:00:01Z,2,success,GitHub Actions 1000000138,7ad02b7add541c8a54400cf27ec1b09de3aedb4f
36482367301,1,01-devsecops,ENF-02,devsecops-enforce,sca_only,true,alvo2,step,SCA - Trivy (alvo2-uptimekuma),"Trivy: vulnerabilidades da imagem (D9, fonte unica de SCA)",2026-09-28T21:00:01Z,2026-09-28T21:00:27Z,26,success,GitHub Actions 1000000138,7ad02b7add541c8a54400cf27ec1b09de3aedb4f
36482367301,1,01-devsecops,ENF-02,devsecops-enforce,sca_only,true,alvo2,step,SCA - Trivy (alvo2-uptimekuma),Trivy: segredos no codigo-fonte,2026-09-28T21:00:27Z,2026-09-28T21:00:27Z,0,success,GitHub Actions 1000000138,7ad02b7add541c8a54400cf27ec1b09de3aedb4f
36482367301,1,01-devsecops,ENF-02,devsecops-enforce,sca_only,true,alvo2,step,SCA - Trivy (alvo2-uptimekuma),Trivy: IaC (Dockerfile),2026-09-28T21:00:27Z,2026-09-28T21:00:29Z,2,success,GitHub Actions 1000000138,7ad02b7add541c8a54400cf27ec1b09de3aedb4f
36482367301,1,01-devsecops,ENF-02,devsecops-enforce,sca_only,true,alvo2,step,SCA - Trivy (alvo2-uptimekuma),Run actions/upload-artifact@043fb46d1a93c77aae656e7c1c64a875d1fc6a0a,2026-09-28T21:00:29Z,2026-09-28T21:00:31Z,2,success,GitHub Actions 1000000138,7ad02b7add541c8a54400cf27ec1b09de3aedb4f
36482367301,1,01-devsecops,ENF-02,devsecops-enforce,sca_only,true,alvo2,step,SCA - Trivy (alvo2-uptimekuma),Post Instalar Trivy,2026-09-28T21:00:31Z,2026-09-28T21:00:31Z,0,success,GitHub Actions 1000000138,7ad02b7add541c8a54400cf27ec1b09de3aedb4f
36482367301,1,01-devsecops,ENF-02,devsecops-enforce,sca_only,true,alvo2,step,SCA - Trivy (alvo2-uptimekuma),Post Checkout (com submodulos),2026-09-28T21:00:31Z,2026-09-28T21:00:31Z,0,success,GitHub Actions 1000000138,7ad02b7add541c8a54400cf27ec1b09de3aedb4f
36482367301,1,01-devsecops,ENF-02,devsecops-enforce,sca_only,true,alvo2,step,SCA - Trivy (alvo2-uptimekuma),Complete job,2026-09-28T21:00:31Z,2026-09-28T21:00:31Z,0,success,GitHub Actions 1000000138,7ad02b7add541c8a54400cf27ec1b09de3aedb4f
36482367301,1,01-devsecops,ENF-02,devsecops-enforce,sca_only,true,alvo1,job,SCA - Trivy (alvo1-juiceshop),,2026-09-28T20:58:46Z,2026-09-28T20:59:24Z,38,success,GitHub Actions 1000000139,7ad02b7add541c8a54400cf27ec1b09de3aedb4f
36482367301,1,01-devsecops,ENF-02,devsecops-enforce,sca_only,true,alvo1,step,SCA - Trivy (alvo1-juiceshop),Set up job,2026-09-28T20:58:46Z,2026-09-28T20:58:48Z,2,success,GitHub Actions 1000000139,7ad02b7add541c8a54400cf27ec1b09de3aedb4f
36482367301,1,01-devsecops,ENF-02,devsecops-enforce,sca_only,true,alvo1,step,SCA - Trivy (alvo1-juiceshop),Checkout (com submodulos),2026-09-28T20:58:48Z,2026-09-28T20:58:54Z,6,success,GitHub Actions 1000000139,7ad02b7add541c8a54400cf27ec1b09de3aedb4f
36482367301,1,01-devsecops,ENF-02,devsecops-enforce,sca_only,true,alvo1,step,SCA - Trivy (alvo1-juiceshop),Carregar perfil do alvo,2026-09-28T20:58:54Z,2026-09-28T20:58:54Z,0,success,GitHub Actions 1000000139,7ad02b7add541c8a54400cf27ec1b09de3aedb4f
36482367301,1,01-devsecops,ENF-02,devsecops-enforce,sca_only,true,alvo1,step,SCA - Trivy (alvo1-juiceshop),Baixar imagem construida,2026-09-28T20:58:54Z,2026-09-28T20:58:58Z,4,success,GitHub Actions 1000000139,7ad02b7add541c8a54400cf27ec1b09de3aedb4f
36482367301,1,01-devsecops,ENF-02,devsecops-enforce,sca_only,true,alvo1,step,SCA - Trivy (alvo1-juiceshop),Carregar imagem no Docker,2026-09-28T20:58:58Z,2026-09-28T20:59:06Z,8,success,GitHub Actions 1000000139,7ad02b7add541c8a54400cf27ec1b09de3aedb4f
36482367301,1,01-devsecops,ENF-02,devsecops-enforce,sca_only,true,alvo1,step,SCA - Trivy (alvo1-juiceshop),Instalar Trivy,2026-09-28T20:59:06Z,2026-09-28T20:59:08Z,2,success,GitHub Actions 1000000139,7ad02b7add541c8a54400cf27ec1b09de3aedb4f
36482367301,1,01-devsecops,ENF-02,devsecops-enforce,sca_only,true,alvo1,step,SCA - Trivy (alvo1-juiceshop),"Trivy: vulnerabilidades da imagem (D9, fonte unica de SCA)",2026-09-28T20:59:08Z,2026-09-28T20:59:18Z,10,success,GitHub Actions 1000000139,7ad02b7add541c8a54400cf27ec1b09de3aedb4f
36482367301,1,01-devsecops,ENF-02,devsecops-enforce,sca_only,true,alvo1,step,SCA - Trivy (alvo1-juiceshop),Trivy: segredos no codigo-fonte,2026-09-28T20:59:18Z,2026-09-28T20:59:20Z,2,success,GitHub Actions 1000000139,7ad02b7add541c8a54400cf27ec1b09de3aedb4f
36482367301,1,01-devsecops,ENF-02,devsecops-enforce,sca_only,true,alvo1,step,SCA - Trivy (alvo1-juiceshop),Trivy: IaC (Dockerfile),2026-09-28T20:59:20Z,2026-09-28T20:59:21Z,1,success,GitHub Actions 1000000139,7ad02b7add541c8a54400cf27ec1b09de3aedb4f
36482367301,1,01-devsecops,ENF-02,devsecops-enforce,sca_only,true,alvo1,step,SCA - Trivy (alvo1-juiceshop),Run actions/upload-artifact@043fb46d1a93c77aae656e7c1c64a875d1fc6a0a,2026-09-28T20:59:21Z,2026-09-28T20:59:22Z,1,success,GitHub Actions 1000000139,7ad02b7add541c8a54400cf27ec1b09de3aedb4f
36482367301,1,01-devsecops,ENF-02,devsecops-enforce,sca_only,true,alvo1,step,SCA - Trivy (alvo1-juiceshop),Post Instalar Trivy,2026-09-28T20:59:22Z,2026-09-28T20:59:22Z,0,success,GitHub Actions 1000000139,7ad02b7add541c8a54400cf27ec1b09de3aedb4f
36482367301,1,01-devsecops,ENF-02,devsecops-enforce,sca_only,true,alvo1,step,SCA - Trivy (alvo1-juiceshop),Post Checkout (com submodulos),2026-09-28T20:59:22Z,2026-09-28T20:59:22Z,0,success,GitHub Actions 1000000139,7ad02b7add541c8a54400cf27ec1b09de3aedb4f
36482367301,1,01-devsecops,ENF-02,devsecops-enforce,sca_only,true,alvo1,step,SCA - Trivy (alvo1-juiceshop),Complete job,2026-09-28T20:59:22Z,2026-09-28T20:59:22Z,0,success,GitHub Actions 1000000139,7ad02b7add541c8a54400cf27ec1b09de3aedb4f
36482367301,1,01-devsecops,ENF-02,devsecops-enforce,sca_only,true,alvo1,job,Quality Gate (alvo1-juiceshop),,2026-09-28T21:00:36Z,2026-09-28T21:00:47Z,11,failure,GitHub Actions 1000000142,7ad02b7add541c8a54400cf27ec1b09de3aedb4f
36482367301,1,01-devsecops,ENF-02,devsecops-enforce,sca_only,true,alvo1,step,Quality Gate (alvo1-juiceshop),Set up job,2026-09-28T21:00:37Z,2026-09-28T21:00:38Z,1,success,GitHub Actions 1000000142,7ad02b7add541c8a54400cf27ec1b09de3aedb4f
36482367301,1,01-devsecops,ENF-02,devsecops-enforce,sca_only,true,alvo1,step,Quality Gate (alvo1-juiceshop),Checkout,2026-09-28T21:00:38Z,2026-09-28T21:00:40Z,2,success,GitHub Actions 1000000142,7ad02b7add541c8a54400cf27ec1b09de3aedb4f
36482367301,1,01-devsecops,ENF-02,devsecops-enforce,sca_only,true,alvo1,step,Quality Gate (alvo1-juiceshop),Carregar perfil do alvo,2026-09-28T21:00:40Z,2026-09-28T21:00:40Z,0,success,GitHub Actions 1000000142,7ad02b7add541c8a54400cf27ec1b09de3aedb4f
36482367301,1,01-devsecops,ENF-02,devsecops-enforce,sca_only,true,alvo1,step,Quality Gate (alvo1-juiceshop),Baixar achados de SAST,2026-09-28T21:00:40Z,2026-09-28T21:00:42Z,2,success,GitHub Actions 1000000142,7ad02b7add541c8a54400cf27ec1b09de3aedb4f
36482367301,1,01-devsecops,ENF-02,devsecops-enforce,sca_only,true,alvo1,step,Quality Gate (alvo1-juiceshop),Baixar achados de SCA,2026-09-28T21:00:42Z,2026-09-28T21:00:43Z,1,success,GitHub Actions 1000000142,7ad02b7add541c8a54400cf27ec1b09de3aedb4f
36482367301,1,01-devsecops,ENF-02,devsecops-enforce,sca_only,true,alvo1,step,Quality Gate (alvo1-juiceshop),Instalar dependencias do script,2026-09-28T21:00:43Z,2026-09-28T21:00:44Z,1,success,GitHub Actions 1000000142,7ad02b7add541c8a54400cf27ec1b09de3aedb4f
36482367301,1,01-devsecops,ENF-02,devsecops-enforce,sca_only,true,alvo1,step,Quality Gate (alvo1-juiceshop),Avaliar Quality Gate,2026-09-28T21:00:44Z,2026-09-28T21:00:44Z,0,failure,GitHub Actions 1000000142,7ad02b7add541c8a54400cf27ec1b09de3aedb4f
36482367301,1,01-devsecops,ENF-02,devsecops-enforce,sca_only,true,alvo1,step,Quality Gate (alvo1-juiceshop),Run actions/upload-artifact@043fb46d1a93c77aae656e7c1c64a875d1fc6a0a,2026-09-28T21:00:44Z,2026-09-28T21:00:45Z,1,success,GitHub Actions 1000000142,7ad02b7add541c8a54400cf27ec1b09de3aedb4f
36482367301,1,01-devsecops,ENF-02,devsecops-enforce,sca_only,true,alvo1,step,Quality Gate (alvo1-juiceshop),Post Checkout,2026-09-28T21:00:45Z,2026-09-28T21:00:45Z,0,success,GitHub Actions 1000000142,7ad02b7add541c8a54400cf27ec1b09de3aedb4f
36482367301,1,01-devsecops,ENF-02,devsecops-enforce,sca_only,true,alvo1,step,Quality Gate (alvo1-juiceshop),Complete job,2026-09-28T21:00:45Z,2026-09-28T21:00:45Z,0,success,GitHub Actions 1000000142,7ad02b7add541c8a54400cf27ec1b09de3aedb4f
36482367301,1,01-devsecops,ENF-02,devsecops-enforce,sca_only,true,alvo2,job,Quality Gate (alvo2-uptimekuma),,2026-09-28T21:00:36Z,2026-09-28T21:00:45Z,9,failure,GitHub Actions 1000000143,7ad02b7add541c8a54400cf27ec1b09de3aedb4f
36482367301,1,01-devsecops,ENF-02,devsecops-enforce,sca_only,true,alvo2,step,Quality Gate (alvo2-uptimekuma),Set up job,2026-09-28T21:00:37Z,2026-09-28T21:00:38Z,1,success,GitHub Actions 1000000143,7ad02b7add541c8a54400cf27ec1b09de3aedb4f
36482367301,1,01-devsecops,ENF-02,devsecops-enforce,sca_only,true,alvo2,step,Quality Gate (alvo2-uptimekuma),Checkout,2026-09-28T21:00:38Z,2026-09-28T21:00:40Z,2,success,GitHub Actions 1000000143,7ad02b7add541c8a54400cf27ec1b09de3aedb4f
36482367301,1,01-devsecops,ENF-02,devsecops-enforce,sca_only,true,alvo2,step,Quality Gate (alvo2-uptimekuma),Carregar perfil do alvo,2026-09-28T21:00:40Z,2026-09-28T21:00:40Z,0,success,GitHub Actions 1000000143,7ad02b7add541c8a54400cf27ec1b09de3aedb4f
36482367301,1,01-devsecops,ENF-02,devsecops-enforce,sca_only,true,alvo2,step,Quality Gate (alvo2-uptimekuma),Baixar achados de SAST,2026-09-28T21:00:40Z,2026-09-28T21:00:40Z,0,success,GitHub Actions 1000000143,7ad02b7add541c8a54400cf27ec1b09de3aedb4f
36482367301,1,01-devsecops,ENF-02,devsecops-enforce,sca_only,true,alvo2,step,Quality Gate (alvo2-uptimekuma),Baixar achados de SCA,2026-09-28T21:00:40Z,2026-09-28T21:00:41Z,1,success,GitHub Actions 1000000143,7ad02b7add541c8a54400cf27ec1b09de3aedb4f
36482367301,1,01-devsecops,ENF-02,devsecops-enforce,sca_only,true,alvo2,step,Quality Gate (alvo2-uptimekuma),Instalar dependencias do script,2026-09-28T21:00:41Z,2026-09-28T21:00:43Z,2,success,GitHub Actions 1000000143,7ad02b7add541c8a54400cf27ec1b09de3aedb4f
36482367301,1,01-devsecops,ENF-02,devsecops-enforce,sca_only,true,alvo2,step,Quality Gate (alvo2-uptimekuma),Avaliar Quality Gate,2026-09-28T21:00:43Z,2026-09-28T21:00:43Z,0,failure,GitHub Actions 1000000143,7ad02b7add541c8a54400cf27ec1b09de3aedb4f
36482367301,1,01-devsecops,ENF-02,devsecops-enforce,sca_only,true,alvo2,step,Quality Gate (alvo2-uptimekuma),Run actions/upload-artifact@043fb46d1a93c77aae656e7c1c64a875d1fc6a0a,2026-09-28T21:00:43Z,2026-09-28T21:00:44Z,1,success,GitHub Actions 1000000143,7ad02b7add541c8a54400cf27ec1b09de3aedb4f
36482367301,1,01-devsecops,ENF-02,devsecops-enforce,sca_only,true,alvo2,step,Quality Gate (alvo2-uptimekuma),Post Checkout,2026-09-28T21:00:44Z,2026-09-28T21:00:44Z,0,success,GitHub Actions 1000000143,7ad02b7add541c8a54400cf27ec1b09de3aedb4f
36482367301,1,01-devsecops,ENF-02,devsecops-enforce,sca_only,true,alvo2,step,Quality Gate (alvo2-uptimekuma),Complete job,2026-09-28T21:00:44Z,2026-09-28T21:00:44Z,0,success,GitHub Actions 1000000143,7ad02b7add541c8a54400cf27ec1b09de3aedb4f
36482367301,1,01-devsecops,ENF-02,devsecops-enforce,sca_only,true,,job,Staging + DAST - OWASP ZAP (${{ matrix.perfil }}),,2026-09-28T21:00:48Z,2026-09-28T21:00:47Z,0,skipped,,7ad02b7add541c8a54400cf27ec1b09de3aedb4f
36483122303,1,00-baseline,BASE-05,baseline,,,alvo1,job,Baseline (alvo1-juiceshop),,2026-09-28T21:00:13Z,2026-09-28T21:02:43Z,150,success,GitHub Actions 1000000140,7ad02b7add541c8a54400cf27ec1b09de3aedb4f
36483122303,1,00-baseline,BASE-05,baseline,,,alvo1,step,Baseline (alvo1-juiceshop),Set up job,2026-09-28T21:00:13Z,2026-09-28T21:00:14Z,1,success,GitHub Actions 1000000140,7ad02b7add541c8a54400cf27ec1b09de3aedb4f
36483122303,1,00-baseline,BASE-05,baseline,,,alvo1,step,Baseline (alvo1-juiceshop),Checkout (com submodulos),2026-09-28T21:00:14Z,2026-09-28T21:00:19Z,5,success,GitHub Actions 1000000140,7ad02b7add541c8a54400cf27ec1b09de3aedb4f
36483122303,1,00-baseline,BASE-05,baseline,,,alvo1,step,Baseline (alvo1-juiceshop),Carregar perfil do alvo,2026-09-28T21:00:19Z,2026-09-28T21:00:19Z,0,success,GitHub Actions 1000000140,7ad02b7add541c8a54400cf27ec1b09de3aedb4f
36483122303,1,00-baseline,BASE-05,baseline,,,alvo1,step,Baseline (alvo1-juiceshop),Instalar Node.js (quando exigido pelo alvo),2026-09-28T21:00:19Z,2026-09-28T21:00:19Z,0,skipped,GitHub Actions 1000000140,7ad02b7add541c8a54400cf27ec1b09de3aedb4f
36483122303,1,00-baseline,BASE-05,baseline,,,alvo1,step,Baseline (alvo1-juiceshop),Pre-build da aplicacao (quando exigido pelo alvo),2026-09-28T21:00:19Z,2026-09-28T21:00:19Z,0,skipped,GitHub Actions 1000000140,7ad02b7add541c8a54400cf27ec1b09de3aedb4f
36483122303,1,00-baseline,BASE-05,baseline,,,alvo1,step,Baseline (alvo1-juiceshop),Build da imagem Docker,2026-09-28T21:00:19Z,2026-09-28T21:02:39Z,140,success,GitHub Actions 1000000140,7ad02b7add541c8a54400cf27ec1b09de3aedb4f
36483122303,1,00-baseline,BASE-05,baseline,,,alvo1,step,Baseline (alvo1-juiceshop),Staging (subir aplicacao e aguardar health check),2026-09-28T21:02:39Z,2026-09-28T21:02:41Z,2,success,GitHub Actions 1000000140,7ad02b7add541c8a54400cf27ec1b09de3aedb4f
36483122303,1,00-baseline,BASE-05,baseline,,,alvo1,step,Baseline (alvo1-juiceshop),Encerrar container,2026-09-28T21:02:41Z,2026-09-28T21:02:41Z,0,success,GitHub Actions 1000000140,7ad02b7add541c8a54400cf27ec1b09de3aedb4f
36483122303,1,00-baseline,BASE-05,baseline,,,alvo1,step,Baseline (alvo1-juiceshop),Post Checkout (com submodulos),2026-09-28T21:02:41Z,2026-09-28T21:02:41Z,0,success,GitHub Actions 1000000140,7ad02b7add541c8a54400cf27ec1b09de3aedb4f
36483122303,1,00-baseline,BASE-05,baseline,,,alvo1,step,Baseline (alvo1-juiceshop),Complete job,2026-09-28T21:02:41Z,2026-09-28T21:02:41Z,0,success,GitHub Actions 1000000140,7ad02b7add541c8a54400cf27ec1b09de3aedb4f
36483122303,1,00-baseline,BASE-05,baseline,,,alvo2,job,Baseline (alvo2-uptimekuma),,2026-09-28T21:00:13Z,2026-09-28T21:02:55Z,162,success,GitHub Actions 1000000141,7ad02b7add541c8a54400cf27ec1b09de3aedb4f
36483122303,1,00-baseline,BASE-05,baseline,,,alvo2,step,Baseline (alvo2-uptimekuma),Set up job,2026-09-28T21:00:13Z,2026-09-28T21:00:14Z,1,success,GitHub Actions 1000000141,7ad02b7add541c8a54400cf27ec1b09de3aedb4f
36483122303,1,00-baseline,BASE-05,baseline,,,alvo2,step,Baseline (alvo2-uptimekuma),Checkout (com submodulos),2026-09-28T21:00:14Z,2026-09-28T21:00:24Z,10,success,GitHub Actions 1000000141,7ad02b7add541c8a54400cf27ec1b09de3aedb4f
36483122303,1,00-baseline,BASE-05,baseline,,,alvo2,step,Baseline (alvo2-uptimekuma),Carregar perfil do alvo,2026-09-28T21:00:24Z,2026-09-28T21:00:24Z,0,success,GitHub Actions 1000000141,7ad02b7add541c8a54400cf27ec1b09de3aedb4f
36483122303,1,00-baseline,BASE-05,baseline,,,alvo2,step,Baseline (alvo2-uptimekuma),Instalar Node.js (quando exigido pelo alvo),2026-09-28T21:00:24Z,2026-09-28T21:00:25Z,1,success,GitHub Actions 1000000141,7ad02b7add541c8a54400cf27ec1b09de3aedb4f
36483122303,1,00-baseline,BASE-05,baseline,,,alvo2,step,Baseline (alvo2-uptimekuma),Pre-build da aplicacao (quando exigido pelo alvo),2026-09-28T21:00:25Z,2026-09-28T21:02:08Z,103,success,GitHub Actions 1000000141,7ad02b7add541c8a54400cf27ec1b09de3aedb4f
36483122303,1,00-baseline,BASE-05,baseline,,,alvo2,step,Baseline (alvo2-uptimekuma),Build da imagem Docker,2026-09-28T21:02:08Z,2026-09-28T21:02:50Z,42,success,GitHub Actions 1000000141,7ad02b7add541c8a54400cf27ec1b09de3aedb4f
36483122303,1,00-baseline,BASE-05,baseline,,,alvo2,step,Baseline (alvo2-uptimekuma),Staging (subir aplicacao e aguardar health check),2026-09-28T21:02:50Z,2026-09-28T21:02:52Z,2,success,GitHub Actions 1000000141,7ad02b7add541c8a54400cf27ec1b09de3aedb4f
36483122303,1,00-baseline,BASE-05,baseline,,,alvo2,step,Baseline (alvo2-uptimekuma),Encerrar container,2026-09-28T21:02:52Z,2026-09-28T21:02:53Z,1,success,GitHub Actions 1000000141,7ad02b7add541c8a54400cf27ec1b09de3aedb4f
36483122303,1,00-baseline,BASE-05,baseline,,,alvo2,step,Baseline (alvo2-uptimekuma),Post Instalar Node.js (quando exigido pelo alvo),2026-09-28T21:02:53Z,2026-09-28T21:02:53Z,0,success,GitHub Actions 1000000141,7ad02b7add541c8a54400cf27ec1b09de3aedb4f
36483122303,1,00-baseline,BASE-05,baseline,,,alvo2,step,Baseline (alvo2-uptimekuma),Post Checkout (com submodulos),2026-09-28T21:02:53Z,2026-09-28T21:02:53Z,0,success,GitHub Actions 1000000141,7ad02b7add541c8a54400cf27ec1b09de3aedb4f
36483122303,1,00-baseline,BASE-05,baseline,,,alvo2,step,Baseline (alvo2-uptimekuma),Complete job,2026-09-28T21:02:53Z,2026-09-28T21:02:53Z,0,success,GitHub Actions 1000000141,7ad02b7add541c8a54400cf27ec1b09de3aedb4f
36483419446,1,01-devsecops,AUD-05,devsecops-audit,all_tools,true,alvo2,job,SAST - Semgrep (alvo2-uptimekuma),,2026-09-28T21:02:47Z,2026-09-28T21:03:51Z,64,success,GitHub Actions 1000000144,7ad02b7add541c8a54400cf27ec1b09de3aedb4f
36483419446,1,01-devsecops,AUD-05,devsecops-audit,all_tools,true,alvo2,step,SAST - Semgrep (alvo2-uptimekuma),Set up job,2026-09-28T21:02:48Z,2026-09-28T21:02:49Z,1,success,GitHub Actions 1000000144,7ad02b7add541c8a54400cf27ec1b09de3aedb4f
36483419446,1,01-devsecops,AUD-05,devsecops-audit,all_tools,true,alvo2,step,SAST - Semgrep (alvo2-uptimekuma),Initialize containers,2026-09-28T21:02:49Z,2026-09-28T21:03:10Z,21,success,GitHub Actions 1000000144,7ad02b7add541c8a54400cf27ec1b09de3aedb4f
36483419446,1,01-devsecops,AUD-05,devsecops-audit,all_tools,true,alvo2,step,SAST - Semgrep (alvo2-uptimekuma),Checkout (com submodulos),2026-09-28T21:03:10Z,2026-09-28T21:03:19Z,9,success,GitHub Actions 1000000144,7ad02b7add541c8a54400cf27ec1b09de3aedb4f
36483419446,1,01-devsecops,AUD-05,devsecops-audit,all_tools,true,alvo2,step,SAST - Semgrep (alvo2-uptimekuma),Carregar perfil do alvo,2026-09-28T21:03:19Z,2026-09-28T21:03:19Z,0,success,GitHub Actions 1000000144,7ad02b7add541c8a54400cf27ec1b09de3aedb4f
36483419446,1,01-devsecops,AUD-05,devsecops-audit,all_tools,true,alvo2,step,SAST - Semgrep (alvo2-uptimekuma),Semgrep scan,2026-09-28T21:03:19Z,2026-09-28T21:03:47Z,28,success,GitHub Actions 1000000144,7ad02b7add541c8a54400cf27ec1b09de3aedb4f
36483419446,1,01-devsecops,AUD-05,devsecops-audit,all_tools,true,alvo2,step,SAST - Semgrep (alvo2-uptimekuma),Run actions/upload-artifact@043fb46d1a93c77aae656e7c1c64a875d1fc6a0a,2026-09-28T21:03:47Z,2026-09-28T21:03:48Z,1,success,GitHub Actions 1000000144,7ad02b7add541c8a54400cf27ec1b09de3aedb4f
36483419446,1,01-devsecops,AUD-05,devsecops-audit,all_tools,true,alvo2,step,SAST - Semgrep (alvo2-uptimekuma),Post Checkout (com submodulos),2026-09-28T21:03:48Z,2026-09-28T21:03:48Z,0,success,GitHub Actions 1000000144,7ad02b7add541c8a54400cf27ec1b09de3aedb4f
36483419446,1,01-devsecops,AUD-05,devsecops-audit,all_tools,true,alvo2,step,SAST - Semgrep (alvo2-uptimekuma),Stop containers,2026-09-28T21:03:48Z,2026-09-28T21:03:49Z,1,success,GitHub Actions 1000000144,7ad02b7add541c8a54400cf27ec1b09de3aedb4f
36483419446,1,01-devsecops,AUD-05,devsecops-audit,all_tools,true,alvo2,step,SAST - Semgrep (alvo2-uptimekuma),Complete job,2026-09-28T21:03:49Z,2026-09-28T21:03:49Z,0,success,GitHub Actions 1000000144,7ad02b7add541c8a54400cf27ec1b09de3aedb4f
36483419446,1,01-devsecops,AUD-05,devsecops-audit,all_tools,true,alvo1,job,SAST - Semgrep (alvo1-juiceshop),,2026-09-28T21:02:47Z,2026-09-28T21:04:19Z,92,success,GitHub Actions 1000000145,7ad02b7add541c8a54400cf27ec1b09de3aedb4f
36483419446,1,01-devsecops,AUD-05,devsecops-audit,all_tools,true,alvo1,step,SAST - Semgrep (alvo1-juiceshop),Set up job,2026-09-28T21:02:47Z,2026-09-28T21:02:48Z,1,success,GitHub Actions 1000000145,7ad02b7add541c8a54400cf27ec1b09de3aedb4f
36483419446,1,01-devsecops,AUD-05,devsecops-audit,all_tools,true,alvo1,step,SAST - Semgrep (alvo1-juiceshop),Initialize containers,2026-09-28T21:02:48Z,2026-09-28T21:03:01Z,13,success,GitHub Actions 1000000145,7ad02b7add541c8a54400cf27ec1b09de3aedb4f
36483419446,1,01-devsecops,AUD-05,devsecops-audit,all_tools,true,alvo1,step,SAST - Semgrep (alvo1-juiceshop),Checkout (com submodulos),2026-09-28T21:03:01Z,2026-09-28T21:03:06Z,5,success,GitHub Actions 1000000145,7ad02b7add541c8a54400cf27ec1b09de3aedb4f
36483419446,1,01-devsecops,AUD-05,devsecops-audit,all_tools,true,alvo1,step,SAST - Semgrep (alvo1-juiceshop),Carregar perfil do alvo,2026-09-28T21:03:06Z,2026-09-28T21:03:06Z,0,success,GitHub Actions 1000000145,7ad02b7add541c8a54400cf27ec1b09de3aedb4f
36483419446,1,01-devsecops,AUD-05,devsecops-audit,all_tools,true,alvo1,step,SAST - Semgrep (alvo1-juiceshop),Semgrep scan,2026-09-28T21:03:06Z,2026-09-28T21:04:16Z,70,success,GitHub Actions 1000000145,7ad02b7add541c8a54400cf27ec1b09de3aedb4f
36483419446,1,01-devsecops,AUD-05,devsecops-audit,all_tools,true,alvo1,step,SAST - Semgrep (alvo1-juiceshop),Run actions/upload-artifact@043fb46d1a93c77aae656e7c1c64a875d1fc6a0a,2026-09-28T21:04:16Z,2026-09-28T21:04:17Z,1,success,GitHub Actions 1000000145,7ad02b7add541c8a54400cf27ec1b09de3aedb4f
36483419446,1,01-devsecops,AUD-05,devsecops-audit,all_tools,true,alvo1,step,SAST - Semgrep (alvo1-juiceshop),Post Checkout (com submodulos),2026-09-28T21:04:17Z,2026-09-28T21:04:17Z,0,success,GitHub Actions 1000000145,7ad02b7add541c8a54400cf27ec1b09de3aedb4f
36483419446,1,01-devsecops,AUD-05,devsecops-audit,all_tools,true,alvo1,step,SAST - Semgrep (alvo1-juiceshop),Stop containers,2026-09-28T21:04:17Z,2026-09-28T21:04:17Z,0,success,GitHub Actions 1000000145,7ad02b7add541c8a54400cf27ec1b09de3aedb4f
36483419446,1,01-devsecops,AUD-05,devsecops-audit,all_tools,true,alvo1,step,SAST - Semgrep (alvo1-juiceshop),Complete job,2026-09-28T21:04:17Z,2026-09-28T21:04:17Z,0,success,GitHub Actions 1000000145,7ad02b7add541c8a54400cf27ec1b09de3aedb4f
36483419446,1,01-devsecops,AUD-05,devsecops-audit,all_tools,true,alvo2,job,Build (alvo2-uptimekuma),,2026-09-28T21:04:21Z,2026-09-28T21:07:56Z,215,success,GitHub Actions 1000000146,7ad02b7add541c8a54400cf27ec1b09de3aedb4f
36483419446,1,01-devsecops,AUD-05,devsecops-audit,all_tools,true,alvo2,step,Build (alvo2-uptimekuma),Set up job,2026-09-28T21:04:22Z,2026-09-28T21:04:23Z,1,success,GitHub Actions 1000000146,7ad02b7add541c8a54400cf27ec1b09de3aedb4f
36483419446,1,01-devsecops,AUD-05,devsecops-audit,all_tools,true,alvo2,step,Build (alvo2-uptimekuma),Checkout (com submodulos),2026-09-28T21:04:23Z,2026-09-28T21:04:32Z,9,success,GitHub Actions 1000000146,7ad02b7add541c8a54400cf27ec1b09de3aedb4f
36483419446,1,01-devsecops,AUD-05,devsecops-audit,all_tools,true,alvo2,step,Build (alvo2-uptimekuma),Carregar perfil do alvo,2026-09-28T21:04:32Z,2026-09-28T21:04:32Z,0,success,GitHub Actions 1000000146,7ad02b7add541c8a54400cf27ec1b09de3aedb4f
36483419446,1,01-devsecops,AUD-05,devsecops-audit,all_tools,true,alvo2,step,Build (alvo2-uptimekuma),Instalar Node.js (quando exigido pelo alvo),2026-09-28T21:04:32Z,2026-09-28T21:04:32Z,0,success,GitHub Actions 1000000146,7ad02b7add541c8a54400cf27ec1b09de3aedb4f
36483419446,1,01-devsecops,AUD-05,devsecops-audit,all_tools,true,alvo2,step,Build (alvo2-uptimekuma),Pre-build da aplicacao (quando exigido pelo alvo),2026-09-28T21:04:32Z,2026-09-28T21:06:13Z,101,success,GitHub Actions 1000000146,7ad02b7add541c8a54400cf27ec1b09de3aedb4f
36483419446,1,01-devsecops,AUD-05,devsecops-audit,all_tools,true,alvo2,step,Build (alvo2-uptimekuma),Build da imagem Docker,2026-09-28T21:06:13Z,2026-09-28T21:07:05Z,52,success,GitHub Actions 1000000146,7ad02b7add541c8a54400cf27ec1b09de3aedb4f
36483419446,1,01-devsecops,AUD-05,devsecops-audit,all_tools,true,alvo2,step,Build (alvo2-uptimekuma),Run actions/upload-artifact@043fb46d1a93c77aae656e7c1c64a875d1fc6a0a,2026-09-28T21:07:05Z,2026-09-28T21:07:54Z,49,success,GitHub Actions 1000000146,7ad02b7add541c8a54400cf27ec1b09de3aedb4f
36483419446,1,01-devsecops,AUD-05,devsecops-audit,all_tools,true,alvo2,step,Build (alvo2-uptimekuma),Post Instalar Node.js (quando exigido pelo alvo),2026-09-28T21:07:54Z,2026-09-28T21:07:54Z,0,success,GitHub Actions 1000000146,7ad02b7add541c8a54400cf27ec1b09de3aedb4f
36483419446,1,01-devsecops,AUD-05,devsecops-audit,all_tools,true,alvo2,step,Build (alvo2-uptimekuma),Post Checkout (com submodulos),2026-09-28T21:07:54Z,2026-09-28T21:07:54Z,0,success,GitHub Actions 1000000146,7ad02b7add541c8a54400cf27ec1b09de3aedb4f
36483419446,1,01-devsecops,AUD-05,devsecops-audit,all_tools,true,alvo2,step,Build (alvo2-uptimekuma),Complete job,2026-09-28T21:07:54Z,2026-09-28T21:07:54Z,0,success,GitHub Actions 1000000146,7ad02b7add541c8a54400cf27ec1b09de3aedb4f
36483419446,1,01-devsecops,AUD-05,devsecops-audit,all_tools,true,alvo1,job,Build (alvo1-juiceshop),,2026-09-28T21:04:21Z,2026-09-28T21:06:51Z,150,success,GitHub Actions 1000000147,7ad02b7add541c8a54400cf27ec1b09de3aedb4f
36483419446,1,01-devsecops,AUD-05,devsecops-audit,all_tools,true,alvo1,step,Build (alvo1-juiceshop),Set up job,2026-09-28T21:04:22Z,2026-09-28T21:04:23Z,1,success,GitHub Actions 1000000147,7ad02b7add541c8a54400cf27ec1b09de3aedb4f
36483419446,1,01-devsecops,AUD-05,devsecops-audit,all_tools,true,alvo1,step,Build (alvo1-juiceshop),Checkout (com submodulos),2026-09-28T21:04:23Z,2026-09-28T21:04:29Z,6,success,GitHub Actions 1000000147,7ad02b7add541c8a54400cf27ec1b09de3aedb4f
36483419446,1,01-devsecops,AUD-05,devsecops-audit,all_tools,true,alvo1,step,Build (alvo1-juiceshop),Carregar perfil do alvo,2026-09-28T21:04:29Z,2026-09-28T21:04:29Z,0,success,GitHub Actions 1000000147,7ad02b7add541c8a54400cf27ec1b09de3aedb4f
36483419446,1,01-devsecops,AUD-05,devsecops-audit,all_tools,true,alvo1,step,Build (alvo1-juiceshop),Instalar Node.js (quando exigido pelo alvo),2026-09-28T21:04:29Z,2026-09-28T21:04:29Z,0,skipped,GitHub Actions 1000000147,7ad02b7add541c8a54400cf27ec1b09de3aedb4f
36483419446,1,01-devsecops,AUD-05,devsecops-audit,all_tools,true,alvo1,step,Build (alvo1-juiceshop),Pre-build da aplicacao (quando exigido pelo alvo),2026-09-28T21:04:29Z,2026-09-28T21:04:29Z,0,skipped,GitHub Actions 1000000147,7ad02b7add541c8a54400cf27ec1b09de3aedb4f
36483419446,1,01-devsecops,AUD-05,devsecops-audit,all_tools,true,alvo1,step,Build (alvo1-juiceshop),Build da imagem Docker,2026-09-28T21:04:29Z,2026-09-28T21:06:38Z,129,success,GitHub Actions 1000000147,7ad02b7add541c8a54400cf27ec1b09de3aedb4f
36483419446,1,01-devsecops,AUD-05,devsecops-audit,all_tools,true,alvo1,step,Build (alvo1-juiceshop),Run actions/upload-artifact@043fb46d1a93c77aae656e7c1c64a875d1fc6a0a,2026-09-28T21:06:38Z,2026-09-28T21:06:49Z,11,success,GitHub Actions 1000000147,7ad02b7add541c8a54400cf27ec1b09de3aedb4f
36483419446,1,01-devsecops,AUD-05,devsecops-audit,all_tools,true,alvo1,step,Build (alvo1-juiceshop),Post Checkout (com submodulos),2026-09-28T21:06:49Z,2026-09-28T21:06:49Z,0,success,GitHub Actions 1000000147,7ad02b7add541c8a54400cf27ec1b09de3aedb4f
36483419446,1,01-devsecops,AUD-05,devsecops-audit,all_tools,true,alvo1,step,Build (alvo1-juiceshop),Complete job,2026-09-28T21:06:49Z,2026-09-28T21:06:49Z,0,success,GitHub Actions 1000000147,7ad02b7add541c8a54400cf27ec1b09de3aedb4f
36483419446,1,01-devsecops,AUD-05,devsecops-audit,all_tools,true,alvo1,job,SCA - Trivy (alvo1-juiceshop),,2026-09-28T21:07:59Z,2026-09-28T21:08:50Z,51,success,GitHub Actions 1000000150,7ad02b7add541c8a54400cf27ec1b09de3aedb4f
36483419446,1,01-devsecops,AUD-05,devsecops-audit,all_tools,true,alvo1,step,SCA - Trivy (alvo1-juiceshop),Set up job,2026-09-28T21:07:59Z,2026-09-28T21:08:01Z,2,success,GitHub Actions 1000000150,7ad02b7add541c8a54400cf27ec1b09de3aedb4f
36483419446,1,01-devsecops,AUD-05,devsecops-audit,all_tools,true,alvo1,step,SCA - Trivy (alvo1-juiceshop),Checkout (com submodulos),2026-09-28T21:08:01Z,2026-09-28T21:08:08Z,7,success,GitHub Actions 1000000150,7ad02b7add541c8a54400cf27ec1b09de3aedb4f
36483419446,1,01-devsecops,AUD-05,devsecops-audit,all_tools,true,alvo1,step,SCA - Trivy (alvo1-juiceshop),Carregar perfil do alvo,2026-09-28T21:08:08Z,2026-09-28T21:08:08Z,0,success,GitHub Actions 1000000150,7ad02b7add541c8a54400cf27ec1b09de3aedb4f
36483419446,1,01-devsecops,AUD-05,devsecops-audit,all_tools,true,alvo1,step,SCA - Trivy (alvo1-juiceshop),Baixar imagem construida,2026-09-28T21:08:08Z,2026-09-28T21:08:11Z,3,success,GitHub Actions 1000000150,7ad02b7add541c8a54400cf27ec1b09de3aedb4f
36483419446,1,01-devsecops,AUD-05,devsecops-audit,all_tools,true,alvo1,step,SCA - Trivy (alvo1-juiceshop),Carregar imagem no Docker,2026-09-28T21:08:11Z,2026-09-28T21:08:28Z,17,success,GitHub Actions 1000000150,7ad02b7add541c8a54400cf27ec1b09de3aedb4f
36483419446,1,01-devsecops,AUD-05,devsecops-audit,all_tools,true,alvo1,step,SCA - Trivy (alvo1-juiceshop),Instalar Trivy,2026-09-28T21:08:28Z,2026-09-28T21:08:28Z,0,success,GitHub Actions 1000000150,7ad02b7add541c8a54400cf27ec1b09de3aedb4f
36483419446,1,01-devsecops,AUD-05,devsecops-audit,all_tools,true,alvo1,step,SCA - Trivy (alvo1-juiceshop),"Trivy: vulnerabilidades da imagem (D9, fonte unica de SCA)",2026-09-28T21:08:28Z,2026-09-28T21:08:44Z,16,success,GitHub Actions 1000000150,7ad02b7add541c8a54400cf27ec1b09de3aedb4f
36483419446,1,01-devsecops,AUD-05,devsecops-audit,all_tools,true,alvo1,step,SCA - Trivy (alvo1-juiceshop),Trivy: segredos no codigo-fonte,2026-09-28T21:08:44Z,2026-09-28T21:08:45Z,1,success,GitHub Actions 1000000150,7ad02b7add541c8a54400cf27ec1b09de3aedb4f
36483419446,1,01-devsecops,AUD-05,devsecops-audit,all_tools,true,alvo1,step,SCA - Trivy (alvo1-juiceshop),Trivy: IaC (Dockerfile),2026-09-28T21:08:45Z,2026-09-28T21:08:47Z,2,success,GitHub Actions 1000000150,7ad02b7add541c8a54400cf27ec1b09de3aedb4f
36483419446,1,01-devsecops,AUD-05,devsecops-audit,all_tools,true,alvo1,step,SCA - Trivy (alvo1-juiceshop),Run actions/upload-artifact@043fb46d1a93c77aae656e7c1c64a875d1fc6a0a,2026-09-28T21:08:47Z,2026-09-28T21:08:48Z,1,success,GitHub Actions 1000000150,7ad02b7add541c8a54400cf27ec1b09de3aedb4f
36483419446,1,01-devsecops,AUD-05,devsecops-audit,all_tools,true,alvo1,step,SCA - Trivy (alvo1-juiceshop),Post Instalar Trivy,2026-09-28T21:08:48Z,2026-09-28T21:08:48Z,0,success,GitHub Actions 1000000150,7ad02b7add541c8a54400cf27ec1b09de3aedb4f
36483419446,1,01-devsecops,AUD-05,devsecops-audit,all_tools,true,alvo1,step,SCA - Trivy (alvo1-juiceshop),Post Checkout (com submodulos),2026-09-28T21:08:48Z,2026-09-28T21:08:48Z,0,success,GitHub Actions 1000000150,7ad02b7add541c8a54400cf27ec1b09de3aedb4f
36483419446,1,01-devsecops,AUD-05,devsecops-audit,all_tools,true,alvo1,step,SCA - Trivy (alvo1-juiceshop),Complete job,2026-09-28T21:08:48Z,2026-09-28T21:08:48Z,0,success,GitHub Actions 1000000150,7ad02b7add541c8a54400cf27ec1b09de3aedb4f
36483419446,1,01-devsecops,AUD-05,devsecops-audit,all_tools,true,alvo2,job,SCA - Trivy (alvo2-uptimekuma),,2026-09-28T21:07:59Z,2026-09-28T21:09:18Z,79,success,GitHub Actions 1000000151,7ad02b7add541c8a54400cf27ec1b09de3aedb4f
36483419446,1,01-devsecops,AUD-05,devsecops-audit,all_tools,true,alvo2,step,SCA - Trivy (alvo2-uptimekuma),Set up job,2026-09-28T21:07:59Z,2026-09-28T21:08:01Z,2,success,GitHub Actions 1000000151,7ad02b7add541c8a54400cf27ec1b09de3aedb4f
36483419446,1,01-devsecops,AUD-05,devsecops-audit,all_tools,true,alvo2,step,SCA - Trivy (alvo2-uptimekuma),Checkout (com submodulos),2026-09-28T21:08:01Z,2026-09-28T21:08:09Z,8,success,GitHub Actions 1000000151,7ad02b7add541c8a54400cf27ec1b09de3aedb4f
36483419446,1,01-devsecops,AUD-05,devsecops-audit,all_tools,true,alvo2,step,SCA - Trivy (alvo2-uptimekuma),Carregar perfil do alvo,2026-09-28T21:08:09Z,2026-09-28T21:08:09Z,0,success,GitHub Actions 1000000151,7ad02b7add541c8a54400cf27ec1b09de3aedb4f
36483419446,1,01-devsecops,AUD-05,devsecops-audit,all_tools,true,alvo2,step,SCA - Trivy (alvo2-uptimekuma),Baixar imagem construida,2026-09-28T21:08:09Z,2026-09-28T21:08:23Z,14,success,GitHub Actions 1000000151,7ad02b7add541c8a54400cf27ec1b09de3aedb4f
36483419446,1,01-devsecops,AUD-05,devsecops-audit,all_tools,true,alvo2,step,SCA - Trivy (alvo2-uptimekuma),Carregar imagem no Docker,2026-09-28T21:08:23Z,2026-09-28T21:08:51Z,28,success,GitHub Actions 1000000151,7ad02b7add541c8a54400cf27ec1b09de3aedb4f
36483419446,1,01-devsecops,AUD-05,devsecops-audit,all_tools,true,alvo2,step,SCA - Trivy (alvo2-uptimekuma),Instalar Trivy,2026-09-28T21:08:51Z,2026-09-28T21:08:52Z,1,success,GitHub Actions 1000000151,7ad02b7add541c8a54400cf27ec1b09de3aedb4f
36483419446,1,01-devsecops,AUD-05,devsecops-audit,all_tools,true,alvo2,step,SCA - Trivy (alvo2-uptimekuma),"Trivy: vulnerabilidades da imagem (D9, fonte unica de SCA)",2026-09-28T21:08:52Z,2026-09-28T21:09:11Z,19,success,GitHub Actions 1000000151,7ad02b7add541c8a54400cf27ec1b09de3aedb4f
36483419446,1,01-devsecops,AUD-05,devsecops-audit,all_tools,true,alvo2,step,SCA - Trivy (alvo2-uptimekuma),Trivy: segredos no codigo-fonte,2026-09-28T21:09:11Z,2026-09-28T21:09:12Z,1,success,GitHub Actions 1000000151,7ad02b7add541c8a54400cf27ec1b09de3aedb4f
36483419446,1,01-devsecops,AUD-05,devsecops-audit,all_tools,true,alvo2,step,SCA - Trivy (alvo2-uptimekuma),Trivy: IaC (Dockerfile),2026-09-28T21:09:12Z,2026-09-28T21:09:14Z,2,success,GitHub Actions 1000000151,7ad02b7add541c8a54400cf27ec1b09de3aedb4f
36483419446,1,01-devsecops,AUD-05,devsecops-audit,all_tools,true,alvo2,step,SCA - Trivy (alvo2-uptimekuma),Run actions/upload-artifact@043fb46d1a93c77aae656e7c1c64a875d1fc6a0a,2026-09-28T21:09:14Z,2026-09-28T21:09:15Z,1,success,GitHub Actions 1000000151,7ad02b7add541c8a54400cf27ec1b09de3aedb4f
36483419446,1,01-devsecops,AUD-05,devsecops-audit,all_tools,true,alvo2,step,SCA - Trivy (alvo2-uptimekuma),Post Instalar Trivy,2026-09-28T21:09:15Z,2026-09-28T21:09:15Z,0,success,GitHub Actions 1000000151,7ad02b7add541c8a54400cf27ec1b09de3aedb4f
36483419446,1,01-devsecops,AUD-05,devsecops-audit,all_tools,true,alvo2,step,SCA - Trivy (alvo2-uptimekuma),Post Checkout (com submodulos),2026-09-28T21:09:15Z,2026-09-28T21:09:16Z,1,success,GitHub Actions 1000000151,7ad02b7add541c8a54400cf27ec1b09de3aedb4f
36483419446,1,01-devsecops,AUD-05,devsecops-audit,all_tools,true,alvo2,step,SCA - Trivy (alvo2-uptimekuma),Complete job,2026-09-28T21:09:16Z,2026-09-28T21:09:16Z,0,success,GitHub Actions 1000000151,7ad02b7add541c8a54400cf27ec1b09de3aedb4f
36483419446,1,01-devsecops,AUD-05,devsecops-audit,all_tools,true,alvo2,job,Quality Gate (alvo2-uptimekuma),,2026-09-28T21:09:20Z,2026-09-28T21:09:29Z,9,success,GitHub Actions 1000000152,7ad02b7add541c8a54400cf27ec1b09de3aedb4f
36483419446,1,01-devsecops,AUD-05,devsecops-audit,all_tools,true,alvo2,step,Quality Gate (alvo2-uptimekuma),Set up job,2026-09-28T21:09:21Z,2026-09-28T21:09:22Z,1,success,GitHub Actions 1000000152,7ad02b7add541c8a54400cf27ec1b09de3aedb4f
36483419446,1,01-devsecops,AUD-05,devsecops-audit,all_tools,true,alvo2,step,Quality Gate (alvo2-uptimekuma),Checkout,2026-09-28T21:09:22Z,2026-09-28T21:09:23Z,1,success,GitHub Actions 1000000152,7ad02b7add541c8a54400cf27ec1b09de3aedb4f
36483419446,1,01-devsecops,AUD-05,devsecops-audit,all_tools,true,alvo2,step,Quality Gate (alvo2-uptimekuma),Carregar perfil do alvo,2026-09-28T21:09:23Z,2026-09-28T21:09:23Z,0,success,GitHub Actions 1000000152,7ad02b7add541c8a54400cf27ec1b09de3aedb4f
36483419446,1,01-devsecops,AUD-05,devsecops-audit,all_tools,true,alvo2,step,Quality Gate (alvo2-uptimekuma),Baixar achados de SAST,2026-09-28T21:09:23Z,2026-09-28T21:09:23Z,0,success,GitHub Actions 1000000152,7ad02b7add541c8a54400cf27ec1b09de3aedb4f
36483419446,1,01-devsecops,AUD-05,devsecops-audit,all_tools,true,alvo2,step,Quality Gate (alvo2-uptimekuma),Baixar achados de SCA,2026-09-28T21:09:23Z,2026-09-28T21:09:24Z,1,success,GitHub Actions 1000000152,7ad02b7add541c8a54400cf27ec1b09de3aedb4f
36483419446,1,01-devsecops,AUD-05,devsecops-audit,all_tools,true,alvo2,step,Quality Gate (alvo2-uptimekuma),Instalar dependencias do script,2026-09-28T21:09:24Z,2026-09-28T21:09:26Z,2,success,GitHub Actions 1000000152,7ad02b7add541c8a54400cf27ec1b09de3aedb4f
36483419446,1,01-devsecops,AUD-05,devsecops-audit,all_tools,true,alvo2,step,Quality Gate (alvo2-uptimekuma),Avaliar Quality Gate,2026-09-28T21:09:26Z,2026-09-28T21:09:27Z,1,success,GitHub Actions 1000000152,7ad02b7add541c8a54400cf27ec1b09de3aedb4f
36483419446,1,01-devsecops,AUD-05,devsecops-audit,all_tools,true,alvo2,step,Quality Gate (alvo2-uptimekuma),Run actions/upload-artifact@043fb46d1a93c77aae656e7c1c64a875d1fc6a0a,2026-09-28T21:09:27Z,2026-09-28T21:09:27Z,0,success,GitHub Actions 1000000152,7ad02b7add541c8a54400cf27ec1b09de3aedb4f
36483419446,1,01-devsecops,AUD-05,devsecops-audit,all_tools,true,alvo2,step,Quality Gate (alvo2-uptimekuma),Post Checkout,2026-09-28T21:09:27Z,2026-09-28T21:09:28Z,1,success,GitHub Actions 1000000152,7ad02b7add541c8a54400cf27ec1b09de3aedb4f
36483419446,1,01-devsecops,AUD-05,devsecops-audit,all_tools,true,alvo2,step,Quality Gate (alvo2-uptimekuma),Complete job,2026-09-28T21:09:28Z,2026-09-28T21:09:28Z,0,success,GitHub Actions 1000000152,7ad02b7add541c8a54400cf27ec1b09de3aedb4f
36483419446,1,01-devsecops,AUD-05,devsecops-audit,all_tools,true,alvo1,job,Quality Gate (alvo1-juiceshop),,2026-09-28T21:09:20Z,2026-09-28T21:09:32Z,12,success,GitHub Actions 1000000153,7ad02b7add541c8a54400cf27ec1b09de3aedb4f
36483419446,1,01-devsecops,AUD-05,devsecops-audit,all_tools,true,alvo1,step,Quality Gate (alvo1-juiceshop),Set up job,2026-09-28T21:09:21Z,2026-09-28T21:09:23Z,2,success,GitHub Actions 1000000153,7ad02b7add541c8a54400cf27ec1b09de3aedb4f
36483419446,1,01-devsecops,AUD-05,devsecops-audit,all_tools,true,alvo1,step,Quality Gate (alvo1-juiceshop),Checkout,2026-09-28T21:09:23Z,2026-09-28T21:09:24Z,1,success,GitHub Actions 1000000153,7ad02b7add541c8a54400cf27ec1b09de3aedb4f
36483419446,1,01-devsecops,AUD-05,devsecops-audit,all_tools,true,alvo1,step,Quality Gate (alvo1-juiceshop),Carregar perfil do alvo,2026-09-28T21:09:24Z,2026-09-28T21:09:24Z,0,success,GitHub Actions 1000000153,7ad02b7add541c8a54400cf27ec1b09de3aedb4f
36483419446,1,01-devsecops,AUD-05,devsecops-audit,all_tools,true,alvo1,step,Quality Gate (alvo1-juiceshop),Baixar achados de SAST,2026-09-28T21:09:24Z,2026-09-28T21:09:26Z,2,success,GitHub Actions 1000000153,7ad02b7add541c8a54400cf27ec1b09de3aedb4f
36483419446,1,01-devsecops,AUD-05,devsecops-audit,all_tools,true,alvo1,step,Quality Gate (alvo1-juiceshop),Baixar achados de SCA,2026-09-28T21:09:26Z,2026-09-28T21:09:27Z,1,success,GitHub Actions 1000000153,7ad02b7add541c8a54400cf27ec1b09de3aedb4f
36483419446,1,01-devsecops,AUD-05,devsecops-audit,all_tools,true,alvo1,step,Quality Gate (alvo1-juiceshop),Instalar dependencias do script,2026-09-28T21:09:27Z,2026-09-28T21:09:28Z,1,success,GitHub Actions 1000000153,7ad02b7add541c8a54400cf27ec1b09de3aedb4f
36483419446,1,01-devsecops,AUD-05,devsecops-audit,all_tools,true,alvo1,step,Quality Gate (alvo1-juiceshop),Avaliar Quality Gate,2026-09-28T21:09:28Z,2026-09-28T21:09:28Z,0,success,GitHub Actions 1000000153,7ad02b7add541c8a54400cf27ec1b09de3aedb4f
36483419446,1,01-devsecops,AUD-05,devsecops-audit,all_tools,true,alvo1,step,Quality Gate (alvo1-juiceshop),Run actions/upload-artifact@043fb46d1a93c77aae656e7c1c64a875d1fc6a0a,2026-09-28T21:09:28Z,2026-09-28T21:09:29Z,1,success,GitHub Actions 1000000153,7ad02b7add541c8a54400cf27ec1b09de3aedb4f
36483419446,1,01-devsecops,AUD-05,devsecops-audit,all_tools,true,alvo1,step,Quality Gate (alvo1-juiceshop),Post Checkout,2026-09-28T21:09:29Z,2026-09-28T21:09:29Z,0,success,GitHub Actions 1000000153,7ad02b7add541c8a54400cf27ec1b09de3aedb4f
36483419446,1,01-devsecops,AUD-05,devsecops-audit,all_tools,true,alvo1,step,Quality Gate (alvo1-juiceshop),Complete job,2026-09-28T21:09:29Z,2026-09-28T21:09:29Z,0,success,GitHub Actions 1000000153,7ad02b7add541c8a54400cf27ec1b09de3aedb4f
36483419446,1,01-devsecops,AUD-05,devsecops-audit,all_tools,true,alvo1,job,Staging + DAST - OWASP ZAP (alvo1-juiceshop),,2026-09-28T21:09:35Z,2026-09-28T22:05:42Z,3367,success,GitHub Actions 1000000154,7ad02b7add541c8a54400cf27ec1b09de3aedb4f
36483419446,1,01-devsecops,AUD-05,devsecops-audit,all_tools,true,alvo1,step,Staging + DAST - OWASP ZAP (alvo1-juiceshop),Set up job,2026-09-28T21:09:36Z,2026-09-28T21:09:37Z,1,success,GitHub Actions 1000000154,7ad02b7add541c8a54400cf27ec1b09de3aedb4f
36483419446,1,01-devsecops,AUD-05,devsecops-audit,all_tools,true,alvo1,step,Staging + DAST - OWASP ZAP (alvo1-juiceshop),Checkout,2026-09-28T21:09:37Z,2026-09-28T21:09:39Z,2,success,GitHub Actions 1000000154,7ad02b7add541c8a54400cf27ec1b09de3aedb4f
36483419446,1,01-devsecops,AUD-05,devsecops-audit,all_tools,true,alvo1,step,Staging + DAST - OWASP ZAP (alvo1-juiceshop),Carregar perfil do alvo,2026-09-28T21:09:39Z,2026-09-28T21:09:39Z,0,success,GitHub Actions 1000000154,7ad02b7add541c8a54400cf27ec1b09de3aedb4f
36483419446,1,01-devsecops,AUD-05,devsecops-audit,all_tools,true,alvo1,step,Staging + DAST - OWASP ZAP (alvo1-juiceshop),Baixar imagem construida,2026-09-28T21:09:39Z,2026-09-28T21:09:46Z,7,success,GitHub Actions 1000000154,7ad02b7add541c8a54400cf27ec1b09de3aedb4f
36483419446,1,01-devsecops,AUD-05,devsecops-audit,all_tools,true,alvo1,step,Staging + DAST - OWASP ZAP (alvo1-juiceshop),Carregar imagem no Docker,2026-09-28T21:09:46Z,2026-09-28T21:09:56Z,10,success,GitHub Actions 1000000154,7ad02b7add541c8a54400cf27ec1b09de3aedb4f
36483419446,1,01-devsecops,AUD-05,devsecops-audit,all_tools,true,alvo1,step,Staging + DAST - OWASP ZAP (alvo1-juiceshop),Staging (subir aplicacao e aguardar health check),2026-09-28T21:09:56Z,2026-09-28T21:09:58Z,2,success,GitHub Actions 1000000154,7ad02b7add541c8a54400cf27ec1b09de3aedb4f
36483419446,1,01-devsecops,AUD-05,devsecops-audit,all_tools,true,alvo1,step,Staging + DAST - OWASP ZAP (alvo1-juiceshop),Montar opcoes do ZAP,2026-09-28T21:09:58Z,2026-09-28T21:09:58Z,0,success,GitHub Actions 1000000154,7ad02b7add541c8a54400cf27ec1b09de3aedb4f
36483419446,1,01-devsecops,AUD-05,devsecops-audit,all_tools,true,alvo1,step,Staging + DAST - OWASP ZAP (alvo1-juiceshop),OWASP ZAP: full scan,2026-09-28T21:09:58Z,2026-09-28T22:05:31Z,3333,success,GitHub Actions 1000000154,7ad02b7add541c8a54400cf27ec1b09de3aedb4f
36483419446,1,01-devsecops,AUD-05,devsecops-audit,all_tools,true,alvo1,step,Staging + DAST - OWASP ZAP (alvo1-juiceshop),Verificar que o alvo sobreviveu ao DAST,2026-09-28T22:05:31Z,2026-09-28T22:05:31Z,0,success,GitHub Actions 1000000154,7ad02b7add541c8a54400cf27ec1b09de3aedb4f
36483419446,1,01-devsecops,AUD-05,devsecops-audit,all_tools,true,alvo1,step,Staging + DAST - OWASP ZAP (alvo1-juiceshop),Verificar que o ZAP produziu relatorio,2026-09-28T22:05:31Z,2026-09-28T22:05:31Z,0,success,GitHub Actions 1000000154,7ad02b7add541c8a54400cf27ec1b09de3aedb4f
36483419446,1,01-devsecops,AUD-05,devsecops-audit,all_tools,true,alvo1,step,Staging + DAST - OWASP ZAP (alvo1-juiceshop),Logs da aplicacao,2026-09-28T22:05:31Z,2026-09-28T22:05:31Z,0,success,GitHub Actions 1000000154,7ad02b7add541c8a54400cf27ec1b09de3aedb4f
36483419446,1,01-devsecops,AUD-05,devsecops-audit,all_tools,true,alvo1,step,Staging + DAST - OWASP ZAP (alvo1-juiceshop),Encerrar container,2026-09-28T22:05:31Z,2026-09-28T22:05:32Z,1,success,GitHub Actions 1000000154,7ad02b7add541c8a54400cf27ec1b09de3aedb4f
36483419446,1,01-devsecops,AUD-05,devsecops-audit,all_tools,true,alvo1,step,Staging + DAST - OWASP ZAP (alvo1-juiceshop),Run actions/upload-artifact@043fb46d1a93c77aae656e7c1c64a875d1fc6a0a,2026-09-28T22:05:32Z,2026-09-28T22:05:33Z,1,success,GitHub Actions 1000000154,7ad02b7add541c8a54400cf27ec1b09de3aedb4f
36483419446,1,01-devsecops,AUD-05,devsecops-audit,all_tools,true,alvo1,step,Staging + DAST - OWASP ZAP (alvo1-juiceshop),Baixar achados de SAST e SCA (gate pos-DAST),2026-09-28T22:05:33Z,2026-09-28T22:05:34Z,1,success,GitHub Actions 1000000154,7ad02b7add541c8a54400cf27ec1b09de3aedb4f
36483419446,1,01-devsecops,AUD-05,devsecops-audit,all_tools,true,alvo1,step,Staging + DAST - OWASP ZAP (alvo1-juiceshop),Quality Gate pos-DAST (escopo all_tools),2026-09-28T22:05:34Z,2026-09-28T22:05:37Z,3,success,GitHub Actions 1000000154,7ad02b7add541c8a54400cf27ec1b09de3aedb4f
36483419446,1,01-devsecops,AUD-05,devsecops-audit,all_tools,true,alvo1,step,Staging + DAST - OWASP ZAP (alvo1-juiceshop),Run actions/upload-artifact@043fb46d1a93c77aae656e7c1c64a875d1fc6a0a,2026-09-28T22:05:37Z,2026-09-28T22:05:39Z,2,success,GitHub Actions 1000000154,7ad02b7add541c8a54400cf27ec1b09de3aedb4f
36483419446,1,01-devsecops,AUD-05,devsecops-audit,all_tools,true,alvo1,step,Staging + DAST - OWASP ZAP (alvo1-juiceshop),Post Checkout,2026-09-28T22:05:39Z,2026-09-28T22:05:39Z,0,success,GitHub Actions 1000000154,7ad02b7add541c8a54400cf27ec1b09de3aedb4f
36483419446,1,01-devsecops,AUD-05,devsecops-audit,all_tools,true,alvo1,step,Staging + DAST - OWASP ZAP (alvo1-juiceshop),Complete job,2026-09-28T22:05:39Z,2026-09-28T22:05:39Z,0,success,GitHub Actions 1000000154,7ad02b7add541c8a54400cf27ec1b09de3aedb4f
36483419446,1,01-devsecops,AUD-05,devsecops-audit,all_tools,true,alvo2,job,Staging + DAST - OWASP ZAP (alvo2-uptimekuma),,2026-09-28T21:09:35Z,2026-09-28T21:15:03Z,328,success,GitHub Actions 1000000155,7ad02b7add541c8a54400cf27ec1b09de3aedb4f
36483419446,1,01-devsecops,AUD-05,devsecops-audit,all_tools,true,alvo2,step,Staging + DAST - OWASP ZAP (alvo2-uptimekuma),Set up job,2026-09-28T21:09:36Z,2026-09-28T21:09:37Z,1,success,GitHub Actions 1000000155,7ad02b7add541c8a54400cf27ec1b09de3aedb4f
36483419446,1,01-devsecops,AUD-05,devsecops-audit,all_tools,true,alvo2,step,Staging + DAST - OWASP ZAP (alvo2-uptimekuma),Checkout,2026-09-28T21:09:37Z,2026-09-28T21:09:40Z,3,success,GitHub Actions 1000000155,7ad02b7add541c8a54400cf27ec1b09de3aedb4f
36483419446,1,01-devsecops,AUD-05,devsecops-audit,all_tools,true,alvo2,step,Staging + DAST - OWASP ZAP (alvo2-uptimekuma),Carregar perfil do alvo,2026-09-28T21:09:40Z,2026-09-28T21:09:40Z,0,success,GitHub Actions 1000000155,7ad02b7add541c8a54400cf27ec1b09de3aedb4f
36483419446,1,01-devsecops,AUD-05,devsecops-audit,all_tools,true,alvo2,step,Staging + DAST - OWASP ZAP (alvo2-uptimekuma),Baixar imagem construida,2026-09-28T21:09:40Z,2026-09-28T21:09:53Z,13,success,GitHub Actions 1000000155,7ad02b7add541c8a54400cf27ec1b09de3aedb4f
36483419446,1,01-devsecops,AUD-05,devsecops-audit,all_tools,true,alvo2,step,Staging + DAST - OWASP ZAP (alvo2-uptimekuma),Carregar imagem no Docker,2026-09-28T21:09:53Z,2026-09-28T21:10:20Z,27,success,GitHub Actions 1000000155,7ad02b7add541c8a54400cf27ec1b09de3aedb4f
36483419446,1,01-devsecops,AUD-05,devsecops-audit,all_tools,true,alvo2,step,Staging + DAST - OWASP ZAP (alvo2-uptimekuma),Staging (subir aplicacao e aguardar health check),2026-09-28T21:10:20Z,2026-09-28T21:10:23Z,3,success,GitHub Actions 1000000155,7ad02b7add541c8a54400cf27ec1b09de3aedb4f
36483419446,1,01-devsecops,AUD-05,devsecops-audit,all_tools,true,alvo2,step,Staging + DAST - OWASP ZAP (alvo2-uptimekuma),Montar opcoes do ZAP,2026-09-28T21:10:23Z,2026-09-28T21:10:23Z,0,success,GitHub Actions 1000000155,7ad02b7add541c8a54400cf27ec1b09de3aedb4f
36483419446,1,01-devsecops,AUD-05,devsecops-audit,all_tools,true,alvo2,step,Staging + DAST - OWASP ZAP (alvo2-uptimekuma),OWASP ZAP: full scan,2026-09-28T21:10:23Z,2026-09-28T21:14:55Z,272,success,GitHub Actions 1000000155,7ad02b7add541c8a54400cf27ec1b09de3aedb4f
36483419446,1,01-devsecops,AUD-05,devsecops-audit,all_tools,true,alvo2,step,Staging + DAST - OWASP ZAP (alvo2-uptimekuma),Verificar que o alvo sobreviveu ao DAST,2026-09-28T21:14:55Z,2026-09-28T21:14:55Z,0,success,GitHub Actions 1000000155,7ad02b7add541c8a54400cf27ec1b09de3aedb4f
36483419446,1,01-devsecops,AUD-05,devsecops-audit,all_tools,true,alvo2,step,Staging + DAST - OWASP ZAP (alvo2-uptimekuma),Verificar que o ZAP produziu relatorio,2026-09-28T21:14:55Z,2026-09-28T21:14:55Z,0,success,GitHub Actions 1000000155,7ad02b7add541c8a54400cf27ec1b09de3aedb4f
36483419446,1,01-devsecops,AUD-05,devsecops-audit,all_tools,true,alvo2,step,Staging + DAST - OWASP ZAP (alvo2-uptimekuma),Logs da aplicacao,2026-09-28T21:14:55Z,2026-09-28T21:14:55Z,0,success,GitHub Actions 1000000155,7ad02b7add541c8a54400cf27ec1b09de3aedb4f
36483419446,1,01-devsecops,AUD-05,devsecops-audit,all_tools,true,alvo2,step,Staging + DAST - OWASP ZAP (alvo2-uptimekuma),Encerrar container,2026-09-28T21:14:55Z,2026-09-28T21:14:55Z,0,success,GitHub Actions 1000000155,7ad02b7add541c8a54400cf27ec1b09de3aedb4f
36483419446,1,01-devsecops,AUD-05,devsecops-audit,all_tools,true,alvo2,step,Staging + DAST - OWASP ZAP (alvo2-uptimekuma),Run actions/upload-artifact@043fb46d1a93c77aae656e7c1c64a875d1fc6a0a,2026-09-28T21:14:55Z,2026-09-28T21:14:56Z,1,success,GitHub Actions 1000000155,7ad02b7add541c8a54400cf27ec1b09de3aedb4f
36483419446,1,01-devsecops,AUD-05,devsecops-audit,all_tools,true,alvo2,step,Staging + DAST - OWASP ZAP (alvo2-uptimekuma),Baixar achados de SAST e SCA (gate pos-DAST),2026-09-28T21:14:56Z,2026-09-28T21:14:57Z,1,success,GitHub Actions 1000000155,7ad02b7add541c8a54400cf27ec1b09de3aedb4f
36483419446,1,01-devsecops,AUD-05,devsecops-audit,all_tools,true,alvo2,step,Staging + DAST - OWASP ZAP (alvo2-uptimekuma),Quality Gate pos-DAST (escopo all_tools),2026-09-28T21:14:57Z,2026-09-28T21:15:00Z,3,success,GitHub Actions 1000000155,7ad02b7add541c8a54400cf27ec1b09de3aedb4f
36483419446,1,01-devsecops,AUD-05,devsecops-audit,all_tools,true,alvo2,step,Staging + DAST - OWASP ZAP (alvo2-uptimekuma),Run actions/upload-artifact@043fb46d1a93c77aae656e7c1c64a875d1fc6a0a,2026-09-28T21:15:00Z,2026-09-28T21:15:01Z,1,success,GitHub Actions 1000000155,7ad02b7add541c8a54400cf27ec1b09de3aedb4f
36483419446,1,01-devsecops,AUD-05,devsecops-audit,all_tools,true,alvo2,step,Staging + DAST - OWASP ZAP (alvo2-uptimekuma),Post Checkout,2026-09-28T21:15:01Z,2026-09-28T21:15:01Z,0,success,GitHub Actions 1000000155,7ad02b7add541c8a54400cf27ec1b09de3aedb4f
36483419446,1,01-devsecops,AUD-05,devsecops-audit,all_tools,true,alvo2,step,Staging + DAST - OWASP ZAP (alvo2-uptimekuma),Complete job,2026-09-28T21:15:01Z,2026-09-28T21:15:01Z,0,success,GitHub Actions 1000000155,7ad02b7add541c8a54400cf27ec1b09de3aedb4f
36483686211,1,00-baseline,BASE-06,baseline,,,alvo2,job,Baseline (alvo2-uptimekuma),,2026-09-28T21:05:08Z,2026-09-28T21:07:53Z,165,success,GitHub Actions 1000000148,7ad02b7add541c8a54400cf27ec1b09de3aedb4f
36483686211,1,00-baseline,BASE-06,baseline,,,alvo2,step,Baseline (alvo2-uptimekuma),Set up job,2026-09-28T21:05:09Z,2026-09-28T21:05:09Z,0,success,GitHub Actions 1000000148,7ad02b7add541c8a54400cf27ec1b09de3aedb4f
36483686211,1,00-baseline,BASE-06,baseline,,,alvo2,step,Baseline (alvo2-uptimekuma),Checkout (com submodulos),2026-09-28T21:05:09Z,2026-09-28T21:05:14Z,5,success,GitHub Actions 1000000148,7ad02b7add541c8a54400cf27ec1b09de3aedb4f
36483686211,1,00-baseline,BASE-06,baseline,,,alvo2,step,Baseline (alvo2-uptimekuma),Carregar perfil do alvo,2026-09-28T21:05:14Z,2026-09-28T21:05:14Z,0,success,GitHub Actions 1000000148,7ad02b7add541c8a54400cf27ec1b09de3aedb4f
36483686211,1,00-baseline,BASE-06,baseline,,,alvo2,step,Baseline (alvo2-uptimekuma),Instalar Node.js (quando exigido pelo alvo),2026-09-28T21:05:14Z,2026-09-28T21:05:17Z,3,success,GitHub Actions 1000000148,7ad02b7add541c8a54400cf27ec1b09de3aedb4f
36483686211,1,00-baseline,BASE-06,baseline,,,alvo2,step,Baseline (alvo2-uptimekuma),Pre-build da aplicacao (quando exigido pelo alvo),2026-09-28T21:05:17Z,2026-09-28T21:07:06Z,109,success,GitHub Actions 1000000148,7ad02b7add541c8a54400cf27ec1b09de3aedb4f
36483686211,1,00-baseline,BASE-06,baseline,,,alvo2,step,Baseline (alvo2-uptimekuma),Build da imagem Docker,2026-09-28T21:07:06Z,2026-09-28T21:07:49Z,43,success,GitHub Actions 1000000148,7ad02b7add541c8a54400cf27ec1b09de3aedb4f
36483686211,1,00-baseline,BASE-06,baseline,,,alvo2,step,Baseline (alvo2-uptimekuma),Staging (subir aplicacao e aguardar health check),2026-09-28T21:07:49Z,2026-09-28T21:07:51Z,2,success,GitHub Actions 1000000148,7ad02b7add541c8a54400cf27ec1b09de3aedb4f
36483686211,1,00-baseline,BASE-06,baseline,,,alvo2,step,Baseline (alvo2-uptimekuma),Encerrar container,2026-09-28T21:07:51Z,2026-09-28T21:07:51Z,0,success,GitHub Actions 1000000148,7ad02b7add541c8a54400cf27ec1b09de3aedb4f
36483686211,1,00-baseline,BASE-06,baseline,,,alvo2,step,Baseline (alvo2-uptimekuma),Post Instalar Node.js (quando exigido pelo alvo),2026-09-28T21:07:51Z,2026-09-28T21:07:52Z,1,success,GitHub Actions 1000000148,7ad02b7add541c8a54400cf27ec1b09de3aedb4f
36483686211,1,00-baseline,BASE-06,baseline,,,alvo2,step,Baseline (alvo2-uptimekuma),Post Checkout (com submodulos),2026-09-28T21:07:52Z,2026-09-28T21:07:52Z,0,success,GitHub Actions 1000000148,7ad02b7add541c8a54400cf27ec1b09de3aedb4f
36483686211,1,00-baseline,BASE-06,baseline,,,alvo2,step,Baseline (alvo2-uptimekuma),Complete job,2026-09-28T21:07:52Z,2026-09-28T21:07:52Z,0,success,GitHub Actions 1000000148,7ad02b7add541c8a54400cf27ec1b09de3aedb4f
36483686211,1,00-baseline,BASE-06,baseline,,,alvo1,job,Baseline (alvo1-juiceshop),,2026-09-28T21:05:08Z,2026-09-28T21:07:22Z,134,success,GitHub Actions 1000000149,7ad02b7add541c8a54400cf27ec1b09de3aedb4f
36483686211,1,00-baseline,BASE-06,baseline,,,alvo1,step,Baseline (alvo1-juiceshop),Set up job,2026-09-28T21:05:09Z,2026-09-28T21:05:09Z,0,success,GitHub Actions 1000000149,7ad02b7add541c8a54400cf27ec1b09de3aedb4f
36483686211,1,00-baseline,BASE-06,baseline,,,alvo1,step,Baseline (alvo1-juiceshop),Checkout (com submodulos),2026-09-28T21:05:09Z,2026-09-28T21:05:16Z,7,success,GitHub Actions 1000000149,7ad02b7add541c8a54400cf27ec1b09de3aedb4f
36483686211,1,00-baseline,BASE-06,baseline,,,alvo1,step,Baseline (alvo1-juiceshop),Carregar perfil do alvo,2026-09-28T21:05:16Z,2026-09-28T21:05:16Z,0,success,GitHub Actions 1000000149,7ad02b7add541c8a54400cf27ec1b09de3aedb4f
36483686211,1,00-baseline,BASE-06,baseline,,,alvo1,step,Baseline (alvo1-juiceshop),Instalar Node.js (quando exigido pelo alvo),2026-09-28T21:05:16Z,2026-09-28T21:05:16Z,0,skipped,GitHub Actions 1000000149,7ad02b7add541c8a54400cf27ec1b09de3aedb4f
36483686211,1,00-baseline,BASE-06,baseline,,,alvo1,step,Baseline (alvo1-juiceshop),Pre-build da aplicacao (quando exigido pelo alvo),2026-09-28T21:05:16Z,2026-09-28T21:05:16Z,0,skipped,GitHub Actions 1000000149,7ad02b7add541c8a54400cf27ec1b09de3aedb4f
36483686211,1,00-baseline,BASE-06,baseline,,,alvo1,step,Baseline (alvo1-juiceshop),Build da imagem Docker,2026-09-28T21:05:16Z,2026-09-28T21:07:19Z,123,success,GitHub Actions 1000000149,7ad02b7add541c8a54400cf27ec1b09de3aedb4f
36483686211,1,00-baseline,BASE-06,baseline,,,alvo1,step,Baseline (alvo1-juiceshop),Staging (subir aplicacao e aguardar health check),2026-09-28T21:07:19Z,2026-09-28T21:07:21Z,2,success,GitHub Actions 1000000149,7ad02b7add541c8a54400cf27ec1b09de3aedb4f
36483686211,1,00-baseline,BASE-06,baseline,,,alvo1,step,Baseline (alvo1-juiceshop),Encerrar container,2026-09-28T21:07:21Z,2026-09-28T21:07:21Z,0,success,GitHub Actions 1000000149,7ad02b7add541c8a54400cf27ec1b09de3aedb4f
36483686211,1,00-baseline,BASE-06,baseline,,,alvo1,step,Baseline (alvo1-juiceshop),Post Checkout (com submodulos),2026-09-28T21:07:21Z,2026-09-28T21:07:21Z,0,success,GitHub Actions 1000000149,7ad02b7add541c8a54400cf27ec1b09de3aedb4f
36483686211,1,00-baseline,BASE-06,baseline,,,alvo1,step,Baseline (alvo1-juiceshop),Complete job,2026-09-28T21:07:21Z,2026-09-28T21:07:21Z,0,success,GitHub Actions 1000000149,7ad02b7add541c8a54400cf27ec1b09de3aedb4f
36484207483,1,01-devsecops,AUD-06,devsecops-audit,all_tools,true,alvo1,job,SAST - Semgrep (alvo1-juiceshop),,2026-09-28T21:09:42Z,2026-09-28T21:11:17Z,95,success,GitHub Actions 1000000156,7ad02b7add541c8a54400cf27ec1b09de3aedb4f
36484207483,1,01-devsecops,AUD-06,devsecops-audit,all_tools,true,alvo1,step,SAST - Semgrep (alvo1-juiceshop),Set up job,2026-09-28T21:09:43Z,2026-09-28T21:09:44Z,1,success,GitHub Actions 1000000156,7ad02b7add541c8a54400cf27ec1b09de3aedb4f
36484207483,1,01-devsecops,AUD-06,devsecops-audit,all_tools,true,alvo1,step,SAST - Semgrep (alvo1-juiceshop),Initialize containers,2026-09-28T21:09:44Z,2026-09-28T21:09:55Z,11,success,GitHub Actions 1000000156,7ad02b7add541c8a54400cf27ec1b09de3aedb4f
36484207483,1,01-devsecops,AUD-06,devsecops-audit,all_tools,true,alvo1,step,SAST - Semgrep (alvo1-juiceshop),Checkout (com submodulos),2026-09-28T21:09:55Z,2026-09-28T21:10:02Z,7,success,GitHub Actions 1000000156,7ad02b7add541c8a54400cf27ec1b09de3aedb4f
36484207483,1,01-devsecops,AUD-06,devsecops-audit,all_tools,true,alvo1,step,SAST - Semgrep (alvo1-juiceshop),Carregar perfil do alvo,2026-09-28T21:10:02Z,2026-09-28T21:10:02Z,0,success,GitHub Actions 1000000156,7ad02b7add541c8a54400cf27ec1b09de3aedb4f
36484207483,1,01-devsecops,AUD-06,devsecops-audit,all_tools,true,alvo1,step,SAST - Semgrep (alvo1-juiceshop),Semgrep scan,2026-09-28T21:10:02Z,2026-09-28T21:11:12Z,70,success,GitHub Actions 1000000156,7ad02b7add541c8a54400cf27ec1b09de3aedb4f
36484207483,1,01-devsecops,AUD-06,devsecops-audit,all_tools,true,alvo1,step,SAST - Semgrep (alvo1-juiceshop),Run actions/upload-artifact@043fb46d1a93c77aae656e7c1c64a875d1fc6a0a,2026-09-28T21:11:12Z,2026-09-28T21:11:14Z,2,success,GitHub Actions 1000000156,7ad02b7add541c8a54400cf27ec1b09de3aedb4f
36484207483,1,01-devsecops,AUD-06,devsecops-audit,all_tools,true,alvo1,step,SAST - Semgrep (alvo1-juiceshop),Post Checkout (com submodulos),2026-09-28T21:11:14Z,2026-09-28T21:11:14Z,0,success,GitHub Actions 1000000156,7ad02b7add541c8a54400cf27ec1b09de3aedb4f
36484207483,1,01-devsecops,AUD-06,devsecops-audit,all_tools,true,alvo1,step,SAST - Semgrep (alvo1-juiceshop),Stop containers,2026-09-28T21:11:14Z,2026-09-28T21:11:15Z,1,success,GitHub Actions 1000000156,7ad02b7add541c8a54400cf27ec1b09de3aedb4f
36484207483,1,01-devsecops,AUD-06,devsecops-audit,all_tools,true,alvo1,step,SAST - Semgrep (alvo1-juiceshop),Complete job,2026-09-28T21:11:15Z,2026-09-28T21:11:15Z,0,success,GitHub Actions 1000000156,7ad02b7add541c8a54400cf27ec1b09de3aedb4f
36484207483,1,01-devsecops,AUD-06,devsecops-audit,all_tools,true,alvo2,job,SAST - Semgrep (alvo2-uptimekuma),,2026-09-28T21:09:42Z,2026-09-28T21:10:32Z,50,success,GitHub Actions 1000000157,7ad02b7add541c8a54400cf27ec1b09de3aedb4f
36484207483,1,01-devsecops,AUD-06,devsecops-audit,all_tools,true,alvo2,step,SAST - Semgrep (alvo2-uptimekuma),Set up job,2026-09-28T21:09:43Z,2026-09-28T21:09:43Z,0,success,GitHub Actions 1000000157,7ad02b7add541c8a54400cf27ec1b09de3aedb4f
36484207483,1,01-devsecops,AUD-06,devsecops-audit,all_tools,true,alvo2,step,SAST - Semgrep (alvo2-uptimekuma),Initialize containers,2026-09-28T21:09:43Z,2026-09-28T21:09:54Z,11,success,GitHub Actions 1000000157,7ad02b7add541c8a54400cf27ec1b09de3aedb4f
36484207483,1,01-devsecops,AUD-06,devsecops-audit,all_tools,true,alvo2,step,SAST - Semgrep (alvo2-uptimekuma),Checkout (com submodulos),2026-09-28T21:09:54Z,2026-09-28T21:09:59Z,5,success,GitHub Actions 1000000157,7ad02b7add541c8a54400cf27ec1b09de3aedb4f
36484207483,1,01-devsecops,AUD-06,devsecops-audit,all_tools,true,alvo2,step,SAST - Semgrep (alvo2-uptimekuma),Carregar perfil do alvo,2026-09-28T21:09:59Z,2026-09-28T21:09:59Z,0,success,GitHub Actions 1000000157,7ad02b7add541c8a54400cf27ec1b09de3aedb4f
36484207483,1,01-devsecops,AUD-06,devsecops-audit,all_tools,true,alvo2,step,SAST - Semgrep (alvo2-uptimekuma),Semgrep scan,2026-09-28T21:09:59Z,2026-09-28T21:10:29Z,30,success,GitHub Actions 1000000157,7ad02b7add541c8a54400cf27ec1b09de3aedb4f
36484207483,1,01-devsecops,AUD-06,devsecops-audit,all_tools,true,alvo2,step,SAST - Semgrep (alvo2-uptimekuma),Run actions/upload-artifact@043fb46d1a93c77aae656e7c1c64a875d1fc6a0a,2026-09-28T21:10:29Z,2026-09-28T21:10:30Z,1,success,GitHub Actions 1000000157,7ad02b7add541c8a54400cf27ec1b09de3aedb4f
36484207483,1,01-devsecops,AUD-06,devsecops-audit,all_tools,true,alvo2,step,SAST - Semgrep (alvo2-uptimekuma),Post Checkout (com submodulos),2026-09-28T21:10:30Z,2026-09-28T21:10:31Z,1,success,GitHub Actions 1000000157,7ad02b7add541c8a54400cf27ec1b09de3aedb4f
36484207483,1,01-devsecops,AUD-06,devsecops-audit,all_tools,true,alvo2,step,SAST - Semgrep (alvo2-uptimekuma),Stop containers,2026-09-28T21:10:31Z,2026-09-28T21:10:31Z,0,success,GitHub Actions 1000000157,7ad02b7add541c8a54400cf27ec1b09de3aedb4f
36484207483,1,01-devsecops,AUD-06,devsecops-audit,all_tools,true,alvo2,step,SAST - Semgrep (alvo2-uptimekuma),Complete job,2026-09-28T21:10:31Z,2026-09-28T21:10:31Z,0,success,GitHub Actions 1000000157,7ad02b7add541c8a54400cf27ec1b09de3aedb4f
36484207483,1,01-devsecops,AUD-06,devsecops-audit,all_tools,true,alvo1,job,Build (alvo1-juiceshop),,2026-09-28T21:11:19Z,2026-09-28T21:13:47Z,148,success,GitHub Actions 1000000160,7ad02b7add541c8a54400cf27ec1b09de3aedb4f
36484207483,1,01-devsecops,AUD-06,devsecops-audit,all_tools,true,alvo1,step,Build (alvo1-juiceshop),Set up job,2026-09-28T21:11:20Z,2026-09-28T21:11:20Z,0,success,GitHub Actions 1000000160,7ad02b7add541c8a54400cf27ec1b09de3aedb4f
36484207483,1,01-devsecops,AUD-06,devsecops-audit,all_tools,true,alvo1,step,Build (alvo1-juiceshop),Checkout (com submodulos),2026-09-28T21:11:20Z,2026-09-28T21:11:28Z,8,success,GitHub Actions 1000000160,7ad02b7add541c8a54400cf27ec1b09de3aedb4f
36484207483,1,01-devsecops,AUD-06,devsecops-audit,all_tools,true,alvo1,step,Build (alvo1-juiceshop),Carregar perfil do alvo,2026-09-28T21:11:28Z,2026-09-28T21:11:28Z,0,success,GitHub Actions 1000000160,7ad02b7add541c8a54400cf27ec1b09de3aedb4f
36484207483,1,01-devsecops,AUD-06,devsecops-audit,all_tools,true,alvo1,step,Build (alvo1-juiceshop),Instalar Node.js (quando exigido pelo alvo),2026-09-28T21:11:28Z,2026-09-28T21:11:28Z,0,skipped,GitHub Actions 1000000160,7ad02b7add541c8a54400cf27ec1b09de3aedb4f
36484207483,1,01-devsecops,AUD-06,devsecops-audit,all_tools,true,alvo1,step,Build (alvo1-juiceshop),Pre-build da aplicacao (quando exigido pelo alvo),2026-09-28T21:11:28Z,2026-09-28T21:11:28Z,0,skipped,GitHub Actions 1000000160,7ad02b7add541c8a54400cf27ec1b09de3aedb4f
36484207483,1,01-devsecops,AUD-06,devsecops-audit,all_tools,true,alvo1,step,Build (alvo1-juiceshop),Build da imagem Docker,2026-09-28T21:11:28Z,2026-09-28T21:13:36Z,128,success,GitHub Actions 1000000160,7ad02b7add541c8a54400cf27ec1b09de3aedb4f
36484207483,1,01-devsecops,AUD-06,devsecops-audit,all_tools,true,alvo1,step,Build (alvo1-juiceshop),Run actions/upload-artifact@043fb46d1a93c77aae656e7c1c64a875d1fc6a0a,2026-09-28T21:13:36Z,2026-09-28T21:13:46Z,10,success,GitHub Actions 1000000160,7ad02b7add541c8a54400cf27ec1b09de3aedb4f
36484207483,1,01-devsecops,AUD-06,devsecops-audit,all_tools,true,alvo1,step,Build (alvo1-juiceshop),Post Checkout (com submodulos),2026-09-28T21:13:46Z,2026-09-28T21:13:46Z,0,success,GitHub Actions 1000000160,7ad02b7add541c8a54400cf27ec1b09de3aedb4f
36484207483,1,01-devsecops,AUD-06,devsecops-audit,all_tools,true,alvo1,step,Build (alvo1-juiceshop),Complete job,2026-09-28T21:13:46Z,2026-09-28T21:13:46Z,0,success,GitHub Actions 1000000160,7ad02b7add541c8a54400cf27ec1b09de3aedb4f
36484207483,1,01-devsecops,AUD-06,devsecops-audit,all_tools,true,alvo2,job,Build (alvo2-uptimekuma),,2026-09-28T21:11:19Z,2026-09-28T21:14:55Z,216,success,GitHub Actions 1000000161,7ad02b7add541c8a54400cf27ec1b09de3aedb4f
36484207483,1,01-devsecops,AUD-06,devsecops-audit,all_tools,true,alvo2,step,Build (alvo2-uptimekuma),Set up job,2026-09-28T21:11:20Z,2026-09-28T21:11:21Z,1,success,GitHub Actions 1000000161,7ad02b7add541c8a54400cf27ec1b09de3aedb4f
36484207483,1,01-devsecops,AUD-06,devsecops-audit,all_tools,true,alvo2,step,Build (alvo2-uptimekuma),Checkout (com submodulos),2026-09-28T21:11:21Z,2026-09-28T21:11:28Z,7,success,GitHub Actions 1000000161,7ad02b7add541c8a54400cf27ec1b09de3aedb4f
36484207483,1,01-devsecops,AUD-06,devsecops-audit,all_tools,true,alvo2,step,Build (alvo2-uptimekuma),Carregar perfil do alvo,2026-09-28T21:11:28Z,2026-09-28T21:11:28Z,0,success,GitHub Actions 1000000161,7ad02b7add541c8a54400cf27ec1b09de3aedb4f
36484207483,1,01-devsecops,AUD-06,devsecops-audit,all_tools,true,alvo2,step,Build (alvo2-uptimekuma),Instalar Node.js (quando exigido pelo alvo),2026-09-28T21:11:28Z,2026-09-28T21:11:28Z,0,success,GitHub Actions 1000000161,7ad02b7add541c8a54400cf27ec1b09de3aedb4f
36484207483,1,01-devsecops,AUD-06,devsecops-audit,all_tools,true,alvo2,step,Build (alvo2-uptimekuma),Pre-build da aplicacao (quando exigido pelo alvo),2026-09-28T21:11:28Z,2026-09-28T21:13:12Z,104,success,GitHub Actions 1000000161,7ad02b7add541c8a54400cf27ec1b09de3aedb4f
36484207483,1,01-devsecops,AUD-06,devsecops-audit,all_tools,true,alvo2,step,Build (alvo2-uptimekuma),Build da imagem Docker,2026-09-28T21:13:12Z,2026-09-28T21:14:05Z,53,success,GitHub Actions 1000000161,7ad02b7add541c8a54400cf27ec1b09de3aedb4f
36484207483,1,01-devsecops,AUD-06,devsecops-audit,all_tools,true,alvo2,step,Build (alvo2-uptimekuma),Run actions/upload-artifact@043fb46d1a93c77aae656e7c1c64a875d1fc6a0a,2026-09-28T21:14:05Z,2026-09-28T21:14:53Z,48,success,GitHub Actions 1000000161,7ad02b7add541c8a54400cf27ec1b09de3aedb4f
36484207483,1,01-devsecops,AUD-06,devsecops-audit,all_tools,true,alvo2,step,Build (alvo2-uptimekuma),Post Instalar Node.js (quando exigido pelo alvo),2026-09-28T21:14:53Z,2026-09-28T21:14:53Z,0,success,GitHub Actions 1000000161,7ad02b7add541c8a54400cf27ec1b09de3aedb4f
36484207483,1,01-devsecops,AUD-06,devsecops-audit,all_tools,true,alvo2,step,Build (alvo2-uptimekuma),Post Checkout (com submodulos),2026-09-28T21:14:53Z,2026-09-28T21:14:54Z,1,success,GitHub Actions 1000000161,7ad02b7add541c8a54400cf27ec1b09de3aedb4f
36484207483,1,01-devsecops,AUD-06,devsecops-audit,all_tools,true,alvo2,step,Build (alvo2-uptimekuma),Complete job,2026-09-28T21:14:54Z,2026-09-28T21:14:54Z,0,success,GitHub Actions 1000000161,7ad02b7add541c8a54400cf27ec1b09de3aedb4f
36484207483,1,01-devsecops,AUD-06,devsecops-audit,all_tools,true,alvo2,job,SCA - Trivy (alvo2-uptimekuma),,2026-09-28T21:14:58Z,2026-09-28T21:16:42Z,104,success,GitHub Actions 1000000164,7ad02b7add541c8a54400cf27ec1b09de3aedb4f
36484207483,1,01-devsecops,AUD-06,devsecops-audit,all_tools,true,alvo2,step,SCA - Trivy (alvo2-uptimekuma),Set up job,2026-09-28T21:14:58Z,2026-09-28T21:15:00Z,2,success,GitHub Actions 1000000164,7ad02b7add541c8a54400cf27ec1b09de3aedb4f
36484207483,1,01-devsecops,AUD-06,devsecops-audit,all_tools,true,alvo2,step,SCA - Trivy (alvo2-uptimekuma),Checkout (com submodulos),2026-09-28T21:15:00Z,2026-09-28T21:15:07Z,7,success,GitHub Actions 1000000164,7ad02b7add541c8a54400cf27ec1b09de3aedb4f
36484207483,1,01-devsecops,AUD-06,devsecops-audit,all_tools,true,alvo2,step,SCA - Trivy (alvo2-uptimekuma),Carregar perfil do alvo,2026-09-28T21:15:07Z,2026-09-28T21:15:07Z,0,success,GitHub Actions 1000000164,7ad02b7add541c8a54400cf27ec1b09de3aedb4f
36484207483,1,01-devsecops,AUD-06,devsecops-audit,all_tools,true,alvo2,step,SCA - Trivy (alvo2-uptimekuma),Baixar imagem construida,2026-09-28T21:15:07Z,2026-09-28T21:15:32Z,25,success,GitHub Actions 1000000164,7ad02b7add541c8a54400cf27ec1b09de3aedb4f
36484207483,1,01-devsecops,AUD-06,devsecops-audit,all_tools,true,alvo2,step,SCA - Trivy (alvo2-uptimekuma),Carregar imagem no Docker,2026-09-28T21:15:32Z,2026-09-28T21:16:10Z,38,success,GitHub Actions 1000000164,7ad02b7add541c8a54400cf27ec1b09de3aedb4f
36484207483,1,01-devsecops,AUD-06,devsecops-audit,all_tools,true,alvo2,step,SCA - Trivy (alvo2-uptimekuma),Instalar Trivy,2026-09-28T21:16:10Z,2026-09-28T21:16:12Z,2,success,GitHub Actions 1000000164,7ad02b7add541c8a54400cf27ec1b09de3aedb4f
36484207483,1,01-devsecops,AUD-06,devsecops-audit,all_tools,true,alvo2,step,SCA - Trivy (alvo2-uptimekuma),"Trivy: vulnerabilidades da imagem (D9, fonte unica de SCA)",2026-09-28T21:16:12Z,2026-09-28T21:16:37Z,25,success,GitHub Actions 1000000164,7ad02b7add541c8a54400cf27ec1b09de3aedb4f
36484207483,1,01-devsecops,AUD-06,devsecops-audit,all_tools,true,alvo2,step,SCA - Trivy (alvo2-uptimekuma),Trivy: segredos no codigo-fonte,2026-09-28T21:16:37Z,2026-09-28T21:16:38Z,1,success,GitHub Actions 1000000164,7ad02b7add541c8a54400cf27ec1b09de3aedb4f
36484207483,1,01-devsecops,AUD-06,devsecops-audit,all_tools,true,alvo2,step,SCA - Trivy (alvo2-uptimekuma),Trivy: IaC (Dockerfile),2026-09-28T21:16:38Z,2026-09-28T21:16:39Z,1,success,GitHub Actions 1000000164,7ad02b7add541c8a54400cf27ec1b09de3aedb4f
36484207483,1,01-devsecops,AUD-06,devsecops-audit,all_tools,true,alvo2,step,SCA - Trivy (alvo2-uptimekuma),Run actions/upload-artifact@043fb46d1a93c77aae656e7c1c64a875d1fc6a0a,2026-09-28T21:16:39Z,2026-09-28T21:16:40Z,1,success,GitHub Actions 1000000164,7ad02b7add541c8a54400cf27ec1b09de3aedb4f
36484207483,1,01-devsecops,AUD-06,devsecops-audit,all_tools,true,alvo2,step,SCA - Trivy (alvo2-uptimekuma),Post Instalar Trivy,2026-09-28T21:16:40Z,2026-09-28T21:16:40Z,0,success,GitHub Actions 1000000164,7ad02b7add541c8a54400cf27ec1b09de3aedb4f
36484207483,1,01-devsecops,AUD-06,devsecops-audit,all_tools,true,alvo2,step,SCA - Trivy (alvo2-uptimekuma),Post Checkout (com submodulos),2026-09-28T21:16:40Z,2026-09-28T21:16:41Z,1,success,GitHub Actions 1000000164,7ad02b7add541c8a54400cf27ec1b09de3aedb4f
36484207483,1,01-devsecops,AUD-06,devsecops-audit,all_tools,true,alvo2,step,SCA - Trivy (alvo2-uptimekuma),Complete job,2026-09-28T21:16:41Z,2026-09-28T21:16:41Z,0,success,GitHub Actions 1000000164,7ad02b7add541c8a54400cf27ec1b09de3aedb4f
36484207483,1,01-devsecops,AUD-06,devsecops-audit,all_tools,true,alvo1,job,SCA - Trivy (alvo1-juiceshop),,2026-09-28T21:14:58Z,2026-09-28T21:15:52Z,54,success,GitHub Actions 1000000165,7ad02b7add541c8a54400cf27ec1b09de3aedb4f
36484207483,1,01-devsecops,AUD-06,devsecops-audit,all_tools,true,alvo1,step,SCA - Trivy (alvo1-juiceshop),Set up job,2026-09-28T21:14:58Z,2026-09-28T21:15:01Z,3,success,GitHub Actions 1000000165,7ad02b7add541c8a54400cf27ec1b09de3aedb4f
36484207483,1,01-devsecops,AUD-06,devsecops-audit,all_tools,true,alvo1,step,SCA - Trivy (alvo1-juiceshop),Checkout (com submodulos),2026-09-28T21:15:01Z,2026-09-28T21:15:11Z,10,success,GitHub Actions 1000000165,7ad02b7add541c8a54400cf27ec1b09de3aedb4f
36484207483,1,01-devsecops,AUD-06,devsecops-audit,all_tools,true,alvo1,step,SCA - Trivy (alvo1-juiceshop),Carregar perfil do alvo,2026-09-28T21:15:11Z,2026-09-28T21:15:11Z,0,success,GitHub Actions 1000000165,7ad02b7add541c8a54400cf27ec1b09de3aedb4f
36484207483,1,01-devsecops,AUD-06,devsecops-audit,all_tools,true,alvo1,step,SCA - Trivy (alvo1-juiceshop),Baixar imagem construida,2026-09-28T21:15:11Z,2026-09-28T21:15:16Z,5,success,GitHub Actions 1000000165,7ad02b7add541c8a54400cf27ec1b09de3aedb4f
36484207483,1,01-devsecops,AUD-06,devsecops-audit,all_tools,true,alvo1,step,SCA - Trivy (alvo1-juiceshop),Carregar imagem no Docker,2026-09-28T21:15:16Z,2026-09-28T21:15:27Z,11,success,GitHub Actions 1000000165,7ad02b7add541c8a54400cf27ec1b09de3aedb4f
36484207483,1,01-devsecops,AUD-06,devsecops-audit,all_tools,true,alvo1,step,SCA - Trivy (alvo1-juiceshop),Instalar Trivy,2026-09-28T21:15:27Z,2026-09-28T21:15:29Z,2,success,GitHub Actions 1000000165,7ad02b7add541c8a54400cf27ec1b09de3aedb4f
36484207483,1,01-devsecops,AUD-06,devsecops-audit,all_tools,true,alvo1,step,SCA - Trivy (alvo1-juiceshop),"Trivy: vulnerabilidades da imagem (D9, fonte unica de SCA)",2026-09-28T21:15:29Z,2026-09-28T21:15:44Z,15,success,GitHub Actions 1000000165,7ad02b7add541c8a54400cf27ec1b09de3aedb4f
36484207483,1,01-devsecops,AUD-06,devsecops-audit,all_tools,true,alvo1,step,SCA - Trivy (alvo1-juiceshop),Trivy: segredos no codigo-fonte,2026-09-28T21:15:44Z,2026-09-28T21:15:45Z,1,success,GitHub Actions 1000000165,7ad02b7add541c8a54400cf27ec1b09de3aedb4f
36484207483,1,01-devsecops,AUD-06,devsecops-audit,all_tools,true,alvo1,step,SCA - Trivy (alvo1-juiceshop),Trivy: IaC (Dockerfile),2026-09-28T21:15:45Z,2026-09-28T21:15:48Z,3,success,GitHub Actions 1000000165,7ad02b7add541c8a54400cf27ec1b09de3aedb4f
36484207483,1,01-devsecops,AUD-06,devsecops-audit,all_tools,true,alvo1,step,SCA - Trivy (alvo1-juiceshop),Run actions/upload-artifact@043fb46d1a93c77aae656e7c1c64a875d1fc6a0a,2026-09-28T21:15:48Z,2026-09-28T21:15:49Z,1,success,GitHub Actions 1000000165,7ad02b7add541c8a54400cf27ec1b09de3aedb4f
36484207483,1,01-devsecops,AUD-06,devsecops-audit,all_tools,true,alvo1,step,SCA - Trivy (alvo1-juiceshop),Post Instalar Trivy,2026-09-28T21:15:49Z,2026-09-28T21:15:49Z,0,success,GitHub Actions 1000000165,7ad02b7add541c8a54400cf27ec1b09de3aedb4f
36484207483,1,01-devsecops,AUD-06,devsecops-audit,all_tools,true,alvo1,step,SCA - Trivy (alvo1-juiceshop),Post Checkout (com submodulos),2026-09-28T21:15:49Z,2026-09-28T21:15:49Z,0,success,GitHub Actions 1000000165,7ad02b7add541c8a54400cf27ec1b09de3aedb4f
36484207483,1,01-devsecops,AUD-06,devsecops-audit,all_tools,true,alvo1,step,SCA - Trivy (alvo1-juiceshop),Complete job,2026-09-28T21:15:49Z,2026-09-28T21:15:49Z,0,success,GitHub Actions 1000000165,7ad02b7add541c8a54400cf27ec1b09de3aedb4f
36484207483,1,01-devsecops,AUD-06,devsecops-audit,all_tools,true,alvo1,job,Quality Gate (alvo1-juiceshop),,2026-09-28T21:16:45Z,2026-09-28T21:16:55Z,10,success,GitHub Actions 1000000170,7ad02b7add541c8a54400cf27ec1b09de3aedb4f
36484207483,1,01-devsecops,AUD-06,devsecops-audit,all_tools,true,alvo1,step,Quality Gate (alvo1-juiceshop),Set up job,2026-09-28T21:16:46Z,2026-09-28T21:16:47Z,1,success,GitHub Actions 1000000170,7ad02b7add541c8a54400cf27ec1b09de3aedb4f
36484207483,1,01-devsecops,AUD-06,devsecops-audit,all_tools,true,alvo1,step,Quality Gate (alvo1-juiceshop),Checkout,2026-09-28T21:16:47Z,2026-09-28T21:16:48Z,1,success,GitHub Actions 1000000170,7ad02b7add541c8a54400cf27ec1b09de3aedb4f
36484207483,1,01-devsecops,AUD-06,devsecops-audit,all_tools,true,alvo1,step,Quality Gate (alvo1-juiceshop),Carregar perfil do alvo,2026-09-28T21:16:48Z,2026-09-28T21:16:48Z,0,success,GitHub Actions 1000000170,7ad02b7add541c8a54400cf27ec1b09de3aedb4f
36484207483,1,01-devsecops,AUD-06,devsecops-audit,all_tools,true,alvo1,step,Quality Gate (alvo1-juiceshop),Baixar achados de SAST,2026-09-28T21:16:48Z,2026-09-28T21:16:49Z,1,success,GitHub Actions 1000000170,7ad02b7add541c8a54400cf27ec1b09de3aedb4f
36484207483,1,01-devsecops,AUD-06,devsecops-audit,all_tools,true,alvo1,step,Quality Gate (alvo1-juiceshop),Baixar achados de SCA,2026-09-28T21:16:49Z,2026-09-28T21:16:50Z,1,success,GitHub Actions 1000000170,7ad02b7add541c8a54400cf27ec1b09de3aedb4f
36484207483,1,01-devsecops,AUD-06,devsecops-audit,all_tools,true,alvo1,step,Quality Gate (alvo1-juiceshop),Instalar dependencias do script,2026-09-28T21:16:50Z,2026-09-28T21:16:51Z,1,success,GitHub Actions 1000000170,7ad02b7add541c8a54400cf27ec1b09de3aedb4f
36484207483,1,01-devsecops,AUD-06,devsecops-audit,all_tools,true,alvo1,step,Quality Gate (alvo1-juiceshop),Avaliar Quality Gate,2026-09-28T21:16:51Z,2026-09-28T21:16:51Z,0,success,GitHub Actions 1000000170,7ad02b7add541c8a54400cf27ec1b09de3aedb4f
36484207483,1,01-devsecops,AUD-06,devsecops-audit,all_tools,true,alvo1,step,Quality Gate (alvo1-juiceshop),Run actions/upload-artifact@043fb46d1a93c77aae656e7c1c64a875d1fc6a0a,2026-09-28T21:16:51Z,2026-09-28T21:16:52Z,1,success,GitHub Actions 1000000170,7ad02b7add541c8a54400cf27ec1b09de3aedb4f
36484207483,1,01-devsecops,AUD-06,devsecops-audit,all_tools,true,alvo1,step,Quality Gate (alvo1-juiceshop),Post Checkout,2026-09-28T21:16:52Z,2026-09-28T21:16:52Z,0,success,GitHub Actions 1000000170,7ad02b7add541c8a54400cf27ec1b09de3aedb4f
36484207483,1,01-devsecops,AUD-06,devsecops-audit,all_tools,true,alvo1,step,Quality Gate (alvo1-juiceshop),Complete job,2026-09-28T21:16:53Z,2026-09-28T21:16:53Z,0,success,GitHub Actions 1000000170,7ad02b7add541c8a54400cf27ec1b09de3aedb4f
36484207483,1,01-devsecops,AUD-06,devsecops-audit,all_tools,true,alvo2,job,Quality Gate (alvo2-uptimekuma),,2026-09-28T21:16:45Z,2026-09-28T21:16:59Z,14,success,GitHub Actions 1000000171,7ad02b7add541c8a54400cf27ec1b09de3aedb4f
36484207483,1,01-devsecops,AUD-06,devsecops-audit,all_tools,true,alvo2,step,Quality Gate (alvo2-uptimekuma),Set up job,2026-09-28T21:16:46Z,2026-09-28T21:16:47Z,1,success,GitHub Actions 1000000171,7ad02b7add541c8a54400cf27ec1b09de3aedb4f
36484207483,1,01-devsecops,AUD-06,devsecops-audit,all_tools,true,alvo2,step,Quality Gate (alvo2-uptimekuma),Checkout,2026-09-28T21:16:47Z,2026-09-28T21:16:48Z,1,success,GitHub Actions 1000000171,7ad02b7add541c8a54400cf27ec1b09de3aedb4f
36484207483,1,01-devsecops,AUD-06,devsecops-audit,all_tools,true,alvo2,step,Quality Gate (alvo2-uptimekuma),Carregar perfil do alvo,2026-09-28T21:16:48Z,2026-09-28T21:16:48Z,0,success,GitHub Actions 1000000171,7ad02b7add541c8a54400cf27ec1b09de3aedb4f
36484207483,1,01-devsecops,AUD-06,devsecops-audit,all_tools,true,alvo2,step,Quality Gate (alvo2-uptimekuma),Baixar achados de SAST,2026-09-28T21:16:48Z,2026-09-28T21:16:50Z,2,success,GitHub Actions 1000000171,7ad02b7add541c8a54400cf27ec1b09de3aedb4f
36484207483,1,01-devsecops,AUD-06,devsecops-audit,all_tools,true,alvo2,step,Quality Gate (alvo2-uptimekuma),Baixar achados de SCA,2026-09-28T21:16:50Z,2026-09-28T21:16:51Z,1,success,GitHub Actions 1000000171,7ad02b7add541c8a54400cf27ec1b09de3aedb4f
36484207483,1,01-devsecops,AUD-06,devsecops-audit,all_tools,true,alvo2,step,Quality Gate (alvo2-uptimekuma),Instalar dependencias do script,2026-09-28T21:16:51Z,2026-09-28T21:16:54Z,3,success,GitHub Actions 1000000171,7ad02b7add541c8a54400cf27ec1b09de3aedb4f
36484207483,1,01-devsecops,AUD-06,devsecops-audit,all_tools,true,alvo2,step,Quality Gate (alvo2-uptimekuma),Avaliar Quality Gate,2026-09-28T21:16:54Z,2026-09-28T21:16:55Z,1,success,GitHub Actions 1000000171,7ad02b7add541c8a54400cf27ec1b09de3aedb4f
36484207483,1,01-devsecops,AUD-06,devsecops-audit,all_tools,true,alvo2,step,Quality Gate (alvo2-uptimekuma),Run actions/upload-artifact@043fb46d1a93c77aae656e7c1c64a875d1fc6a0a,2026-09-28T21:16:55Z,2026-09-28T21:16:56Z,1,success,GitHub Actions 1000000171,7ad02b7add541c8a54400cf27ec1b09de3aedb4f
36484207483,1,01-devsecops,AUD-06,devsecops-audit,all_tools,true,alvo2,step,Quality Gate (alvo2-uptimekuma),Post Checkout,2026-09-28T21:16:56Z,2026-09-28T21:16:57Z,1,success,GitHub Actions 1000000171,7ad02b7add541c8a54400cf27ec1b09de3aedb4f
36484207483,1,01-devsecops,AUD-06,devsecops-audit,all_tools,true,alvo2,step,Quality Gate (alvo2-uptimekuma),Complete job,2026-09-28T21:16:57Z,2026-09-28T21:16:57Z,0,success,GitHub Actions 1000000171,7ad02b7add541c8a54400cf27ec1b09de3aedb4f
36484207483,1,01-devsecops,AUD-06,devsecops-audit,all_tools,true,alvo1,job,Staging + DAST - OWASP ZAP (alvo1-juiceshop),,2026-09-28T21:17:02Z,2026-09-28T22:08:43Z,3101,success,GitHub Actions 1000000172,7ad02b7add541c8a54400cf27ec1b09de3aedb4f
36484207483,1,01-devsecops,AUD-06,devsecops-audit,all_tools,true,alvo1,step,Staging + DAST - OWASP ZAP (alvo1-juiceshop),Set up job,2026-09-28T21:17:03Z,2026-09-28T21:17:04Z,1,success,GitHub Actions 1000000172,7ad02b7add541c8a54400cf27ec1b09de3aedb4f
36484207483,1,01-devsecops,AUD-06,devsecops-audit,all_tools,true,alvo1,step,Staging + DAST - OWASP ZAP (alvo1-juiceshop),Checkout,2026-09-28T21:17:04Z,2026-09-28T21:17:06Z,2,success,GitHub Actions 1000000172,7ad02b7add541c8a54400cf27ec1b09de3aedb4f
36484207483,1,01-devsecops,AUD-06,devsecops-audit,all_tools,true,alvo1,step,Staging + DAST - OWASP ZAP (alvo1-juiceshop),Carregar perfil do alvo,2026-09-28T21:17:06Z,2026-09-28T21:17:06Z,0,success,GitHub Actions 1000000172,7ad02b7add541c8a54400cf27ec1b09de3aedb4f
36484207483,1,01-devsecops,AUD-06,devsecops-audit,all_tools,true,alvo1,step,Staging + DAST - OWASP ZAP (alvo1-juiceshop),Baixar imagem construida,2026-09-28T21:17:06Z,2026-09-28T21:17:09Z,3,success,GitHub Actions 1000000172,7ad02b7add541c8a54400cf27ec1b09de3aedb4f
36484207483,1,01-devsecops,AUD-06,devsecops-audit,all_tools,true,alvo1,step,Staging + DAST - OWASP ZAP (alvo1-juiceshop),Carregar imagem no Docker,2026-09-28T21:17:09Z,2026-09-28T21:17:19Z,10,success,GitHub Actions 1000000172,7ad02b7add541c8a54400cf27ec1b09de3aedb4f
36484207483,1,01-devsecops,AUD-06,devsecops-audit,all_tools,true,alvo1,step,Staging + DAST - OWASP ZAP (alvo1-juiceshop),Staging (subir aplicacao e aguardar health check),2026-09-28T21:17:19Z,2026-09-28T21:17:21Z,2,success,GitHub Actions 1000000172,7ad02b7add541c8a54400cf27ec1b09de3aedb4f
36484207483,1,01-devsecops,AUD-06,devsecops-audit,all_tools,true,alvo1,step,Staging + DAST - OWASP ZAP (alvo1-juiceshop),Montar opcoes do ZAP,2026-09-28T21:17:21Z,2026-09-28T21:17:21Z,0,success,GitHub Actions 1000000172,7ad02b7add541c8a54400cf27ec1b09de3aedb4f
36484207483,1,01-devsecops,AUD-06,devsecops-audit,all_tools,true,alvo1,step,Staging + DAST - OWASP ZAP (alvo1-juiceshop),OWASP ZAP: full scan,2026-09-28T21:17:21Z,2026-09-28T22:08:35Z,3074,success,GitHub Actions 1000000172,7ad02b7add541c8a54400cf27ec1b09de3aedb4f
36484207483,1,01-devsecops,AUD-06,devsecops-audit,all_tools,true,alvo1,step,Staging + DAST - OWASP ZAP (alvo1-juiceshop),Verificar que o alvo sobreviveu ao DAST,2026-09-28T22:08:35Z,2026-09-28T22:08:35Z,0,success,GitHub Actions 1000000172,7ad02b7add541c8a54400cf27ec1b09de3aedb4f
36484207483,1,01-devsecops,AUD-06,devsecops-audit,all_tools,true,alvo1,step,Staging + DAST - OWASP ZAP (alvo1-juiceshop),Verificar que o ZAP produziu relatorio,2026-09-28T22:08:35Z,2026-09-28T22:08:35Z,0,success,GitHub Actions 1000000172,7ad02b7add541c8a54400cf27ec1b09de3aedb4f
36484207483,1,01-devsecops,AUD-06,devsecops-audit,all_tools,true,alvo1,step,Staging + DAST - OWASP ZAP (alvo1-juiceshop),Logs da aplicacao,2026-09-28T22:08:35Z,2026-09-28T22:08:35Z,0,success,GitHub Actions 1000000172,7ad02b7add541c8a54400cf27ec1b09de3aedb4f
36484207483,1,01-devsecops,AUD-06,devsecops-audit,all_tools,true,alvo1,step,Staging + DAST - OWASP ZAP (alvo1-juiceshop),Encerrar container,2026-09-28T22:08:35Z,2026-09-28T22:08:36Z,1,success,GitHub Actions 1000000172,7ad02b7add541c8a54400cf27ec1b09de3aedb4f
36484207483,1,01-devsecops,AUD-06,devsecops-audit,all_tools,true,alvo1,step,Staging + DAST - OWASP ZAP (alvo1-juiceshop),Run actions/upload-artifact@043fb46d1a93c77aae656e7c1c64a875d1fc6a0a,2026-09-28T22:08:36Z,2026-09-28T22:08:37Z,1,success,GitHub Actions 1000000172,7ad02b7add541c8a54400cf27ec1b09de3aedb4f
36484207483,1,01-devsecops,AUD-06,devsecops-audit,all_tools,true,alvo1,step,Staging + DAST - OWASP ZAP (alvo1-juiceshop),Baixar achados de SAST e SCA (gate pos-DAST),2026-09-28T22:08:37Z,2026-09-28T22:08:37Z,0,success,GitHub Actions 1000000172,7ad02b7add541c8a54400cf27ec1b09de3aedb4f
36484207483,1,01-devsecops,AUD-06,devsecops-audit,all_tools,true,alvo1,step,Staging + DAST - OWASP ZAP (alvo1-juiceshop),Quality Gate pos-DAST (escopo all_tools),2026-09-28T22:08:37Z,2026-09-28T22:08:40Z,3,success,GitHub Actions 1000000172,7ad02b7add541c8a54400cf27ec1b09de3aedb4f
36484207483,1,01-devsecops,AUD-06,devsecops-audit,all_tools,true,alvo1,step,Staging + DAST - OWASP ZAP (alvo1-juiceshop),Run actions/upload-artifact@043fb46d1a93c77aae656e7c1c64a875d1fc6a0a,2026-09-28T22:08:40Z,2026-09-28T22:08:41Z,1,success,GitHub Actions 1000000172,7ad02b7add541c8a54400cf27ec1b09de3aedb4f
36484207483,1,01-devsecops,AUD-06,devsecops-audit,all_tools,true,alvo1,step,Staging + DAST - OWASP ZAP (alvo1-juiceshop),Post Checkout,2026-09-28T22:08:41Z,2026-09-28T22:08:41Z,0,success,GitHub Actions 1000000172,7ad02b7add541c8a54400cf27ec1b09de3aedb4f
36484207483,1,01-devsecops,AUD-06,devsecops-audit,all_tools,true,alvo1,step,Staging + DAST - OWASP ZAP (alvo1-juiceshop),Complete job,2026-09-28T22:08:41Z,2026-09-28T22:08:41Z,0,success,GitHub Actions 1000000172,7ad02b7add541c8a54400cf27ec1b09de3aedb4f
36484207483,1,01-devsecops,AUD-06,devsecops-audit,all_tools,true,alvo2,job,Staging + DAST - OWASP ZAP (alvo2-uptimekuma),,2026-09-28T21:17:03Z,2026-09-28T21:22:25Z,322,success,GitHub Actions 1000000173,7ad02b7add541c8a54400cf27ec1b09de3aedb4f
36484207483,1,01-devsecops,AUD-06,devsecops-audit,all_tools,true,alvo2,step,Staging + DAST - OWASP ZAP (alvo2-uptimekuma),Set up job,2026-09-28T21:17:04Z,2026-09-28T21:17:06Z,2,success,GitHub Actions 1000000173,7ad02b7add541c8a54400cf27ec1b09de3aedb4f
36484207483,1,01-devsecops,AUD-06,devsecops-audit,all_tools,true,alvo2,step,Staging + DAST - OWASP ZAP (alvo2-uptimekuma),Checkout,2026-09-28T21:17:06Z,2026-09-28T21:17:07Z,1,success,GitHub Actions 1000000173,7ad02b7add541c8a54400cf27ec1b09de3aedb4f
36484207483,1,01-devsecops,AUD-06,devsecops-audit,all_tools,true,alvo2,step,Staging + DAST - OWASP ZAP (alvo2-uptimekuma),Carregar perfil do alvo,2026-09-28T21:17:07Z,2026-09-28T21:17:07Z,0,success,GitHub Actions 1000000173,7ad02b7add541c8a54400cf27ec1b09de3aedb4f
36484207483,1,01-devsecops,AUD-06,devsecops-audit,all_tools,true,alvo2,step,Staging + DAST - OWASP ZAP (alvo2-uptimekuma),Baixar imagem construida,2026-09-28T21:17:07Z,2026-09-28T21:17:30Z,23,success,GitHub Actions 1000000173,7ad02b7add541c8a54400cf27ec1b09de3aedb4f
36484207483,1,01-devsecops,AUD-06,devsecops-audit,all_tools,true,alvo2,step,Staging + DAST - OWASP ZAP (alvo2-uptimekuma),Carregar imagem no Docker,2026-09-28T21:17:30Z,2026-09-28T21:17:56Z,26,success,GitHub Actions 1000000173,7ad02b7add541c8a54400cf27ec1b09de3aedb4f
36484207483,1,01-devsecops,AUD-06,devsecops-audit,all_tools,true,alvo2,step,Staging + DAST - OWASP ZAP (alvo2-uptimekuma),Staging (subir aplicacao e aguardar health check),2026-09-28T21:17:56Z,2026-09-28T21:17:59Z,3,success,GitHub Actions 1000000173,7ad02b7add541c8a54400cf27ec1b09de3aedb4f
36484207483,1,01-devsecops,AUD-06,devsecops-audit,all_tools,true,alvo2,step,Staging + DAST - OWASP ZAP (alvo2-uptimekuma),Montar opcoes do ZAP,2026-09-28T21:17:59Z,2026-09-28T21:17:59Z,0,success,GitHub Actions 1000000173,7ad02b7add541c8a54400cf27ec1b09de3aedb4f
36484207483,1,01-devsecops,AUD-06,devsecops-audit,all_tools,true,alvo2,step,Staging + DAST - OWASP ZAP (alvo2-uptimekuma),OWASP ZAP: full scan,2026-09-28T21:17:59Z,2026-09-28T21:22:16Z,257,success,GitHub Actions 1000000173,7ad02b7add541c8a54400cf27ec1b09de3aedb4f
36484207483,1,01-devsecops,AUD-06,devsecops-audit,all_tools,true,alvo2,step,Staging + DAST - OWASP ZAP (alvo2-uptimekuma),Verificar que o alvo sobreviveu ao DAST,2026-09-28T21:22:16Z,2026-09-28T21:22:16Z,0,success,GitHub Actions 1000000173,7ad02b7add541c8a54400cf27ec1b09de3aedb4f
36484207483,1,01-devsecops,AUD-06,devsecops-audit,all_tools,true,alvo2,step,Staging + DAST - OWASP ZAP (alvo2-uptimekuma),Verificar que o ZAP produziu relatorio,2026-09-28T21:22:16Z,2026-09-28T21:22:16Z,0,success,GitHub Actions 1000000173,7ad02b7add541c8a54400cf27ec1b09de3aedb4f
36484207483,1,01-devsecops,AUD-06,devsecops-audit,all_tools,true,alvo2,step,Staging + DAST - OWASP ZAP (alvo2-uptimekuma),Logs da aplicacao,2026-09-28T21:22:16Z,2026-09-28T21:22:16Z,0,success,GitHub Actions 1000000173,7ad02b7add541c8a54400cf27ec1b09de3aedb4f
36484207483,1,01-devsecops,AUD-06,devsecops-audit,all_tools,true,alvo2,step,Staging + DAST - OWASP ZAP (alvo2-uptimekuma),Encerrar container,2026-09-28T21:22:16Z,2026-09-28T21:22:16Z,0,success,GitHub Actions 1000000173,7ad02b7add541c8a54400cf27ec1b09de3aedb4f
36484207483,1,01-devsecops,AUD-06,devsecops-audit,all_tools,true,alvo2,step,Staging + DAST - OWASP ZAP (alvo2-uptimekuma),Run actions/upload-artifact@043fb46d1a93c77aae656e7c1c64a875d1fc6a0a,2026-09-28T21:22:16Z,2026-09-28T21:22:17Z,1,success,GitHub Actions 1000000173,7ad02b7add541c8a54400cf27ec1b09de3aedb4f
36484207483,1,01-devsecops,AUD-06,devsecops-audit,all_tools,true,alvo2,step,Staging + DAST - OWASP ZAP (alvo2-uptimekuma),Baixar achados de SAST e SCA (gate pos-DAST),2026-09-28T21:22:17Z,2026-09-28T21:22:19Z,2,success,GitHub Actions 1000000173,7ad02b7add541c8a54400cf27ec1b09de3aedb4f
36484207483,1,01-devsecops,AUD-06,devsecops-audit,all_tools,true,alvo2,step,Staging + DAST - OWASP ZAP (alvo2-uptimekuma),Quality Gate pos-DAST (escopo all_tools),2026-09-28T21:22:19Z,2026-09-28T21:22:21Z,2,success,GitHub Actions 1000000173,7ad02b7add541c8a54400cf27ec1b09de3aedb4f
36484207483,1,01-devsecops,AUD-06,devsecops-audit,all_tools,true,alvo2,step,Staging + DAST - OWASP ZAP (alvo2-uptimekuma),Run actions/upload-artifact@043fb46d1a93c77aae656e7c1c64a875d1fc6a0a,2026-09-28T21:22:21Z,2026-09-28T21:22:22Z,1,success,GitHub Actions 1000000173,7ad02b7add541c8a54400cf27ec1b09de3aedb4f
36484207483,1,01-devsecops,AUD-06,devsecops-audit,all_tools,true,alvo2,step,Staging + DAST - OWASP ZAP (alvo2-uptimekuma),Post Checkout,2026-09-28T21:22:22Z,2026-09-28T21:22:22Z,0,success,GitHub Actions 1000000173,7ad02b7add541c8a54400cf27ec1b09de3aedb4f
36484207483,1,01-devsecops,AUD-06,devsecops-audit,all_tools,true,alvo2,step,Staging + DAST - OWASP ZAP (alvo2-uptimekuma),Complete job,2026-09-28T21:22:22Z,2026-09-28T21:22:22Z,0,success,GitHub Actions 1000000173,7ad02b7add541c8a54400cf27ec1b09de3aedb4f
36484225698,1,01-devsecops,ENF-03,devsecops-enforce,sca_only,true,alvo2,job,SAST - Semgrep (alvo2-uptimekuma),,2026-09-28T21:09:52Z,2026-09-28T21:10:54Z,62,success,GitHub Actions 1000000158,7ad02b7add541c8a54400cf27ec1b09de3aedb4f
36484225698,1,01-devsecops,ENF-03,devsecops-enforce,sca_only,true,alvo2,step,SAST - Semgrep (alvo2-uptimekuma),Set up job,2026-09-28T21:09:53Z,2026-09-28T21:09:54Z,1,success,GitHub Actions 1000000158,7ad02b7add541c8a54400cf27ec1b09de3aedb4f
36484225698,1,01-devsecops,ENF-03,devsecops-enforce,sca_only,true,alvo2,step,SAST - Semgrep (alvo2-uptimekuma),Initialize containers,2026-09-28T21:09:54Z,2026-09-28T21:10:08Z,14,success,GitHub Actions 1000000158,7ad02b7add541c8a54400cf27ec1b09de3aedb4f
36484225698,1,01-devsecops,ENF-03,devsecops-enforce,sca_only,true,alvo2,step,SAST - Semgrep (alvo2-uptimekuma),Checkout (com submodulos),2026-09-28T21:10:08Z,2026-09-28T21:10:16Z,8,success,GitHub Actions 1000000158,7ad02b7add541c8a54400cf27ec1b09de3aedb4f
36484225698,1,01-devsecops,ENF-03,devsecops-enforce,sca_only,true,alvo2,step,SAST - Semgrep (alvo2-uptimekuma),Carregar perfil do alvo,2026-09-28T21:10:16Z,2026-09-28T21:10:16Z,0,success,GitHub Actions 1000000158,7ad02b7add541c8a54400cf27ec1b09de3aedb4f
36484225698,1,01-devsecops,ENF-03,devsecops-enforce,sca_only,true,alvo2,step,SAST - Semgrep (alvo2-uptimekuma),Semgrep scan,2026-09-28T21:10:16Z,2026-09-28T21:10:49Z,33,success,GitHub Actions 1000000158,7ad02b7add541c8a54400cf27ec1b09de3aedb4f
36484225698,1,01-devsecops,ENF-03,devsecops-enforce,sca_only,true,alvo2,step,SAST - Semgrep (alvo2-uptimekuma),Run actions/upload-artifact@043fb46d1a93c77aae656e7c1c64a875d1fc6a0a,2026-09-28T21:10:49Z,2026-09-28T21:10:50Z,1,success,GitHub Actions 1000000158,7ad02b7add541c8a54400cf27ec1b09de3aedb4f
36484225698,1,01-devsecops,ENF-03,devsecops-enforce,sca_only,true,alvo2,step,SAST - Semgrep (alvo2-uptimekuma),Post Checkout (com submodulos),2026-09-28T21:10:50Z,2026-09-28T21:10:51Z,1,success,GitHub Actions 1000000158,7ad02b7add541c8a54400cf27ec1b09de3aedb4f
36484225698,1,01-devsecops,ENF-03,devsecops-enforce,sca_only,true,alvo2,step,SAST - Semgrep (alvo2-uptimekuma),Stop containers,2026-09-28T21:10:51Z,2026-09-28T21:10:51Z,0,success,GitHub Actions 1000000158,7ad02b7add541c8a54400cf27ec1b09de3aedb4f
36484225698,1,01-devsecops,ENF-03,devsecops-enforce,sca_only,true,alvo2,step,SAST - Semgrep (alvo2-uptimekuma),Complete job,2026-09-28T21:10:51Z,2026-09-28T21:10:51Z,0,success,GitHub Actions 1000000158,7ad02b7add541c8a54400cf27ec1b09de3aedb4f
36484225698,1,01-devsecops,ENF-03,devsecops-enforce,sca_only,true,alvo1,job,SAST - Semgrep (alvo1-juiceshop),,2026-09-28T21:09:52Z,2026-09-28T21:11:22Z,90,success,GitHub Actions 1000000159,7ad02b7add541c8a54400cf27ec1b09de3aedb4f
36484225698,1,01-devsecops,ENF-03,devsecops-enforce,sca_only,true,alvo1,step,SAST - Semgrep (alvo1-juiceshop),Set up job,2026-09-28T21:09:52Z,2026-09-28T21:09:53Z,1,success,GitHub Actions 1000000159,7ad02b7add541c8a54400cf27ec1b09de3aedb4f
36484225698,1,01-devsecops,ENF-03,devsecops-enforce,sca_only,true,alvo1,step,SAST - Semgrep (alvo1-juiceshop),Initialize containers,2026-09-28T21:09:53Z,2026-09-28T21:10:03Z,10,success,GitHub Actions 1000000159,7ad02b7add541c8a54400cf27ec1b09de3aedb4f
36484225698,1,01-devsecops,ENF-03,devsecops-enforce,sca_only,true,alvo1,step,SAST - Semgrep (alvo1-juiceshop),Checkout (com submodulos),2026-09-28T21:10:03Z,2026-09-28T21:10:09Z,6,success,GitHub Actions 1000000159,7ad02b7add541c8a54400cf27ec1b09de3aedb4f
36484225698,1,01-devsecops,ENF-03,devsecops-enforce,sca_only,true,alvo1,step,SAST - Semgrep (alvo1-juiceshop),Carregar perfil do alvo,2026-09-28T21:10:09Z,2026-09-28T21:10:09Z,0,success,GitHub Actions 1000000159,7ad02b7add541c8a54400cf27ec1b09de3aedb4f
36484225698,1,01-devsecops,ENF-03,devsecops-enforce,sca_only,true,alvo1,step,SAST - Semgrep (alvo1-juiceshop),Semgrep scan,2026-09-28T21:10:09Z,2026-09-28T21:11:19Z,70,success,GitHub Actions 1000000159,7ad02b7add541c8a54400cf27ec1b09de3aedb4f
36484225698,1,01-devsecops,ENF-03,devsecops-enforce,sca_only,true,alvo1,step,SAST - Semgrep (alvo1-juiceshop),Run actions/upload-artifact@043fb46d1a93c77aae656e7c1c64a875d1fc6a0a,2026-09-28T21:11:19Z,2026-09-28T21:11:20Z,1,success,GitHub Actions 1000000159,7ad02b7add541c8a54400cf27ec1b09de3aedb4f
36484225698,1,01-devsecops,ENF-03,devsecops-enforce,sca_only,true,alvo1,step,SAST - Semgrep (alvo1-juiceshop),Post Checkout (com submodulos),2026-09-28T21:11:20Z,2026-09-28T21:11:20Z,0,success,GitHub Actions 1000000159,7ad02b7add541c8a54400cf27ec1b09de3aedb4f
36484225698,1,01-devsecops,ENF-03,devsecops-enforce,sca_only,true,alvo1,step,SAST - Semgrep (alvo1-juiceshop),Stop containers,2026-09-28T21:11:20Z,2026-09-28T21:11:21Z,1,success,GitHub Actions 1000000159,7ad02b7add541c8a54400cf27ec1b09de3aedb4f
36484225698,1,01-devsecops,ENF-03,devsecops-enforce,sca_only,true,alvo1,step,SAST - Semgrep (alvo1-juiceshop),Complete job,2026-09-28T21:11:21Z,2026-09-28T21:11:21Z,0,success,GitHub Actions 1000000159,7ad02b7add541c8a54400cf27ec1b09de3aedb4f
36484225698,1,01-devsecops,ENF-03,devsecops-enforce,sca_only,true,alvo2,job,Build (alvo2-uptimekuma),,2026-09-28T21:11:26Z,2026-09-28T21:14:59Z,213,success,GitHub Actions 1000000162,7ad02b7add541c8a54400cf27ec1b09de3aedb4f
36484225698,1,01-devsecops,ENF-03,devsecops-enforce,sca_only,true,alvo2,step,Build (alvo2-uptimekuma),Set up job,2026-09-28T21:11:27Z,2026-09-28T21:11:28Z,1,success,GitHub Actions 1000000162,7ad02b7add541c8a54400cf27ec1b09de3aedb4f
36484225698,1,01-devsecops,ENF-03,devsecops-enforce,sca_only,true,alvo2,step,Build (alvo2-uptimekuma),Checkout (com submodulos),2026-09-28T21:11:28Z,2026-09-28T21:11:33Z,5,success,GitHub Actions 1000000162,7ad02b7add541c8a54400cf27ec1b09de3aedb4f
36484225698,1,01-devsecops,ENF-03,devsecops-enforce,sca_only,true,alvo2,step,Build (alvo2-uptimekuma),Carregar perfil do alvo,2026-09-28T21:11:33Z,2026-09-28T21:11:33Z,0,success,GitHub Actions 1000000162,7ad02b7add541c8a54400cf27ec1b09de3aedb4f
36484225698,1,01-devsecops,ENF-03,devsecops-enforce,sca_only,true,alvo2,step,Build (alvo2-uptimekuma),Instalar Node.js (quando exigido pelo alvo),2026-09-28T21:11:33Z,2026-09-28T21:11:34Z,1,success,GitHub Actions 1000000162,7ad02b7add541c8a54400cf27ec1b09de3aedb4f
36484225698,1,01-devsecops,ENF-03,devsecops-enforce,sca_only,true,alvo2,step,Build (alvo2-uptimekuma),Pre-build da aplicacao (quando exigido pelo alvo),2026-09-28T21:11:34Z,2026-09-28T21:13:13Z,99,success,GitHub Actions 1000000162,7ad02b7add541c8a54400cf27ec1b09de3aedb4f
36484225698,1,01-devsecops,ENF-03,devsecops-enforce,sca_only,true,alvo2,step,Build (alvo2-uptimekuma),Build da imagem Docker,2026-09-28T21:13:13Z,2026-09-28T21:14:10Z,57,success,GitHub Actions 1000000162,7ad02b7add541c8a54400cf27ec1b09de3aedb4f
36484225698,1,01-devsecops,ENF-03,devsecops-enforce,sca_only,true,alvo2,step,Build (alvo2-uptimekuma),Run actions/upload-artifact@043fb46d1a93c77aae656e7c1c64a875d1fc6a0a,2026-09-28T21:14:10Z,2026-09-28T21:14:55Z,45,success,GitHub Actions 1000000162,7ad02b7add541c8a54400cf27ec1b09de3aedb4f
36484225698,1,01-devsecops,ENF-03,devsecops-enforce,sca_only,true,alvo2,step,Build (alvo2-uptimekuma),Post Instalar Node.js (quando exigido pelo alvo),2026-09-28T21:14:55Z,2026-09-28T21:14:56Z,1,success,GitHub Actions 1000000162,7ad02b7add541c8a54400cf27ec1b09de3aedb4f
36484225698,1,01-devsecops,ENF-03,devsecops-enforce,sca_only,true,alvo2,step,Build (alvo2-uptimekuma),Post Checkout (com submodulos),2026-09-28T21:14:56Z,2026-09-28T21:14:56Z,0,success,GitHub Actions 1000000162,7ad02b7add541c8a54400cf27ec1b09de3aedb4f
36484225698,1,01-devsecops,ENF-03,devsecops-enforce,sca_only,true,alvo2,step,Build (alvo2-uptimekuma),Complete job,2026-09-28T21:14:56Z,2026-09-28T21:14:56Z,0,success,GitHub Actions 1000000162,7ad02b7add541c8a54400cf27ec1b09de3aedb4f
36484225698,1,01-devsecops,ENF-03,devsecops-enforce,sca_only,true,alvo1,job,Build (alvo1-juiceshop),,2026-09-28T21:11:25Z,2026-09-28T21:14:10Z,165,success,GitHub Actions 1000000163,7ad02b7add541c8a54400cf27ec1b09de3aedb4f
36484225698,1,01-devsecops,ENF-03,devsecops-enforce,sca_only,true,alvo1,step,Build (alvo1-juiceshop),Set up job,2026-09-28T21:11:25Z,2026-09-28T21:11:26Z,1,success,GitHub Actions 1000000163,7ad02b7add541c8a54400cf27ec1b09de3aedb4f
36484225698,1,01-devsecops,ENF-03,devsecops-enforce,sca_only,true,alvo1,step,Build (alvo1-juiceshop),Checkout (com submodulos),2026-09-28T21:11:26Z,2026-09-28T21:11:36Z,10,success,GitHub Actions 1000000163,7ad02b7add541c8a54400cf27ec1b09de3aedb4f
36484225698,1,01-devsecops,ENF-03,devsecops-enforce,sca_only,true,alvo1,step,Build (alvo1-juiceshop),Carregar perfil do alvo,2026-09-28T21:11:36Z,2026-09-28T21:11:36Z,0,success,GitHub Actions 1000000163,7ad02b7add541c8a54400cf27ec1b09de3aedb4f
36484225698,1,01-devsecops,ENF-03,devsecops-enforce,sca_only,true,alvo1,step,Build (alvo1-juiceshop),Instalar Node.js (quando exigido pelo alvo),2026-09-28T21:11:36Z,2026-09-28T21:11:36Z,0,skipped,GitHub Actions 1000000163,7ad02b7add541c8a54400cf27ec1b09de3aedb4f
36484225698,1,01-devsecops,ENF-03,devsecops-enforce,sca_only,true,alvo1,step,Build (alvo1-juiceshop),Pre-build da aplicacao (quando exigido pelo alvo),2026-09-28T21:11:36Z,2026-09-28T21:11:36Z,0,skipped,GitHub Actions 1000000163,7ad02b7add541c8a54400cf27ec1b09de3aedb4f
36484225698,1,01-devsecops,ENF-03,devsecops-enforce,sca_only,true,alvo1,step,Build (alvo1-juiceshop),Build da imagem Docker,2026-09-28T21:11:36Z,2026-09-28T21:13:56Z,140,success,GitHub Actions 1000000163,7ad02b7add541c8a54400cf27ec1b09de3aedb4f
36484225698,1,01-devsecops,ENF-03,devsecops-enforce,sca_only,true,alvo1,step,Build (alvo1-juiceshop),Run actions/upload-artifact@043fb46d1a93c77aae656e7c1c64a875d1fc6a0a,2026-09-28T21:13:56Z,2026-09-28T21:14:07Z,11,success,GitHub Actions 1000000163,7ad02b7add541c8a54400cf27ec1b09de3aedb4f
36484225698,1,01-devsecops,ENF-03,devsecops-enforce,sca_only,true,alvo1,step,Build (alvo1-juiceshop),Post Checkout (com submodulos),2026-09-28T21:14:07Z,2026-09-28T21:14:08Z,1,success,GitHub Actions 1000000163,7ad02b7add541c8a54400cf27ec1b09de3aedb4f
36484225698,1,01-devsecops,ENF-03,devsecops-enforce,sca_only,true,alvo1,step,Build (alvo1-juiceshop),Complete job,2026-09-28T21:14:08Z,2026-09-28T21:14:08Z,0,success,GitHub Actions 1000000163,7ad02b7add541c8a54400cf27ec1b09de3aedb4f
36484225698,1,01-devsecops,ENF-03,devsecops-enforce,sca_only,true,alvo1,job,SCA - Trivy (alvo1-juiceshop),,2026-09-28T21:15:01Z,2026-09-28T21:15:48Z,47,success,GitHub Actions 1000000166,7ad02b7add541c8a54400cf27ec1b09de3aedb4f
36484225698,1,01-devsecops,ENF-03,devsecops-enforce,sca_only,true,alvo1,step,SCA - Trivy (alvo1-juiceshop),Set up job,2026-09-28T21:15:03Z,2026-09-28T21:15:04Z,1,success,GitHub Actions 1000000166,7ad02b7add541c8a54400cf27ec1b09de3aedb4f
36484225698,1,01-devsecops,ENF-03,devsecops-enforce,sca_only,true,alvo1,step,SCA - Trivy (alvo1-juiceshop),Checkout (com submodulos),2026-09-28T21:15:04Z,2026-09-28T21:15:09Z,5,success,GitHub Actions 1000000166,7ad02b7add541c8a54400cf27ec1b09de3aedb4f
36484225698,1,01-devsecops,ENF-03,devsecops-enforce,sca_only,true,alvo1,step,SCA - Trivy (alvo1-juiceshop),Carregar perfil do alvo,2026-09-28T21:15:09Z,2026-09-28T21:15:09Z,0,success,GitHub Actions 1000000166,7ad02b7add541c8a54400cf27ec1b09de3aedb4f
36484225698,1,01-devsecops,ENF-03,devsecops-enforce,sca_only,true,alvo1,step,SCA - Trivy (alvo1-juiceshop),Baixar imagem construida,2026-09-28T21:15:09Z,2026-09-28T21:15:15Z,6,success,GitHub Actions 1000000166,7ad02b7add541c8a54400cf27ec1b09de3aedb4f
36484225698,1,01-devsecops,ENF-03,devsecops-enforce,sca_only,true,alvo1,step,SCA - Trivy (alvo1-juiceshop),Carregar imagem no Docker,2026-09-28T21:15:15Z,2026-09-28T21:15:23Z,8,success,GitHub Actions 1000000166,7ad02b7add541c8a54400cf27ec1b09de3aedb4f
36484225698,1,01-devsecops,ENF-03,devsecops-enforce,sca_only,true,alvo1,step,SCA - Trivy (alvo1-juiceshop),Instalar Trivy,2026-09-28T21:15:23Z,2026-09-28T21:15:28Z,5,success,GitHub Actions 1000000166,7ad02b7add541c8a54400cf27ec1b09de3aedb4f
36484225698,1,01-devsecops,ENF-03,devsecops-enforce,sca_only,true,alvo1,step,SCA - Trivy (alvo1-juiceshop),"Trivy: vulnerabilidades da imagem (D9, fonte unica de SCA)",2026-09-28T21:15:28Z,2026-09-28T21:15:39Z,11,success,GitHub Actions 1000000166,7ad02b7add541c8a54400cf27ec1b09de3aedb4f
36484225698,1,01-devsecops,ENF-03,devsecops-enforce,sca_only,true,alvo1,step,SCA - Trivy (alvo1-juiceshop),Trivy: segredos no codigo-fonte,2026-09-28T21:15:39Z,2026-09-28T21:15:41Z,2,success,GitHub Actions 1000000166,7ad02b7add541c8a54400cf27ec1b09de3aedb4f
36484225698,1,01-devsecops,ENF-03,devsecops-enforce,sca_only,true,alvo1,step,SCA - Trivy (alvo1-juiceshop),Trivy: IaC (Dockerfile),2026-09-28T21:15:41Z,2026-09-28T21:15:43Z,2,success,GitHub Actions 1000000166,7ad02b7add541c8a54400cf27ec1b09de3aedb4f
36484225698,1,01-devsecops,ENF-03,devsecops-enforce,sca_only,true,alvo1,step,SCA - Trivy (alvo1-juiceshop),Run actions/upload-artifact@043fb46d1a93c77aae656e7c1c64a875d1fc6a0a,2026-09-28T21:15:43Z,2026-09-28T21:15:45Z,2,success,GitHub Actions 1000000166,7ad02b7add541c8a54400cf27ec1b09de3aedb4f
36484225698,1,01-devsecops,ENF-03,devsecops-enforce,sca_only,true,alvo1,step,SCA - Trivy (alvo1-juiceshop),Post Instalar Trivy,2026-09-28T21:15:45Z,2026-09-28T21:15:45Z,0,success,GitHub Actions 1000000166,7ad02b7add541c8a54400cf27ec1b09de3aedb4f
36484225698,1,01-devsecops,ENF-03,devsecops-enforce,sca_only,true,alvo1,step,SCA - Trivy (alvo1-juiceshop),Post Checkout (com submodulos),2026-09-28T21:15:45Z,2026-09-28T21:15:45Z,0,success,GitHub Actions 1000000166,7ad02b7add541c8a54400cf27ec1b09de3aedb4f
36484225698,1,01-devsecops,ENF-03,devsecops-enforce,sca_only,true,alvo1,step,SCA - Trivy (alvo1-juiceshop),Complete job,2026-09-28T21:15:45Z,2026-09-28T21:15:45Z,0,success,GitHub Actions 1000000166,7ad02b7add541c8a54400cf27ec1b09de3aedb4f
36484225698,1,01-devsecops,ENF-03,devsecops-enforce,sca_only,true,alvo2,job,SCA - Trivy (alvo2-uptimekuma),,2026-09-28T21:15:01Z,2026-09-28T21:16:18Z,77,success,GitHub Actions 1000000167,7ad02b7add541c8a54400cf27ec1b09de3aedb4f
36484225698,1,01-devsecops,ENF-03,devsecops-enforce,sca_only,true,alvo2,step,SCA - Trivy (alvo2-uptimekuma),Set up job,2026-09-28T21:15:02Z,2026-09-28T21:15:03Z,1,success,GitHub Actions 1000000167,7ad02b7add541c8a54400cf27ec1b09de3aedb4f
36484225698,1,01-devsecops,ENF-03,devsecops-enforce,sca_only,true,alvo2,step,SCA - Trivy (alvo2-uptimekuma),Checkout (com submodulos),2026-09-28T21:15:03Z,2026-09-28T21:15:09Z,6,success,GitHub Actions 1000000167,7ad02b7add541c8a54400cf27ec1b09de3aedb4f
36484225698,1,01-devsecops,ENF-03,devsecops-enforce,sca_only,true,alvo2,step,SCA - Trivy (alvo2-uptimekuma),Carregar perfil do alvo,2026-09-28T21:15:09Z,2026-09-28T21:15:10Z,1,success,GitHub Actions 1000000167,7ad02b7add541c8a54400cf27ec1b09de3aedb4f
36484225698,1,01-devsecops,ENF-03,devsecops-enforce,sca_only,true,alvo2,step,SCA - Trivy (alvo2-uptimekuma),Baixar imagem construida,2026-09-28T21:15:10Z,2026-09-28T21:15:24Z,14,success,GitHub Actions 1000000167,7ad02b7add541c8a54400cf27ec1b09de3aedb4f
36484225698,1,01-devsecops,ENF-03,devsecops-enforce,sca_only,true,alvo2,step,SCA - Trivy (alvo2-uptimekuma),Carregar imagem no Docker,2026-09-28T21:15:24Z,2026-09-28T21:15:52Z,28,success,GitHub Actions 1000000167,7ad02b7add541c8a54400cf27ec1b09de3aedb4f
36484225698,1,01-devsecops,ENF-03,devsecops-enforce,sca_only,true,alvo2,step,SCA - Trivy (alvo2-uptimekuma),Instalar Trivy,2026-09-28T21:15:52Z,2026-09-28T21:15:53Z,1,success,GitHub Actions 1000000167,7ad02b7add541c8a54400cf27ec1b09de3aedb4f
36484225698,1,01-devsecops,ENF-03,devsecops-enforce,sca_only,true,alvo2,step,SCA - Trivy (alvo2-uptimekuma),"Trivy: vulnerabilidades da imagem (D9, fonte unica de SCA)",2026-09-28T21:15:53Z,2026-09-28T21:16:12Z,19,success,GitHub Actions 1000000167,7ad02b7add541c8a54400cf27ec1b09de3aedb4f
36484225698,1,01-devsecops,ENF-03,devsecops-enforce,sca_only,true,alvo2,step,SCA - Trivy (alvo2-uptimekuma),Trivy: segredos no codigo-fonte,2026-09-28T21:16:12Z,2026-09-28T21:16:13Z,1,success,GitHub Actions 1000000167,7ad02b7add541c8a54400cf27ec1b09de3aedb4f
36484225698,1,01-devsecops,ENF-03,devsecops-enforce,sca_only,true,alvo2,step,SCA - Trivy (alvo2-uptimekuma),Trivy: IaC (Dockerfile),2026-09-28T21:16:13Z,2026-09-28T21:16:15Z,2,success,GitHub Actions 1000000167,7ad02b7add541c8a54400cf27ec1b09de3aedb4f
36484225698,1,01-devsecops,ENF-03,devsecops-enforce,sca_only,true,alvo2,step,SCA - Trivy (alvo2-uptimekuma),Run actions/upload-artifact@043fb46d1a93c77aae656e7c1c64a875d1fc6a0a,2026-09-28T21:16:15Z,2026-09-28T21:16:16Z,1,success,GitHub Actions 1000000167,7ad02b7add541c8a54400cf27ec1b09de3aedb4f
36484225698,1,01-devsecops,ENF-03,devsecops-enforce,sca_only,true,alvo2,step,SCA - Trivy (alvo2-uptimekuma),Post Instalar Trivy,2026-09-28T21:16:16Z,2026-09-28T21:16:16Z,0,success,GitHub Actions 1000000167,7ad02b7add541c8a54400cf27ec1b09de3aedb4f
36484225698,1,01-devsecops,ENF-03,devsecops-enforce,sca_only,true,alvo2,step,SCA - Trivy (alvo2-uptimekuma),Post Checkout (com submodulos),2026-09-28T21:16:16Z,2026-09-28T21:16:17Z,1,success,GitHub Actions 1000000167,7ad02b7add541c8a54400cf27ec1b09de3aedb4f
36484225698,1,01-devsecops,ENF-03,devsecops-enforce,sca_only,true,alvo2,step,SCA - Trivy (alvo2-uptimekuma),Complete job,2026-09-28T21:16:17Z,2026-09-28T21:16:17Z,0,success,GitHub Actions 1000000167,7ad02b7add541c8a54400cf27ec1b09de3aedb4f
36484225698,1,01-devsecops,ENF-03,devsecops-enforce,sca_only,true,alvo2,job,Quality Gate (alvo2-uptimekuma),,2026-09-28T21:16:23Z,2026-09-28T21:16:37Z,14,failure,GitHub Actions 1000000168,7ad02b7add541c8a54400cf27ec1b09de3aedb4f
36484225698,1,01-devsecops,ENF-03,devsecops-enforce,sca_only,true,alvo2,step,Quality Gate (alvo2-uptimekuma),Set up job,2026-09-28T21:16:24Z,2026-09-28T21:16:25Z,1,success,GitHub Actions 1000000168,7ad02b7add541c8a54400cf27ec1b09de3aedb4f
36484225698,1,01-devsecops,ENF-03,devsecops-enforce,sca_only,true,alvo2,step,Quality Gate (alvo2-uptimekuma),Checkout,2026-09-28T21:16:25Z,2026-09-28T21:16:27Z,2,success,GitHub Actions 1000000168,7ad02b7add541c8a54400cf27ec1b09de3aedb4f
36484225698,1,01-devsecops,ENF-03,devsecops-enforce,sca_only,true,alvo2,step,Quality Gate (alvo2-uptimekuma),Carregar perfil do alvo,2026-09-28T21:16:27Z,2026-09-28T21:16:27Z,0,success,GitHub Actions 1000000168,7ad02b7add541c8a54400cf27ec1b09de3aedb4f
36484225698,1,01-devsecops,ENF-03,devsecops-enforce,sca_only,true,alvo2,step,Quality Gate (alvo2-uptimekuma),Baixar achados de SAST,2026-09-28T21:16:27Z,2026-09-28T21:16:28Z,1,success,GitHub Actions 1000000168,7ad02b7add541c8a54400cf27ec1b09de3aedb4f
36484225698,1,01-devsecops,ENF-03,devsecops-enforce,sca_only,true,alvo2,step,Quality Gate (alvo2-uptimekuma),Baixar achados de SCA,2026-09-28T21:16:28Z,2026-09-28T21:16:30Z,2,success,GitHub Actions 1000000168,7ad02b7add541c8a54400cf27ec1b09de3aedb4f
36484225698,1,01-devsecops,ENF-03,devsecops-enforce,sca_only,true,alvo2,step,Quality Gate (alvo2-uptimekuma),Instalar dependencias do script,2026-09-28T21:16:30Z,2026-09-28T21:16:32Z,2,success,GitHub Actions 1000000168,7ad02b7add541c8a54400cf27ec1b09de3aedb4f
36484225698,1,01-devsecops,ENF-03,devsecops-enforce,sca_only,true,alvo2,step,Quality Gate (alvo2-uptimekuma),Avaliar Quality Gate,2026-09-28T21:16:32Z,2026-09-28T21:16:32Z,0,failure,GitHub Actions 1000000168,7ad02b7add541c8a54400cf27ec1b09de3aedb4f
36484225698,1,01-devsecops,ENF-03,devsecops-enforce,sca_only,true,alvo2,step,Quality Gate (alvo2-uptimekuma),Run actions/upload-artifact@043fb46d1a93c77aae656e7c1c64a875d1fc6a0a,2026-09-28T21:16:32Z,2026-09-28T21:16:34Z,2,success,GitHub Actions 1000000168,7ad02b7add541c8a54400cf27ec1b09de3aedb4f
36484225698,1,01-devsecops,ENF-03,devsecops-enforce,sca_only,true,alvo2,step,Quality Gate (alvo2-uptimekuma),Post Checkout,2026-09-28T21:16:34Z,2026-09-28T21:16:34Z,0,success,GitHub Actions 1000000168,7ad02b7add541c8a54400cf27ec1b09de3aedb4f
36484225698,1,01-devsecops,ENF-03,devsecops-enforce,sca_only,true,alvo2,step,Quality Gate (alvo2-uptimekuma),Complete job,2026-09-28T21:16:34Z,2026-09-28T21:16:34Z,0,success,GitHub Actions 1000000168,7ad02b7add541c8a54400cf27ec1b09de3aedb4f
36484225698,1,01-devsecops,ENF-03,devsecops-enforce,sca_only,true,alvo1,job,Quality Gate (alvo1-juiceshop),,2026-09-28T21:16:22Z,2026-09-28T21:16:32Z,10,failure,GitHub Actions 1000000169,7ad02b7add541c8a54400cf27ec1b09de3aedb4f
36484225698,1,01-devsecops,ENF-03,devsecops-enforce,sca_only,true,alvo1,step,Quality Gate (alvo1-juiceshop),Set up job,2026-09-28T21:16:23Z,2026-09-28T21:16:24Z,1,success,GitHub Actions 1000000169,7ad02b7add541c8a54400cf27ec1b09de3aedb4f
36484225698,1,01-devsecops,ENF-03,devsecops-enforce,sca_only,true,alvo1,step,Quality Gate (alvo1-juiceshop),Checkout,2026-09-28T21:16:24Z,2026-09-28T21:16:25Z,1,success,GitHub Actions 1000000169,7ad02b7add541c8a54400cf27ec1b09de3aedb4f
36484225698,1,01-devsecops,ENF-03,devsecops-enforce,sca_only,true,alvo1,step,Quality Gate (alvo1-juiceshop),Carregar perfil do alvo,2026-09-28T21:16:25Z,2026-09-28T21:16:25Z,0,success,GitHub Actions 1000000169,7ad02b7add541c8a54400cf27ec1b09de3aedb4f
36484225698,1,01-devsecops,ENF-03,devsecops-enforce,sca_only,true,alvo1,step,Quality Gate (alvo1-juiceshop),Baixar achados de SAST,2026-09-28T21:16:25Z,2026-09-28T21:16:26Z,1,success,GitHub Actions 1000000169,7ad02b7add541c8a54400cf27ec1b09de3aedb4f
36484225698,1,01-devsecops,ENF-03,devsecops-enforce,sca_only,true,alvo1,step,Quality Gate (alvo1-juiceshop),Baixar achados de SCA,2026-09-28T21:16:26Z,2026-09-28T21:16:27Z,1,success,GitHub Actions 1000000169,7ad02b7add541c8a54400cf27ec1b09de3aedb4f
36484225698,1,01-devsecops,ENF-03,devsecops-enforce,sca_only,true,alvo1,step,Quality Gate (alvo1-juiceshop),Instalar dependencias do script,2026-09-28T21:16:27Z,2026-09-28T21:16:29Z,2,success,GitHub Actions 1000000169,7ad02b7add541c8a54400cf27ec1b09de3aedb4f
36484225698,1,01-devsecops,ENF-03,devsecops-enforce,sca_only,true,alvo1,step,Quality Gate (alvo1-juiceshop),Avaliar Quality Gate,2026-09-28T21:16:29Z,2026-09-28T21:16:29Z,0,failure,GitHub Actions 1000000169,7ad02b7add541c8a54400cf27ec1b09de3aedb4f
36484225698,1,01-devsecops,ENF-03,devsecops-enforce,sca_only,true,alvo1,step,Quality Gate (alvo1-juiceshop),Run actions/upload-artifact@043fb46d1a93c77aae656e7c1c64a875d1fc6a0a,2026-09-28T21:16:29Z,2026-09-28T21:16:30Z,1,success,GitHub Actions 1000000169,7ad02b7add541c8a54400cf27ec1b09de3aedb4f
36484225698,1,01-devsecops,ENF-03,devsecops-enforce,sca_only,true,alvo1,step,Quality Gate (alvo1-juiceshop),Post Checkout,2026-09-28T21:16:30Z,2026-09-28T21:16:30Z,0,success,GitHub Actions 1000000169,7ad02b7add541c8a54400cf27ec1b09de3aedb4f
36484225698,1,01-devsecops,ENF-03,devsecops-enforce,sca_only,true,alvo1,step,Quality Gate (alvo1-juiceshop),Complete job,2026-09-28T21:16:30Z,2026-09-28T21:16:30Z,0,success,GitHub Actions 1000000169,7ad02b7add541c8a54400cf27ec1b09de3aedb4f
36484225698,1,01-devsecops,ENF-03,devsecops-enforce,sca_only,true,,job,Staging + DAST - OWASP ZAP (${{ matrix.perfil }}),,2026-09-28T21:16:37Z,2026-09-28T21:16:37Z,0,skipped,,7ad02b7add541c8a54400cf27ec1b09de3aedb4f
36485235928,1,00-baseline,BASE-07,baseline,,,alvo2,job,Baseline (alvo2-uptimekuma),,2026-09-28T21:18:44Z,2026-09-28T21:21:30Z,166,success,GitHub Actions 1000000174,7ad02b7add541c8a54400cf27ec1b09de3aedb4f
36485235928,1,00-baseline,BASE-07,baseline,,,alvo2,step,Baseline (alvo2-uptimekuma),Set up job,2026-09-28T21:18:45Z,2026-09-28T21:18:45Z,0,success,GitHub Actions 1000000174,7ad02b7add541c8a54400cf27ec1b09de3aedb4f
36485235928,1,00-baseline,BASE-07,baseline,,,alvo2,step,Baseline (alvo2-uptimekuma),Checkout (com submodulos),2026-09-28T21:18:45Z,2026-09-28T21:18:50Z,5,success,GitHub Actions 1000000174,7ad02b7add541c8a54400cf27ec1b09de3aedb4f
36485235928,1,00-baseline,BASE-07,baseline,,,alvo2,step,Baseline (alvo2-uptimekuma),Carregar perfil do alvo,2026-09-28T21:18:50Z,2026-09-28T21:18:51Z,1,success,GitHub Actions 1000000174,7ad02b7add541c8a54400cf27ec1b09de3aedb4f
36485235928,1,00-baseline,BASE-07,baseline,,,alvo2,step,Baseline (alvo2-uptimekuma),Instalar Node.js (quando exigido pelo alvo),2026-09-28T21:18:51Z,2026-09-28T21:18:51Z,0,success,GitHub Actions 1000000174,7ad02b7add541c8a54400cf27ec1b09de3aedb4f
36485235928,1,00-baseline,BASE-07,baseline,,,alvo2,step,Baseline (alvo2-uptimekuma),Pre-build da aplicacao (quando exigido pelo alvo),2026-09-28T21:18:51Z,2026-09-28T21:20:43Z,112,success,GitHub Actions 1000000174,7ad02b7add541c8a54400cf27ec1b09de3aedb4f
36485235928,1,00-baseline,BASE-07,baseline,,,alvo2,step,Baseline (alvo2-uptimekuma),Build da imagem Docker,2026-09-28T21:20:43Z,2026-09-28T21:21:26Z,43,success,GitHub Actions 1000000174,7ad02b7add541c8a54400cf27ec1b09de3aedb4f
36485235928,1,00-baseline,BASE-07,baseline,,,alvo2,step,Baseline (alvo2-uptimekuma),Staging (subir aplicacao e aguardar health check),2026-09-28T21:21:26Z,2026-09-28T21:21:29Z,3,success,GitHub Actions 1000000174,7ad02b7add541c8a54400cf27ec1b09de3aedb4f
36485235928,1,00-baseline,BASE-07,baseline,,,alvo2,step,Baseline (alvo2-uptimekuma),Encerrar container,2026-09-28T21:21:29Z,2026-09-28T21:21:29Z,0,success,GitHub Actions 1000000174,7ad02b7add541c8a54400cf27ec1b09de3aedb4f
36485235928,1,00-baseline,BASE-07,baseline,,,alvo2,step,Baseline (alvo2-uptimekuma),Post Instalar Node.js (quando exigido pelo alvo),2026-09-28T21:21:29Z,2026-09-28T21:21:29Z,0,success,GitHub Actions 1000000174,7ad02b7add541c8a54400cf27ec1b09de3aedb4f
36485235928,1,00-baseline,BASE-07,baseline,,,alvo2,step,Baseline (alvo2-uptimekuma),Post Checkout (com submodulos),2026-09-28T21:21:29Z,2026-09-28T21:21:29Z,0,success,GitHub Actions 1000000174,7ad02b7add541c8a54400cf27ec1b09de3aedb4f
36485235928,1,00-baseline,BASE-07,baseline,,,alvo2,step,Baseline (alvo2-uptimekuma),Complete job,2026-09-28T21:21:29Z,2026-09-28T21:21:29Z,0,success,GitHub Actions 1000000174,7ad02b7add541c8a54400cf27ec1b09de3aedb4f
36485235928,1,00-baseline,BASE-07,baseline,,,alvo1,job,Baseline (alvo1-juiceshop),,2026-09-28T21:18:44Z,2026-09-28T21:21:01Z,137,success,GitHub Actions 1000000175,7ad02b7add541c8a54400cf27ec1b09de3aedb4f
36485235928,1,00-baseline,BASE-07,baseline,,,alvo1,step,Baseline (alvo1-juiceshop),Set up job,2026-09-28T21:18:45Z,2026-09-28T21:18:45Z,0,success,GitHub Actions 1000000175,7ad02b7add541c8a54400cf27ec1b09de3aedb4f
36485235928,1,00-baseline,BASE-07,baseline,,,alvo1,step,Baseline (alvo1-juiceshop),Checkout (com submodulos),2026-09-28T21:18:45Z,2026-09-28T21:18:51Z,6,success,GitHub Actions 1000000175,7ad02b7add541c8a54400cf27ec1b09de3aedb4f
36485235928,1,00-baseline,BASE-07,baseline,,,alvo1,step,Baseline (alvo1-juiceshop),Carregar perfil do alvo,2026-09-28T21:18:51Z,2026-09-28T21:18:51Z,0,success,GitHub Actions 1000000175,7ad02b7add541c8a54400cf27ec1b09de3aedb4f
36485235928,1,00-baseline,BASE-07,baseline,,,alvo1,step,Baseline (alvo1-juiceshop),Instalar Node.js (quando exigido pelo alvo),2026-09-28T21:18:51Z,2026-09-28T21:18:51Z,0,skipped,GitHub Actions 1000000175,7ad02b7add541c8a54400cf27ec1b09de3aedb4f
36485235928,1,00-baseline,BASE-07,baseline,,,alvo1,step,Baseline (alvo1-juiceshop),Pre-build da aplicacao (quando exigido pelo alvo),2026-09-28T21:18:51Z,2026-09-28T21:18:51Z,0,skipped,GitHub Actions 1000000175,7ad02b7add541c8a54400cf27ec1b09de3aedb4f
36485235928,1,00-baseline,BASE-07,baseline,,,alvo1,step,Baseline (alvo1-juiceshop),Build da imagem Docker,2026-09-28T21:18:51Z,2026-09-28T21:20:57Z,126,success,GitHub Actions 1000000175,7ad02b7add541c8a54400cf27ec1b09de3aedb4f
36485235928,1,00-baseline,BASE-07,baseline,,,alvo1,step,Baseline (alvo1-juiceshop),Staging (subir aplicacao e aguardar health check),2026-09-28T21:20:57Z,2026-09-28T21:20:59Z,2,success,GitHub Actions 1000000175,7ad02b7add541c8a54400cf27ec1b09de3aedb4f
36485235928,1,00-baseline,BASE-07,baseline,,,alvo1,step,Baseline (alvo1-juiceshop),Encerrar container,2026-09-28T21:20:59Z,2026-09-28T21:20:59Z,0,success,GitHub Actions 1000000175,7ad02b7add541c8a54400cf27ec1b09de3aedb4f
36485235928,1,00-baseline,BASE-07,baseline,,,alvo1,step,Baseline (alvo1-juiceshop),Post Checkout (com submodulos),2026-09-28T21:20:59Z,2026-09-28T21:21:00Z,1,success,GitHub Actions 1000000175,7ad02b7add541c8a54400cf27ec1b09de3aedb4f
36485235928,1,00-baseline,BASE-07,baseline,,,alvo1,step,Baseline (alvo1-juiceshop),Complete job,2026-09-28T21:21:00Z,2026-09-28T21:21:00Z,0,success,GitHub Actions 1000000175,7ad02b7add541c8a54400cf27ec1b09de3aedb4f
36485254489,1,01-devsecops,AUD-07,devsecops-audit,all_tools,true,alvo1,job,SAST - Semgrep (alvo1-juiceshop),,2026-09-28T21:18:54Z,2026-09-28T21:20:16Z,82,success,GitHub Actions 1000000176,7ad02b7add541c8a54400cf27ec1b09de3aedb4f
36485254489,1,01-devsecops,AUD-07,devsecops-audit,all_tools,true,alvo1,step,SAST - Semgrep (alvo1-juiceshop),Set up job,2026-09-28T21:18:55Z,2026-09-28T21:18:56Z,1,success,GitHub Actions 1000000176,7ad02b7add541c8a54400cf27ec1b09de3aedb4f
36485254489,1,01-devsecops,AUD-07,devsecops-audit,all_tools,true,alvo1,step,SAST - Semgrep (alvo1-juiceshop),Initialize containers,2026-09-28T21:18:56Z,2026-09-28T21:19:16Z,20,success,GitHub Actions 1000000176,7ad02b7add541c8a54400cf27ec1b09de3aedb4f
36485254489,1,01-devsecops,AUD-07,devsecops-audit,all_tools,true,alvo1,step,SAST - Semgrep (alvo1-juiceshop),Checkout (com submodulos),2026-09-28T21:19:16Z,2026-09-28T21:19:24Z,8,success,GitHub Actions 1000000176,7ad02b7add541c8a54400cf27ec1b09de3aedb4f
36485254489,1,01-devsecops,AUD-07,devsecops-audit,all_tools,true,alvo1,step,SAST - Semgrep (alvo1-juiceshop),Carregar perfil do alvo,2026-09-28T21:19:24Z,2026-09-28T21:19:24Z,0,success,GitHub Actions 1000000176,7ad02b7add541c8a54400cf27ec1b09de3aedb4f
36485254489,1,01-devsecops,AUD-07,devsecops-audit,all_tools,true,alvo1,step,SAST - Semgrep (alvo1-juiceshop),Semgrep scan,2026-09-28T21:19:24Z,2026-09-28T21:20:13Z,49,success,GitHub Actions 1000000176,7ad02b7add541c8a54400cf27ec1b09de3aedb4f
36485254489,1,01-devsecops,AUD-07,devsecops-audit,all_tools,true,alvo1,step,SAST - Semgrep (alvo1-juiceshop),Run actions/upload-artifact@043fb46d1a93c77aae656e7c1c64a875d1fc6a0a,2026-09-28T21:20:13Z,2026-09-28T21:20:14Z,1,success,GitHub Actions 1000000176,7ad02b7add541c8a54400cf27ec1b09de3aedb4f
36485254489,1,01-devsecops,AUD-07,devsecops-audit,all_tools,true,alvo1,step,SAST - Semgrep (alvo1-juiceshop),Post Checkout (com submodulos),2026-09-28T21:20:14Z,2026-09-28T21:20:14Z,0,success,GitHub Actions 1000000176,7ad02b7add541c8a54400cf27ec1b09de3aedb4f
36485254489,1,01-devsecops,AUD-07,devsecops-audit,all_tools,true,alvo1,step,SAST - Semgrep (alvo1-juiceshop),Stop containers,2026-09-28T21:20:14Z,2026-09-28T21:20:14Z,0,success,GitHub Actions 1000000176,7ad02b7add541c8a54400cf27ec1b09de3aedb4f
36485254489,1,01-devsecops,AUD-07,devsecops-audit,all_tools,true,alvo1,step,SAST - Semgrep (alvo1-juiceshop),Complete job,2026-09-28T21:20:14Z,2026-09-28T21:20:14Z,0,success,GitHub Actions 1000000176,7ad02b7add541c8a54400cf27ec1b09de3aedb4f
36485254489,1,01-devsecops,AUD-07,devsecops-audit,all_tools,true,alvo2,job,SAST - Semgrep (alvo2-uptimekuma),,2026-09-28T21:18:54Z,2026-09-28T21:19:48Z,54,success,GitHub Actions 1000000177,7ad02b7add541c8a54400cf27ec1b09de3aedb4f
36485254489,1,01-devsecops,AUD-07,devsecops-audit,all_tools,true,alvo2,step,SAST - Semgrep (alvo2-uptimekuma),Set up job,2026-09-28T21:18:55Z,2026-09-28T21:18:56Z,1,success,GitHub Actions 1000000177,7ad02b7add541c8a54400cf27ec1b09de3aedb4f
36485254489,1,01-devsecops,AUD-07,devsecops-audit,all_tools,true,alvo2,step,SAST - Semgrep (alvo2-uptimekuma),Initialize containers,2026-09-28T21:18:56Z,2026-09-28T21:19:09Z,13,success,GitHub Actions 1000000177,7ad02b7add541c8a54400cf27ec1b09de3aedb4f
36485254489,1,01-devsecops,AUD-07,devsecops-audit,all_tools,true,alvo2,step,SAST - Semgrep (alvo2-uptimekuma),Checkout (com submodulos),2026-09-28T21:19:09Z,2026-09-28T21:19:16Z,7,success,GitHub Actions 1000000177,7ad02b7add541c8a54400cf27ec1b09de3aedb4f
36485254489,1,01-devsecops,AUD-07,devsecops-audit,all_tools,true,alvo2,step,SAST - Semgrep (alvo2-uptimekuma),Carregar perfil do alvo,2026-09-28T21:19:16Z,2026-09-28T21:19:16Z,0,success,GitHub Actions 1000000177,7ad02b7add541c8a54400cf27ec1b09de3aedb4f
36485254489,1,01-devsecops,AUD-07,devsecops-audit,all_tools,true,alvo2,step,SAST - Semgrep (alvo2-uptimekuma),Semgrep scan,2026-09-28T21:19:16Z,2026-09-28T21:19:45Z,29,success,GitHub Actions 1000000177,7ad02b7add541c8a54400cf27ec1b09de3aedb4f
36485254489,1,01-devsecops,AUD-07,devsecops-audit,all_tools,true,alvo2,step,SAST - Semgrep (alvo2-uptimekuma),Run actions/upload-artifact@043fb46d1a93c77aae656e7c1c64a875d1fc6a0a,2026-09-28T21:19:45Z,2026-09-28T21:19:46Z,1,success,GitHub Actions 1000000177,7ad02b7add541c8a54400cf27ec1b09de3aedb4f
36485254489,1,01-devsecops,AUD-07,devsecops-audit,all_tools,true,alvo2,step,SAST - Semgrep (alvo2-uptimekuma),Post Checkout (com submodulos),2026-09-28T21:19:46Z,2026-09-28T21:19:47Z,1,success,GitHub Actions 1000000177,7ad02b7add541c8a54400cf27ec1b09de3aedb4f
36485254489,1,01-devsecops,AUD-07,devsecops-audit,all_tools,true,alvo2,step,SAST - Semgrep (alvo2-uptimekuma),Stop containers,2026-09-28T21:19:47Z,2026-09-28T21:19:47Z,0,success,GitHub Actions 1000000177,7ad02b7add541c8a54400cf27ec1b09de3aedb4f
36485254489,1,01-devsecops,AUD-07,devsecops-audit,all_tools,true,alvo2,step,SAST - Semgrep (alvo2-uptimekuma),Complete job,2026-09-28T21:19:47Z,2026-09-28T21:19:47Z,0,success,GitHub Actions 1000000177,7ad02b7add541c8a54400cf27ec1b09de3aedb4f
36485254489,1,01-devsecops,AUD-07,devsecops-audit,all_tools,true,alvo2,job,Build (alvo2-uptimekuma),,2026-09-28T21:20:18Z,2026-09-28T21:23:48Z,210,success,GitHub Actions 1000000178,7ad02b7add541c8a54400cf27ec1b09de3aedb4f
36485254489,1,01-devsecops,AUD-07,devsecops-audit,all_tools,true,alvo2,step,Build (alvo2-uptimekuma),Set up job,2026-09-28T21:20:18Z,2026-09-28T21:20:19Z,1,success,GitHub Actions 1000000178,7ad02b7add541c8a54400cf27ec1b09de3aedb4f
36485254489,1,01-devsecops,AUD-07,devsecops-audit,all_tools,true,alvo2,step,Build (alvo2-uptimekuma),Checkout (com submodulos),2026-09-28T21:20:19Z,2026-09-28T21:20:24Z,5,success,GitHub Actions 1000000178,7ad02b7add541c8a54400cf27ec1b09de3aedb4f
36485254489,1,01-devsecops,AUD-07,devsecops-audit,all_tools,true,alvo2,step,Build (alvo2-uptimekuma),Carregar perfil do alvo,2026-09-28T21:20:24Z,2026-09-28T21:20:24Z,0,success,GitHub Actions 1000000178,7ad02b7add541c8a54400cf27ec1b09de3aedb4f
36485254489,1,01-devsecops,AUD-07,devsecops-audit,all_tools,true,alvo2,step,Build (alvo2-uptimekuma),Instalar Node.js (quando exigido pelo alvo),2026-09-28T21:20:24Z,2026-09-28T21:20:25Z,1,success,GitHub Actions 1000000178,7ad02b7add541c8a54400cf27ec1b09de3aedb4f
36485254489,1,01-devsecops,AUD-07,devsecops-audit,all_tools,true,alvo2,step,Build (alvo2-uptimekuma),Pre-build da aplicacao (quando exigido pelo alvo),2026-09-28T21:20:25Z,2026-09-28T21:22:10Z,105,success,GitHub Actions 1000000178,7ad02b7add541c8a54400cf27ec1b09de3aedb4f
36485254489,1,01-devsecops,AUD-07,devsecops-audit,all_tools,true,alvo2,step,Build (alvo2-uptimekuma),Build da imagem Docker,2026-09-28T21:22:10Z,2026-09-28T21:23:02Z,52,success,GitHub Actions 1000000178,7ad02b7add541c8a54400cf27ec1b09de3aedb4f
36485254489,1,01-devsecops,AUD-07,devsecops-audit,all_tools,true,alvo2,step,Build (alvo2-uptimekuma),Run actions/upload-artifact@043fb46d1a93c77aae656e7c1c64a875d1fc6a0a,2026-09-28T21:23:02Z,2026-09-28T21:23:46Z,44,success,GitHub Actions 1000000178,7ad02b7add541c8a54400cf27ec1b09de3aedb4f
36485254489,1,01-devsecops,AUD-07,devsecops-audit,all_tools,true,alvo2,step,Build (alvo2-uptimekuma),Post Instalar Node.js (quando exigido pelo alvo),2026-09-28T21:23:46Z,2026-09-28T21:23:46Z,0,success,GitHub Actions 1000000178,7ad02b7add541c8a54400cf27ec1b09de3aedb4f
36485254489,1,01-devsecops,AUD-07,devsecops-audit,all_tools,true,alvo2,step,Build (alvo2-uptimekuma),Post Checkout (com submodulos),2026-09-28T21:23:46Z,2026-09-28T21:23:47Z,1,success,GitHub Actions 1000000178,7ad02b7add541c8a54400cf27ec1b09de3aedb4f
36485254489,1,01-devsecops,AUD-07,devsecops-audit,all_tools,true,alvo2,step,Build (alvo2-uptimekuma),Complete job,2026-09-28T21:23:47Z,2026-09-28T21:23:47Z,0,success,GitHub Actions 1000000178,7ad02b7add541c8a54400cf27ec1b09de3aedb4f
36485254489,1,01-devsecops,AUD-07,devsecops-audit,all_tools,true,alvo1,job,Build (alvo1-juiceshop),,2026-09-28T21:20:18Z,2026-09-28T21:22:48Z,150,success,GitHub Actions 1000000179,7ad02b7add541c8a54400cf27ec1b09de3aedb4f
36485254489,1,01-devsecops,AUD-07,devsecops-audit,all_tools,true,alvo1,step,Build (alvo1-juiceshop),Set up job,2026-09-28T21:20:19Z,2026-09-28T21:20:20Z,1,success,GitHub Actions 1000000179,7ad02b7add541c8a54400cf27ec1b09de3aedb4f
36485254489,1,01-devsecops,AUD-07,devsecops-audit,all_tools,true,alvo1,step,Build (alvo1-juiceshop),Checkout (com submodulos),2026-09-28T21:20:20Z,2026-09-28T21:20:28Z,8,success,GitHub Actions 1000000179,7ad02b7add541c8a54400cf27ec1b09de3aedb4f
36485254489,1,01-devsecops,AUD-07,devsecops-audit,all_tools,true,alvo1,step,Build (alvo1-juiceshop),Carregar perfil do alvo,2026-09-28T21:20:28Z,2026-09-28T21:20:28Z,0,success,GitHub Actions 1000000179,7ad02b7add541c8a54400cf27ec1b09de3aedb4f
36485254489,1,01-devsecops,AUD-07,devsecops-audit,all_tools,true,alvo1,step,Build (alvo1-juiceshop),Instalar Node.js (quando exigido pelo alvo),2026-09-28T21:20:28Z,2026-09-28T21:20:28Z,0,skipped,GitHub Actions 1000000179,7ad02b7add541c8a54400cf27ec1b09de3aedb4f
36485254489,1,01-devsecops,AUD-07,devsecops-audit,all_tools,true,alvo1,step,Build (alvo1-juiceshop),Pre-build da aplicacao (quando exigido pelo alvo),2026-09-28T21:20:28Z,2026-09-28T21:20:28Z,0,skipped,GitHub Actions 1000000179,7ad02b7add541c8a54400cf27ec1b09de3aedb4f
36485254489,1,01-devsecops,AUD-07,devsecops-audit,all_tools,true,alvo1,step,Build (alvo1-juiceshop),Build da imagem Docker,2026-09-28T21:20:28Z,2026-09-28T21:22:34Z,126,success,GitHub Actions 1000000179,7ad02b7add541c8a54400cf27ec1b09de3aedb4f
36485254489,1,01-devsecops,AUD-07,devsecops-audit,all_tools,true,alvo1,step,Build (alvo1-juiceshop),Run actions/upload-artifact@043fb46d1a93c77aae656e7c1c64a875d1fc6a0a,2026-09-28T21:22:34Z,2026-09-28T21:22:45Z,11,success,GitHub Actions 1000000179,7ad02b7add541c8a54400cf27ec1b09de3aedb4f
36485254489,1,01-devsecops,AUD-07,devsecops-audit,all_tools,true,alvo1,step,Build (alvo1-juiceshop),Post Checkout (com submodulos),2026-09-28T21:22:45Z,2026-09-28T21:22:46Z,1,success,GitHub Actions 1000000179,7ad02b7add541c8a54400cf27ec1b09de3aedb4f
36485254489,1,01-devsecops,AUD-07,devsecops-audit,all_tools,true,alvo1,step,Build (alvo1-juiceshop),Complete job,2026-09-28T21:22:46Z,2026-09-28T21:22:46Z,0,success,GitHub Actions 1000000179,7ad02b7add541c8a54400cf27ec1b09de3aedb4f
36485254489,1,01-devsecops,AUD-07,devsecops-audit,all_tools,true,alvo2,job,SCA - Trivy (alvo2-uptimekuma),,2026-09-28T21:23:51Z,2026-09-28T21:25:07Z,76,success,GitHub Actions 1000000182,7ad02b7add541c8a54400cf27ec1b09de3aedb4f
36485254489,1,01-devsecops,AUD-07,devsecops-audit,all_tools,true,alvo2,step,SCA - Trivy (alvo2-uptimekuma),Set up job,2026-09-28T21:23:51Z,2026-09-28T21:23:53Z,2,success,GitHub Actions 1000000182,7ad02b7add541c8a54400cf27ec1b09de3aedb4f
36485254489,1,01-devsecops,AUD-07,devsecops-audit,all_tools,true,alvo2,step,SCA - Trivy (alvo2-uptimekuma),Checkout (com submodulos),2026-09-28T21:23:53Z,2026-09-28T21:23:58Z,5,success,GitHub Actions 1000000182,7ad02b7add541c8a54400cf27ec1b09de3aedb4f
36485254489,1,01-devsecops,AUD-07,devsecops-audit,all_tools,true,alvo2,step,SCA - Trivy (alvo2-uptimekuma),Carregar perfil do alvo,2026-09-28T21:23:58Z,2026-09-28T21:23:58Z,0,success,GitHub Actions 1000000182,7ad02b7add541c8a54400cf27ec1b09de3aedb4f
36485254489,1,01-devsecops,AUD-07,devsecops-audit,all_tools,true,alvo2,step,SCA - Trivy (alvo2-uptimekuma),Baixar imagem construida,2026-09-28T21:23:58Z,2026-09-28T21:24:13Z,15,success,GitHub Actions 1000000182,7ad02b7add541c8a54400cf27ec1b09de3aedb4f
36485254489,1,01-devsecops,AUD-07,devsecops-audit,all_tools,true,alvo2,step,SCA - Trivy (alvo2-uptimekuma),Carregar imagem no Docker,2026-09-28T21:24:13Z,2026-09-28T21:24:40Z,27,success,GitHub Actions 1000000182,7ad02b7add541c8a54400cf27ec1b09de3aedb4f
36485254489,1,01-devsecops,AUD-07,devsecops-audit,all_tools,true,alvo2,step,SCA - Trivy (alvo2-uptimekuma),Instalar Trivy,2026-09-28T21:24:40Z,2026-09-28T21:24:41Z,1,success,GitHub Actions 1000000182,7ad02b7add541c8a54400cf27ec1b09de3aedb4f
36485254489,1,01-devsecops,AUD-07,devsecops-audit,all_tools,true,alvo2,step,SCA - Trivy (alvo2-uptimekuma),"Trivy: vulnerabilidades da imagem (D9, fonte unica de SCA)",2026-09-28T21:24:41Z,2026-09-28T21:25:01Z,20,success,GitHub Actions 1000000182,7ad02b7add541c8a54400cf27ec1b09de3aedb4f
36485254489,1,01-devsecops,AUD-07,devsecops-audit,all_tools,true,alvo2,step,SCA - Trivy (alvo2-uptimekuma),Trivy: segredos no codigo-fonte,2026-09-28T21:25:01Z,2026-09-28T21:25:02Z,1,success,GitHub Actions 1000000182,7ad02b7add541c8a54400cf27ec1b09de3aedb4f
36485254489,1,01-devsecops,AUD-07,devsecops-audit,all_tools,true,alvo2,step,SCA - Trivy (alvo2-uptimekuma),Trivy: IaC (Dockerfile),2026-09-28T21:25:02Z,2026-09-28T21:25:04Z,2,success,GitHub Actions 1000000182,7ad02b7add541c8a54400cf27ec1b09de3aedb4f
36485254489,1,01-devsecops,AUD-07,devsecops-audit,all_tools,true,alvo2,step,SCA - Trivy (alvo2-uptimekuma),Run actions/upload-artifact@043fb46d1a93c77aae656e7c1c64a875d1fc6a0a,2026-09-28T21:25:04Z,2026-09-28T21:25:05Z,1,success,GitHub Actions 1000000182,7ad02b7add541c8a54400cf27ec1b09de3aedb4f
36485254489,1,01-devsecops,AUD-07,devsecops-audit,all_tools,true,alvo2,step,SCA - Trivy (alvo2-uptimekuma),Post Instalar Trivy,2026-09-28T21:25:05Z,2026-09-28T21:25:05Z,0,success,GitHub Actions 1000000182,7ad02b7add541c8a54400cf27ec1b09de3aedb4f
36485254489,1,01-devsecops,AUD-07,devsecops-audit,all_tools,true,alvo2,step,SCA - Trivy (alvo2-uptimekuma),Post Checkout (com submodulos),2026-09-28T21:25:05Z,2026-09-28T21:25:05Z,0,success,GitHub Actions 1000000182,7ad02b7add541c8a54400cf27ec1b09de3aedb4f
36485254489,1,01-devsecops,AUD-07,devsecops-audit,all_tools,true,alvo2,step,SCA - Trivy (alvo2-uptimekuma),Complete job,2026-09-28T21:25:05Z,2026-09-28T21:25:05Z,0,success,GitHub Actions 1000000182,7ad02b7add541c8a54400cf27ec1b09de3aedb4f
36485254489,1,01-devsecops,AUD-07,devsecops-audit,all_tools,true,alvo1,job,SCA - Trivy (alvo1-juiceshop),,2026-09-28T21:23:51Z,2026-09-28T21:24:26Z,35,success,GitHub Actions 1000000183,7ad02b7add541c8a54400cf27ec1b09de3aedb4f
36485254489,1,01-devsecops,AUD-07,devsecops-audit,all_tools,true,alvo1,step,SCA - Trivy (alvo1-juiceshop),Set up job,2026-09-28T21:23:51Z,2026-09-28T21:23:53Z,2,success,GitHub Actions 1000000183,7ad02b7add541c8a54400cf27ec1b09de3aedb4f
36485254489,1,01-devsecops,AUD-07,devsecops-audit,all_tools,true,alvo1,step,SCA - Trivy (alvo1-juiceshop),Checkout (com submodulos),2026-09-28T21:23:53Z,2026-09-28T21:23:57Z,4,success,GitHub Actions 1000000183,7ad02b7add541c8a54400cf27ec1b09de3aedb4f
36485254489,1,01-devsecops,AUD-07,devsecops-audit,all_tools,true,alvo1,step,SCA - Trivy (alvo1-juiceshop),Carregar perfil do alvo,2026-09-28T21:23:57Z,2026-09-28T21:23:57Z,0,success,GitHub Actions 1000000183,7ad02b7add541c8a54400cf27ec1b09de3aedb4f
36485254489,1,01-devsecops,AUD-07,devsecops-audit,all_tools,true,alvo1,step,SCA - Trivy (alvo1-juiceshop),Baixar imagem construida,2026-09-28T21:23:57Z,2026-09-28T21:24:01Z,4,success,GitHub Actions 1000000183,7ad02b7add541c8a54400cf27ec1b09de3aedb4f
36485254489,1,01-devsecops,AUD-07,devsecops-audit,all_tools,true,alvo1,step,SCA - Trivy (alvo1-juiceshop),Carregar imagem no Docker,2026-09-28T21:24:01Z,2026-09-28T21:24:09Z,8,success,GitHub Actions 1000000183,7ad02b7add541c8a54400cf27ec1b09de3aedb4f
36485254489,1,01-devsecops,AUD-07,devsecops-audit,all_tools,true,alvo1,step,SCA - Trivy (alvo1-juiceshop),Instalar Trivy,2026-09-28T21:24:09Z,2026-09-28T21:24:10Z,1,success,GitHub Actions 1000000183,7ad02b7add541c8a54400cf27ec1b09de3aedb4f
36485254489,1,01-devsecops,AUD-07,devsecops-audit,all_tools,true,alvo1,step,SCA - Trivy (alvo1-juiceshop),"Trivy: vulnerabilidades da imagem (D9, fonte unica de SCA)",2026-09-28T21:24:10Z,2026-09-28T21:24:21Z,11,success,GitHub Actions 1000000183,7ad02b7add541c8a54400cf27ec1b09de3aedb4f
36485254489,1,01-devsecops,AUD-07,devsecops-audit,all_tools,true,alvo1,step,SCA - Trivy (alvo1-juiceshop),Trivy: segredos no codigo-fonte,2026-09-28T21:24:21Z,2026-09-28T21:24:22Z,1,success,GitHub Actions 1000000183,7ad02b7add541c8a54400cf27ec1b09de3aedb4f
36485254489,1,01-devsecops,AUD-07,devsecops-audit,all_tools,true,alvo1,step,SCA - Trivy (alvo1-juiceshop),Trivy: IaC (Dockerfile),2026-09-28T21:24:22Z,2026-09-28T21:24:24Z,2,success,GitHub Actions 1000000183,7ad02b7add541c8a54400cf27ec1b09de3aedb4f
36485254489,1,01-devsecops,AUD-07,devsecops-audit,all_tools,true,alvo1,step,SCA - Trivy (alvo1-juiceshop),Run actions/upload-artifact@043fb46d1a93c77aae656e7c1c64a875d1fc6a0a,2026-09-28T21:24:24Z,2026-09-28T21:24:25Z,1,success,GitHub Actions 1000000183,7ad02b7add541c8a54400cf27ec1b09de3aedb4f
36485254489,1,01-devsecops,AUD-07,devsecops-audit,all_tools,true,alvo1,step,SCA - Trivy (alvo1-juiceshop),Post Instalar Trivy,2026-09-28T21:24:25Z,2026-09-28T21:24:25Z,0,success,GitHub Actions 1000000183,7ad02b7add541c8a54400cf27ec1b09de3aedb4f
36485254489,1,01-devsecops,AUD-07,devsecops-audit,all_tools,true,alvo1,step,SCA - Trivy (alvo1-juiceshop),Post Checkout (com submodulos),2026-09-28T21:24:25Z,2026-09-28T21:24:25Z,0,success,GitHub Actions 1000000183,7ad02b7add541c8a54400cf27ec1b09de3aedb4f
36485254489,1,01-devsecops,AUD-07,devsecops-audit,all_tools,true,alvo1,step,SCA - Trivy (alvo1-juiceshop),Complete job,2026-09-28T21:24:25Z,2026-09-28T21:24:25Z,0,success,GitHub Actions 1000000183,7ad02b7add541c8a54400cf27ec1b09de3aedb4f
36485254489,1,01-devsecops,AUD-07,devsecops-audit,all_tools,true,alvo1,job,Quality Gate (alvo1-juiceshop),,2026-09-28T21:25:10Z,2026-09-28T21:25:23Z,13,success,GitHub Actions 1000000184,7ad02b7add541c8a54400cf27ec1b09de3aedb4f
36485254489,1,01-devsecops,AUD-07,devsecops-audit,all_tools,true,alvo1,step,Quality Gate (alvo1-juiceshop),Set up job,2026-09-28T21:25:10Z,2026-09-28T21:25:12Z,2,success,GitHub Actions 1000000184,7ad02b7add541c8a54400cf27ec1b09de3aedb4f
36485254489,1,01-devsecops,AUD-07,devsecops-audit,all_tools,true,alvo1,step,Quality Gate (alvo1-juiceshop),Checkout,2026-09-28T21:25:12Z,2026-09-28T21:25:15Z,3,success,GitHub Actions 1000000184,7ad02b7add541c8a54400cf27ec1b09de3aedb4f
36485254489,1,01-devsecops,AUD-07,devsecops-audit,all_tools,true,alvo1,step,Quality Gate (alvo1-juiceshop),Carregar perfil do alvo,2026-09-28T21:25:15Z,2026-09-28T21:25:15Z,0,success,GitHub Actions 1000000184,7ad02b7add541c8a54400cf27ec1b09de3aedb4f
36485254489,1,01-devsecops,AUD-07,devsecops-audit,all_tools,true,alvo1,step,Quality Gate (alvo1-juiceshop),Baixar achados de SAST,2026-09-28T21:25:15Z,2026-09-28T21:25:16Z,1,success,GitHub Actions 1000000184,7ad02b7add541c8a54400cf27ec1b09de3aedb4f
36485254489,1,01-devsecops,AUD-07,devsecops-audit,all_tools,true,alvo1,step,Quality Gate (alvo1-juiceshop),Baixar achados de SCA,2026-09-28T21:25:16Z,2026-09-28T21:25:17Z,1,success,GitHub Actions 1000000184,7ad02b7add541c8a54400cf27ec1b09de3aedb4f
36485254489,1,01-devsecops,AUD-07,devsecops-audit,all_tools,true,alvo1,step,Quality Gate (alvo1-juiceshop),Instalar dependencias do script,2026-09-28T21:25:17Z,2026-09-28T21:25:19Z,2,success,GitHub Actions 1000000184,7ad02b7add541c8a54400cf27ec1b09de3aedb4f
36485254489,1,01-devsecops,AUD-07,devsecops-audit,all_tools,true,alvo1,step,Quality Gate (alvo1-juiceshop),Avaliar Quality Gate,2026-09-28T21:25:19Z,2026-09-28T21:25:20Z,1,success,GitHub Actions 1000000184,7ad02b7add541c8a54400cf27ec1b09de3aedb4f
36485254489,1,01-devsecops,AUD-07,devsecops-audit,all_tools,true,alvo1,step,Quality Gate (alvo1-juiceshop),Run actions/upload-artifact@043fb46d1a93c77aae656e7c1c64a875d1fc6a0a,2026-09-28T21:25:20Z,2026-09-28T21:25:20Z,0,success,GitHub Actions 1000000184,7ad02b7add541c8a54400cf27ec1b09de3aedb4f
36485254489,1,01-devsecops,AUD-07,devsecops-audit,all_tools,true,alvo1,step,Quality Gate (alvo1-juiceshop),Post Checkout,2026-09-28T21:25:20Z,2026-09-28T21:25:21Z,1,success,GitHub Actions 1000000184,7ad02b7add541c8a54400cf27ec1b09de3aedb4f
36485254489,1,01-devsecops,AUD-07,devsecops-audit,all_tools,true,alvo1,step,Quality Gate (alvo1-juiceshop),Complete job,2026-09-28T21:25:21Z,2026-09-28T21:25:21Z,0,success,GitHub Actions 1000000184,7ad02b7add541c8a54400cf27ec1b09de3aedb4f
36485254489,1,01-devsecops,AUD-07,devsecops-audit,all_tools,true,alvo2,job,Quality Gate (alvo2-uptimekuma),,2026-09-28T21:25:09Z,2026-09-28T21:25:18Z,9,success,GitHub Actions 1000000185,7ad02b7add541c8a54400cf27ec1b09de3aedb4f
36485254489,1,01-devsecops,AUD-07,devsecops-audit,all_tools,true,alvo2,step,Quality Gate (alvo2-uptimekuma),Set up job,2026-09-28T21:25:10Z,2026-09-28T21:25:11Z,1,success,GitHub Actions 1000000185,7ad02b7add541c8a54400cf27ec1b09de3aedb4f
36485254489,1,01-devsecops,AUD-07,devsecops-audit,all_tools,true,alvo2,step,Quality Gate (alvo2-uptimekuma),Checkout,2026-09-28T21:25:11Z,2026-09-28T21:25:12Z,1,success,GitHub Actions 1000000185,7ad02b7add541c8a54400cf27ec1b09de3aedb4f
36485254489,1,01-devsecops,AUD-07,devsecops-audit,all_tools,true,alvo2,step,Quality Gate (alvo2-uptimekuma),Carregar perfil do alvo,2026-09-28T21:25:12Z,2026-09-28T21:25:12Z,0,success,GitHub Actions 1000000185,7ad02b7add541c8a54400cf27ec1b09de3aedb4f
36485254489,1,01-devsecops,AUD-07,devsecops-audit,all_tools,true,alvo2,step,Quality Gate (alvo2-uptimekuma),Baixar achados de SAST,2026-09-28T21:25:12Z,2026-09-28T21:25:13Z,1,success,GitHub Actions 1000000185,7ad02b7add541c8a54400cf27ec1b09de3aedb4f
36485254489,1,01-devsecops,AUD-07,devsecops-audit,all_tools,true,alvo2,step,Quality Gate (alvo2-uptimekuma),Baixar achados de SCA,2026-09-28T21:25:13Z,2026-09-28T21:25:13Z,0,success,GitHub Actions 1000000185,7ad02b7add541c8a54400cf27ec1b09de3aedb4f
36485254489,1,01-devsecops,AUD-07,devsecops-audit,all_tools,true,alvo2,step,Quality Gate (alvo2-uptimekuma),Instalar dependencias do script,2026-09-28T21:25:13Z,2026-09-28T21:25:16Z,3,success,GitHub Actions 1000000185,7ad02b7add541c8a54400cf27ec1b09de3aedb4f
36485254489,1,01-devsecops,AUD-07,devsecops-audit,all_tools,true,alvo2,step,Quality Gate (alvo2-uptimekuma),Avaliar Quality Gate,2026-09-28T21:25:16Z,2026-09-28T21:25:16Z,0,success,GitHub Actions 1000000185,7ad02b7add541c8a54400cf27ec1b09de3aedb4f
36485254489,1,01-devsecops,AUD-07,devsecops-audit,all_tools,true,alvo2,step,Quality Gate (alvo2-uptimekuma),Run actions/upload-artifact@043fb46d1a93c77aae656e7c1c64a875d1fc6a0a,2026-09-28T21:25:16Z,2026-09-28T21:25:17Z,1,success,GitHub Actions 1000000185,7ad02b7add541c8a54400cf27ec1b09de3aedb4f
36485254489,1,01-devsecops,AUD-07,devsecops-audit,all_tools,true,alvo2,step,Quality Gate (alvo2-uptimekuma),Post Checkout,2026-09-28T21:25:17Z,2026-09-28T21:25:17Z,0,success,GitHub Actions 1000000185,7ad02b7add541c8a54400cf27ec1b09de3aedb4f
36485254489,1,01-devsecops,AUD-07,devsecops-audit,all_tools,true,alvo2,step,Quality Gate (alvo2-uptimekuma),Complete job,2026-09-28T21:25:17Z,2026-09-28T21:25:17Z,0,success,GitHub Actions 1000000185,7ad02b7add541c8a54400cf27ec1b09de3aedb4f
36485254489,1,01-devsecops,AUD-07,devsecops-audit,all_tools,true,alvo1,job,Staging + DAST - OWASP ZAP (alvo1-juiceshop),,2026-09-28T21:25:25Z,2026-09-28T22:15:51Z,3026,success,GitHub Actions 1000000187,7ad02b7add541c8a54400cf27ec1b09de3aedb4f
36485254489,1,01-devsecops,AUD-07,devsecops-audit,all_tools,true,alvo1,step,Staging + DAST - OWASP ZAP (alvo1-juiceshop),Set up job,2026-09-28T21:25:25Z,2026-09-28T21:25:26Z,1,success,GitHub Actions 1000000187,7ad02b7add541c8a54400cf27ec1b09de3aedb4f
36485254489,1,01-devsecops,AUD-07,devsecops-audit,all_tools,true,alvo1,step,Staging + DAST - OWASP ZAP (alvo1-juiceshop),Checkout,2026-09-28T21:25:26Z,2026-09-28T21:25:27Z,1,success,GitHub Actions 1000000187,7ad02b7add541c8a54400cf27ec1b09de3aedb4f
36485254489,1,01-devsecops,AUD-07,devsecops-audit,all_tools,true,alvo1,step,Staging + DAST - OWASP ZAP (alvo1-juiceshop),Carregar perfil do alvo,2026-09-28T21:25:27Z,2026-09-28T21:25:28Z,1,success,GitHub Actions 1000000187,7ad02b7add541c8a54400cf27ec1b09de3aedb4f
36485254489,1,01-devsecops,AUD-07,devsecops-audit,all_tools,true,alvo1,step,Staging + DAST - OWASP ZAP (alvo1-juiceshop),Baixar imagem construida,2026-09-28T21:25:28Z,2026-09-28T21:25:31Z,3,success,GitHub Actions 1000000187,7ad02b7add541c8a54400cf27ec1b09de3aedb4f
36485254489,1,01-devsecops,AUD-07,devsecops-audit,all_tools,true,alvo1,step,Staging + DAST - OWASP ZAP (alvo1-juiceshop),Carregar imagem no Docker,2026-09-28T21:25:31Z,2026-09-28T21:25:39Z,8,success,GitHub Actions 1000000187,7ad02b7add541c8a54400cf27ec1b09de3aedb4f
36485254489,1,01-devsecops,AUD-07,devsecops-audit,all_tools,true,alvo1,step,Staging + DAST - OWASP ZAP (alvo1-juiceshop),Staging (subir aplicacao e aguardar health check),2026-09-28T21:25:39Z,2026-09-28T21:25:42Z,3,success,GitHub Actions 1000000187,7ad02b7add541c8a54400cf27ec1b09de3aedb4f
36485254489,1,01-devsecops,AUD-07,devsecops-audit,all_tools,true,alvo1,step,Staging + DAST - OWASP ZAP (alvo1-juiceshop),Montar opcoes do ZAP,2026-09-28T21:25:42Z,2026-09-28T21:25:42Z,0,success,GitHub Actions 1000000187,7ad02b7add541c8a54400cf27ec1b09de3aedb4f
36485254489,1,01-devsecops,AUD-07,devsecops-audit,all_tools,true,alvo1,step,Staging + DAST - OWASP ZAP (alvo1-juiceshop),OWASP ZAP: full scan,2026-09-28T21:25:42Z,2026-09-28T22:15:45Z,3003,success,GitHub Actions 1000000187,7ad02b7add541c8a54400cf27ec1b09de3aedb4f
36485254489,1,01-devsecops,AUD-07,devsecops-audit,all_tools,true,alvo1,step,Staging + DAST - OWASP ZAP (alvo1-juiceshop),Verificar que o alvo sobreviveu ao DAST,2026-09-28T22:15:45Z,2026-09-28T22:15:45Z,0,success,GitHub Actions 1000000187,7ad02b7add541c8a54400cf27ec1b09de3aedb4f
36485254489,1,01-devsecops,AUD-07,devsecops-audit,all_tools,true,alvo1,step,Staging + DAST - OWASP ZAP (alvo1-juiceshop),Verificar que o ZAP produziu relatorio,2026-09-28T22:15:45Z,2026-09-28T22:15:45Z,0,success,GitHub Actions 1000000187,7ad02b7add541c8a54400cf27ec1b09de3aedb4f
36485254489,1,01-devsecops,AUD-07,devsecops-audit,all_tools,true,alvo1,step,Staging + DAST - OWASP ZAP (alvo1-juiceshop),Logs da aplicacao,2026-09-28T22:15:45Z,2026-09-28T22:15:45Z,0,success,GitHub Actions 1000000187,7ad02b7add541c8a54400cf27ec1b09de3aedb4f
36485254489,1,01-devsecops,AUD-07,devsecops-audit,all_tools,true,alvo1,step,Staging + DAST - OWASP ZAP (alvo1-juiceshop),Encerrar container,2026-09-28T22:15:45Z,2026-09-28T22:15:46Z,1,success,GitHub Actions 1000000187,7ad02b7add541c8a54400cf27ec1b09de3aedb4f
36485254489,1,01-devsecops,AUD-07,devsecops-audit,all_tools,true,alvo1,step,Staging + DAST - OWASP ZAP (alvo1-juiceshop),Run actions/upload-artifact@043fb46d1a93c77aae656e7c1c64a875d1fc6a0a,2026-09-28T22:15:46Z,2026-09-28T22:15:47Z,1,success,GitHub Actions 1000000187,7ad02b7add541c8a54400cf27ec1b09de3aedb4f
36485254489,1,01-devsecops,AUD-07,devsecops-audit,all_tools,true,alvo1,step,Staging + DAST - OWASP ZAP (alvo1-juiceshop),Baixar achados de SAST e SCA (gate pos-DAST),2026-09-28T22:15:47Z,2026-09-28T22:15:47Z,0,success,GitHub Actions 1000000187,7ad02b7add541c8a54400cf27ec1b09de3aedb4f
36485254489,1,01-devsecops,AUD-07,devsecops-audit,all_tools,true,alvo1,step,Staging + DAST - OWASP ZAP (alvo1-juiceshop),Quality Gate pos-DAST (escopo all_tools),2026-09-28T22:15:47Z,2026-09-28T22:15:48Z,1,success,GitHub Actions 1000000187,7ad02b7add541c8a54400cf27ec1b09de3aedb4f
36485254489,1,01-devsecops,AUD-07,devsecops-audit,all_tools,true,alvo1,step,Staging + DAST - OWASP ZAP (alvo1-juiceshop),Run actions/upload-artifact@043fb46d1a93c77aae656e7c1c64a875d1fc6a0a,2026-09-28T22:15:48Z,2026-09-28T22:15:49Z,1,success,GitHub Actions 1000000187,7ad02b7add541c8a54400cf27ec1b09de3aedb4f
36485254489,1,01-devsecops,AUD-07,devsecops-audit,all_tools,true,alvo1,step,Staging + DAST - OWASP ZAP (alvo1-juiceshop),Post Checkout,2026-09-28T22:15:49Z,2026-09-28T22:15:49Z,0,success,GitHub Actions 1000000187,7ad02b7add541c8a54400cf27ec1b09de3aedb4f
36485254489,1,01-devsecops,AUD-07,devsecops-audit,all_tools,true,alvo1,step,Staging + DAST - OWASP ZAP (alvo1-juiceshop),Complete job,2026-09-28T22:15:49Z,2026-09-28T22:15:49Z,0,success,GitHub Actions 1000000187,7ad02b7add541c8a54400cf27ec1b09de3aedb4f
36485254489,1,01-devsecops,AUD-07,devsecops-audit,all_tools,true,alvo2,job,Staging + DAST - OWASP ZAP (alvo2-uptimekuma),,2026-09-28T21:25:25Z,2026-09-28T21:30:39Z,314,success,GitHub Actions 1000000186,7ad02b7add541c8a54400cf27ec1b09de3aedb4f
36485254489,1,01-devsecops,AUD-07,devsecops-audit,all_tools,true,alvo2,step,Staging + DAST - OWASP ZAP (alvo2-uptimekuma),Set up job,2026-09-28T21:25:26Z,2026-09-28T21:25:28Z,2,success,GitHub Actions 1000000186,7ad02b7add541c8a54400cf27ec1b09de3aedb4f
36485254489,1,01-devsecops,AUD-07,devsecops-audit,all_tools,true,alvo2,step,Staging + DAST - OWASP ZAP (alvo2-uptimekuma),Checkout,2026-09-28T21:25:28Z,2026-09-28T21:25:30Z,2,success,GitHub Actions 1000000186,7ad02b7add541c8a54400cf27ec1b09de3aedb4f
36485254489,1,01-devsecops,AUD-07,devsecops-audit,all_tools,true,alvo2,step,Staging + DAST - OWASP ZAP (alvo2-uptimekuma),Carregar perfil do alvo,2026-09-28T21:25:30Z,2026-09-28T21:25:30Z,0,success,GitHub Actions 1000000186,7ad02b7add541c8a54400cf27ec1b09de3aedb4f
36485254489,1,01-devsecops,AUD-07,devsecops-audit,all_tools,true,alvo2,step,Staging + DAST - OWASP ZAP (alvo2-uptimekuma),Baixar imagem construida,2026-09-28T21:25:30Z,2026-09-28T21:25:45Z,15,success,GitHub Actions 1000000186,7ad02b7add541c8a54400cf27ec1b09de3aedb4f
36485254489,1,01-devsecops,AUD-07,devsecops-audit,all_tools,true,alvo2,step,Staging + DAST - OWASP ZAP (alvo2-uptimekuma),Carregar imagem no Docker,2026-09-28T21:25:45Z,2026-09-28T21:26:13Z,28,success,GitHub Actions 1000000186,7ad02b7add541c8a54400cf27ec1b09de3aedb4f
36485254489,1,01-devsecops,AUD-07,devsecops-audit,all_tools,true,alvo2,step,Staging + DAST - OWASP ZAP (alvo2-uptimekuma),Staging (subir aplicacao e aguardar health check),2026-09-28T21:26:13Z,2026-09-28T21:26:15Z,2,success,GitHub Actions 1000000186,7ad02b7add541c8a54400cf27ec1b09de3aedb4f
36485254489,1,01-devsecops,AUD-07,devsecops-audit,all_tools,true,alvo2,step,Staging + DAST - OWASP ZAP (alvo2-uptimekuma),Montar opcoes do ZAP,2026-09-28T21:26:15Z,2026-09-28T21:26:15Z,0,success,GitHub Actions 1000000186,7ad02b7add541c8a54400cf27ec1b09de3aedb4f
36485254489,1,01-devsecops,AUD-07,devsecops-audit,all_tools,true,alvo2,step,Staging + DAST - OWASP ZAP (alvo2-uptimekuma),OWASP ZAP: full scan,2026-09-28T21:26:15Z,2026-09-28T21:30:31Z,256,success,GitHub Actions 1000000186,7ad02b7add541c8a54400cf27ec1b09de3aedb4f
36485254489,1,01-devsecops,AUD-07,devsecops-audit,all_tools,true,alvo2,step,Staging + DAST - OWASP ZAP (alvo2-uptimekuma),Verificar que o alvo sobreviveu ao DAST,2026-09-28T21:30:31Z,2026-09-28T21:30:31Z,0,success,GitHub Actions 1000000186,7ad02b7add541c8a54400cf27ec1b09de3aedb4f
36485254489,1,01-devsecops,AUD-07,devsecops-audit,all_tools,true,alvo2,step,Staging + DAST - OWASP ZAP (alvo2-uptimekuma),Verificar que o ZAP produziu relatorio,2026-09-28T21:30:31Z,2026-09-28T21:30:31Z,0,success,GitHub Actions 1000000186,7ad02b7add541c8a54400cf27ec1b09de3aedb4f
36485254489,1,01-devsecops,AUD-07,devsecops-audit,all_tools,true,alvo2,step,Staging + DAST - OWASP ZAP (alvo2-uptimekuma),Logs da aplicacao,2026-09-28T21:30:31Z,2026-09-28T21:30:31Z,0,success,GitHub Actions 1000000186,7ad02b7add541c8a54400cf27ec1b09de3aedb4f
36485254489,1,01-devsecops,AUD-07,devsecops-audit,all_tools,true,alvo2,step,Staging + DAST - OWASP ZAP (alvo2-uptimekuma),Encerrar container,2026-09-28T21:30:31Z,2026-09-28T21:30:31Z,0,success,GitHub Actions 1000000186,7ad02b7add541c8a54400cf27ec1b09de3aedb4f
36485254489,1,01-devsecops,AUD-07,devsecops-audit,all_tools,true,alvo2,step,Staging + DAST - OWASP ZAP (alvo2-uptimekuma),Run actions/upload-artifact@043fb46d1a93c77aae656e7c1c64a875d1fc6a0a,2026-09-28T21:30:31Z,2026-09-28T21:30:32Z,1,success,GitHub Actions 1000000186,7ad02b7add541c8a54400cf27ec1b09de3aedb4f
36485254489,1,01-devsecops,AUD-07,devsecops-audit,all_tools,true,alvo2,step,Staging + DAST - OWASP ZAP (alvo2-uptimekuma),Baixar achados de SAST e SCA (gate pos-DAST),2026-09-28T21:30:32Z,2026-09-28T21:30:33Z,1,success,GitHub Actions 1000000186,7ad02b7add541c8a54400cf27ec1b09de3aedb4f
36485254489,1,01-devsecops,AUD-07,devsecops-audit,all_tools,true,alvo2,step,Staging + DAST - OWASP ZAP (alvo2-uptimekuma),Quality Gate pos-DAST (escopo all_tools),2026-09-28T21:30:33Z,2026-09-28T21:30:35Z,2,success,GitHub Actions 1000000186,7ad02b7add541c8a54400cf27ec1b09de3aedb4f
36485254489,1,01-devsecops,AUD-07,devsecops-audit,all_tools,true,alvo2,step,Staging + DAST - OWASP ZAP (alvo2-uptimekuma),Run actions/upload-artifact@043fb46d1a93c77aae656e7c1c64a875d1fc6a0a,2026-09-28T21:30:35Z,2026-09-28T21:30:36Z,1,success,GitHub Actions 1000000186,7ad02b7add541c8a54400cf27ec1b09de3aedb4f
36485254489,1,01-devsecops,AUD-07,devsecops-audit,all_tools,true,alvo2,step,Staging + DAST - OWASP ZAP (alvo2-uptimekuma),Post Checkout,2026-09-28T21:30:36Z,2026-09-28T21:30:36Z,0,success,GitHub Actions 1000000186,7ad02b7add541c8a54400cf27ec1b09de3aedb4f
36485254489,1,01-devsecops,AUD-07,devsecops-audit,all_tools,true,alvo2,step,Staging + DAST - OWASP ZAP (alvo2-uptimekuma),Complete job,2026-09-28T21:30:36Z,2026-09-28T21:30:37Z,1,success,GitHub Actions 1000000186,7ad02b7add541c8a54400cf27ec1b09de3aedb4f
36485747162,1,00-baseline,BASE-08,baseline,,,alvo2,job,Baseline (alvo2-uptimekuma),,2026-09-28T21:23:21Z,2026-09-28T21:26:26Z,185,success,GitHub Actions 1000000180,7ad02b7add541c8a54400cf27ec1b09de3aedb4f
36485747162,1,00-baseline,BASE-08,baseline,,,alvo2,step,Baseline (alvo2-uptimekuma),Set up job,2026-09-28T21:23:21Z,2026-09-28T21:23:23Z,2,success,GitHub Actions 1000000180,7ad02b7add541c8a54400cf27ec1b09de3aedb4f
36485747162,1,00-baseline,BASE-08,baseline,,,alvo2,step,Baseline (alvo2-uptimekuma),Checkout (com submodulos),2026-09-28T21:23:23Z,2026-09-28T21:23:31Z,8,success,GitHub Actions 1000000180,7ad02b7add541c8a54400cf27ec1b09de3aedb4f
36485747162,1,00-baseline,BASE-08,baseline,,,alvo2,step,Baseline (alvo2-uptimekuma),Carregar perfil do alvo,2026-09-28T21:23:31Z,2026-09-28T21:23:31Z,0,success,GitHub Actions 1000000180,7ad02b7add541c8a54400cf27ec1b09de3aedb4f
36485747162,1,00-baseline,BASE-08,baseline,,,alvo2,step,Baseline (alvo2-uptimekuma),Instalar Node.js (quando exigido pelo alvo),2026-09-28T21:23:31Z,2026-09-28T21:23:38Z,7,success,GitHub Actions 1000000180,7ad02b7add541c8a54400cf27ec1b09de3aedb4f
36485747162,1,00-baseline,BASE-08,baseline,,,alvo2,step,Baseline (alvo2-uptimekuma),Pre-build da aplicacao (quando exigido pelo alvo),2026-09-28T21:23:38Z,2026-09-28T21:25:18Z,100,success,GitHub Actions 1000000180,7ad02b7add541c8a54400cf27ec1b09de3aedb4f
36485747162,1,00-baseline,BASE-08,baseline,,,alvo2,step,Baseline (alvo2-uptimekuma),Build da imagem Docker,2026-09-28T21:25:18Z,2026-09-28T21:26:17Z,59,success,GitHub Actions 1000000180,7ad02b7add541c8a54400cf27ec1b09de3aedb4f
36485747162,1,00-baseline,BASE-08,baseline,,,alvo2,step,Baseline (alvo2-uptimekuma),Staging (subir aplicacao e aguardar health check),2026-09-28T21:26:17Z,2026-09-28T21:26:23Z,6,success,GitHub Actions 1000000180,7ad02b7add541c8a54400cf27ec1b09de3aedb4f
36485747162,1,00-baseline,BASE-08,baseline,,,alvo2,step,Baseline (alvo2-uptimekuma),Encerrar container,2026-09-28T21:26:23Z,2026-09-28T21:26:24Z,1,success,GitHub Actions 1000000180,7ad02b7add541c8a54400cf27ec1b09de3aedb4f
36485747162,1,00-baseline,BASE-08,baseline,,,alvo2,step,Baseline (alvo2-uptimekuma),Post Instalar Node.js (quando exigido pelo alvo),2026-09-28T21:26:24Z,2026-09-28T21:26:24Z,0,success,GitHub Actions 1000000180,7ad02b7add541c8a54400cf27ec1b09de3aedb4f
36485747162,1,00-baseline,BASE-08,baseline,,,alvo2,step,Baseline (alvo2-uptimekuma),Post Checkout (com submodulos),2026-09-28T21:26:24Z,2026-09-28T21:26:24Z,0,success,GitHub Actions 1000000180,7ad02b7add541c8a54400cf27ec1b09de3aedb4f
36485747162,1,00-baseline,BASE-08,baseline,,,alvo2,step,Baseline (alvo2-uptimekuma),Complete job,2026-09-28T21:26:24Z,2026-09-28T21:26:24Z,0,success,GitHub Actions 1000000180,7ad02b7add541c8a54400cf27ec1b09de3aedb4f
36485747162,1,00-baseline,BASE-08,baseline,,,alvo1,job,Baseline (alvo1-juiceshop),,2026-09-28T21:23:20Z,2026-09-28T21:25:52Z,152,success,GitHub Actions 1000000181,7ad02b7add541c8a54400cf27ec1b09de3aedb4f
36485747162,1,00-baseline,BASE-08,baseline,,,alvo1,step,Baseline (alvo1-juiceshop),Set up job,2026-09-28T21:23:21Z,2026-09-28T21:23:22Z,1,success,GitHub Actions 1000000181,7ad02b7add541c8a54400cf27ec1b09de3aedb4f
36485747162,1,00-baseline,BASE-08,baseline,,,alvo1,step,Baseline (alvo1-juiceshop),Checkout (com submodulos),2026-09-28T21:23:22Z,2026-09-28T21:23:31Z,9,success,GitHub Actions 1000000181,7ad02b7add541c8a54400cf27ec1b09de3aedb4f
36485747162,1,00-baseline,BASE-08,baseline,,,alvo1,step,Baseline (alvo1-juiceshop),Carregar perfil do alvo,2026-09-28T21:23:31Z,2026-09-28T21:23:31Z,0,success,GitHub Actions 1000000181,7ad02b7add541c8a54400cf27ec1b09de3aedb4f
36485747162,1,00-baseline,BASE-08,baseline,,,alvo1,step,Baseline (alvo1-juiceshop),Instalar Node.js (quando exigido pelo alvo),2026-09-28T21:23:31Z,2026-09-28T21:23:31Z,0,skipped,GitHub Actions 1000000181,7ad02b7add541c8a54400cf27ec1b09de3aedb4f
36485747162,1,00-baseline,BASE-08,baseline,,,alvo1,step,Baseline (alvo1-juiceshop),Pre-build da aplicacao (quando exigido pelo alvo),2026-09-28T21:23:31Z,2026-09-28T21:23:31Z,0,skipped,GitHub Actions 1000000181,7ad02b7add541c8a54400cf27ec1b09de3aedb4f
36485747162,1,00-baseline,BASE-08,baseline,,,alvo1,step,Baseline (alvo1-juiceshop),Build da imagem Docker,2026-09-28T21:23:31Z,2026-09-28T21:25:45Z,134,success,GitHub Actions 1000000181,7ad02b7add541c8a54400cf27ec1b09de3aedb4f
36485747162,1,00-baseline,BASE-08,baseline,,,alvo1,step,Baseline (alvo1-juiceshop),Staging (subir aplicacao e aguardar health check),2026-09-28T21:25:45Z,2026-09-28T21:25:50Z,5,success,GitHub Actions 1000000181,7ad02b7add541c8a54400cf27ec1b09de3aedb4f
36485747162,1,00-baseline,BASE-08,baseline,,,alvo1,step,Baseline (alvo1-juiceshop),Encerrar container,2026-09-28T21:25:50Z,2026-09-28T21:25:50Z,0,success,GitHub Actions 1000000181,7ad02b7add541c8a54400cf27ec1b09de3aedb4f
36485747162,1,00-baseline,BASE-08,baseline,,,alvo1,step,Baseline (alvo1-juiceshop),Post Checkout (com submodulos),2026-09-28T21:25:50Z,2026-09-28T21:25:50Z,0,success,GitHub Actions 1000000181,7ad02b7add541c8a54400cf27ec1b09de3aedb4f
36485747162,1,00-baseline,BASE-08,baseline,,,alvo1,step,Baseline (alvo1-juiceshop),Complete job,2026-09-28T21:25:50Z,2026-09-28T21:25:50Z,0,success,GitHub Actions 1000000181,7ad02b7add541c8a54400cf27ec1b09de3aedb4f
36486242752,1,01-devsecops,AUD-08,devsecops-audit,all_tools,true,alvo1,job,SAST - Semgrep (alvo1-juiceshop),,2026-09-28T21:27:48Z,2026-09-28T21:29:26Z,98,success,GitHub Actions 1000000188,7ad02b7add541c8a54400cf27ec1b09de3aedb4f
36486242752,1,01-devsecops,AUD-08,devsecops-audit,all_tools,true,alvo1,step,SAST - Semgrep (alvo1-juiceshop),Set up job,2026-09-28T21:27:49Z,2026-09-28T21:27:49Z,0,success,GitHub Actions 1000000188,7ad02b7add541c8a54400cf27ec1b09de3aedb4f
36486242752,1,01-devsecops,AUD-08,devsecops-audit,all_tools,true,alvo1,step,SAST - Semgrep (alvo1-juiceshop),Initialize containers,2026-09-28T21:27:49Z,2026-09-28T21:28:03Z,14,success,GitHub Actions 1000000188,7ad02b7add541c8a54400cf27ec1b09de3aedb4f
36486242752,1,01-devsecops,AUD-08,devsecops-audit,all_tools,true,alvo1,step,SAST - Semgrep (alvo1-juiceshop),Checkout (com submodulos),2026-09-28T21:28:03Z,2026-09-28T21:28:12Z,9,success,GitHub Actions 1000000188,7ad02b7add541c8a54400cf27ec1b09de3aedb4f
36486242752,1,01-devsecops,AUD-08,devsecops-audit,all_tools,true,alvo1,step,SAST - Semgrep (alvo1-juiceshop),Carregar perfil do alvo,2026-09-28T21:28:12Z,2026-09-28T21:28:12Z,0,success,GitHub Actions 1000000188,7ad02b7add541c8a54400cf27ec1b09de3aedb4f
36486242752,1,01-devsecops,AUD-08,devsecops-audit,all_tools,true,alvo1,step,SAST - Semgrep (alvo1-juiceshop),Semgrep scan,2026-09-28T21:28:12Z,2026-09-28T21:29:22Z,70,success,GitHub Actions 1000000188,7ad02b7add541c8a54400cf27ec1b09de3aedb4f
36486242752,1,01-devsecops,AUD-08,devsecops-audit,all_tools,true,alvo1,step,SAST - Semgrep (alvo1-juiceshop),Run actions/upload-artifact@043fb46d1a93c77aae656e7c1c64a875d1fc6a0a,2026-09-28T21:29:22Z,2026-09-28T21:29:23Z,1,success,GitHub Actions 1000000188,7ad02b7add541c8a54400cf27ec1b09de3aedb4f
36486242752,1,01-devsecops,AUD-08,devsecops-audit,all_tools,true,alvo1,step,SAST - Semgrep (alvo1-juiceshop),Post Checkout (com submodulos),2026-09-28T21:29:23Z,2026-09-28T21:29:24Z,1,success,GitHub Actions 1000000188,7ad02b7add541c8a54400cf27ec1b09de3aedb4f
36486242752,1,01-devsecops,AUD-08,devsecops-audit,all_tools,true,alvo1,step,SAST - Semgrep (alvo1-juiceshop),Stop containers,2026-09-28T21:29:24Z,2026-09-28T21:29:24Z,0,success,GitHub Actions 1000000188,7ad02b7add541c8a54400cf27ec1b09de3aedb4f
36486242752,1,01-devsecops,AUD-08,devsecops-audit,all_tools,true,alvo1,step,SAST - Semgrep (alvo1-juiceshop),Complete job,2026-09-28T21:29:24Z,2026-09-28T21:29:24Z,0,success,GitHub Actions 1000000188,7ad02b7add541c8a54400cf27ec1b09de3aedb4f
36486242752,1,01-devsecops,AUD-08,devsecops-audit,all_tools,true,alvo2,job,SAST - Semgrep (alvo2-uptimekuma),,2026-09-28T21:27:48Z,2026-09-28T21:28:47Z,59,success,GitHub Actions 1000000189,7ad02b7add541c8a54400cf27ec1b09de3aedb4f
36486242752,1,01-devsecops,AUD-08,devsecops-audit,all_tools,true,alvo2,step,SAST - Semgrep (alvo2-uptimekuma),Set up job,2026-09-28T21:27:49Z,2026-09-28T21:27:49Z,0,success,GitHub Actions 1000000189,7ad02b7add541c8a54400cf27ec1b09de3aedb4f
36486242752,1,01-devsecops,AUD-08,devsecops-audit,all_tools,true,alvo2,step,SAST - Semgrep (alvo2-uptimekuma),Initialize containers,2026-09-28T21:27:49Z,2026-09-28T21:28:03Z,14,success,GitHub Actions 1000000189,7ad02b7add541c8a54400cf27ec1b09de3aedb4f
36486242752,1,01-devsecops,AUD-08,devsecops-audit,all_tools,true,alvo2,step,SAST - Semgrep (alvo2-uptimekuma),Checkout (com submodulos),2026-09-28T21:28:03Z,2026-09-28T21:28:10Z,7,success,GitHub Actions 1000000189,7ad02b7add541c8a54400cf27ec1b09de3aedb4f
36486242752,1,01-devsecops,AUD-08,devsecops-audit,all_tools,true,alvo2,step,SAST - Semgrep (alvo2-uptimekuma),Carregar perfil do alvo,2026-09-28T21:28:10Z,2026-09-28T21:28:10Z,0,success,GitHub Actions 1000000189,7ad02b7add541c8a54400cf27ec1b09de3aedb4f
36486242752,1,01-devsecops,AUD-08,devsecops-audit,all_tools,true,alvo2,step,SAST - Semgrep (alvo2-uptimekuma),Semgrep scan,2026-09-28T21:28:10Z,2026-09-28T21:28:42Z,32,success,GitHub Actions 1000000189,7ad02b7add541c8a54400cf27ec1b09de3aedb4f
36486242752,1,01-devsecops,AUD-08,devsecops-audit,all_tools,true,alvo2,step,SAST - Semgrep (alvo2-uptimekuma),Run actions/upload-artifact@043fb46d1a93c77aae656e7c1c64a875d1fc6a0a,2026-09-28T21:28:42Z,2026-09-28T21:28:43Z,1,success,GitHub Actions 1000000189,7ad02b7add541c8a54400cf27ec1b09de3aedb4f
36486242752,1,01-devsecops,AUD-08,devsecops-audit,all_tools,true,alvo2,step,SAST - Semgrep (alvo2-uptimekuma),Post Checkout (com submodulos),2026-09-28T21:28:43Z,2026-09-28T21:28:44Z,1,success,GitHub Actions 1000000189,7ad02b7add541c8a54400cf27ec1b09de3aedb4f
36486242752,1,01-devsecops,AUD-08,devsecops-audit,all_tools,true,alvo2,step,SAST - Semgrep (alvo2-uptimekuma),Stop containers,2026-09-28T21:28:44Z,2026-09-28T21:28:44Z,0,success,GitHub Actions 1000000189,7ad02b7add541c8a54400cf27ec1b09de3aedb4f
36486242752,1,01-devsecops,AUD-08,devsecops-audit,all_tools,true,alvo2,step,SAST - Semgrep (alvo2-uptimekuma),Complete job,2026-09-28T21:28:44Z,2026-09-28T21:28:44Z,0,success,GitHub Actions 1000000189,7ad02b7add541c8a54400cf27ec1b09de3aedb4f
36486242752,1,01-devsecops,AUD-08,devsecops-audit,all_tools,true,alvo2,job,Build (alvo2-uptimekuma),,2026-09-28T21:29:29Z,2026-09-28T21:33:17Z,228,success,GitHub Actions 1000000190,7ad02b7add541c8a54400cf27ec1b09de3aedb4f
36486242752,1,01-devsecops,AUD-08,devsecops-audit,all_tools,true,alvo2,step,Build (alvo2-uptimekuma),Set up job,2026-09-28T21:29:29Z,2026-09-28T21:29:30Z,1,success,GitHub Actions 1000000190,7ad02b7add541c8a54400cf27ec1b09de3aedb4f
36486242752,1,01-devsecops,AUD-08,devsecops-audit,all_tools,true,alvo2,step,Build (alvo2-uptimekuma),Checkout (com submodulos),2026-09-28T21:29:30Z,2026-09-28T21:29:37Z,7,success,GitHub Actions 1000000190,7ad02b7add541c8a54400cf27ec1b09de3aedb4f
36486242752,1,01-devsecops,AUD-08,devsecops-audit,all_tools,true,alvo2,step,Build (alvo2-uptimekuma),Carregar perfil do alvo,2026-09-28T21:29:37Z,2026-09-28T21:29:37Z,0,success,GitHub Actions 1000000190,7ad02b7add541c8a54400cf27ec1b09de3aedb4f
36486242752,1,01-devsecops,AUD-08,devsecops-audit,all_tools,true,alvo2,step,Build (alvo2-uptimekuma),Instalar Node.js (quando exigido pelo alvo),2026-09-28T21:29:37Z,2026-09-28T21:29:38Z,1,success,GitHub Actions 1000000190,7ad02b7add541c8a54400cf27ec1b09de3aedb4f
36486242752,1,01-devsecops,AUD-08,devsecops-audit,all_tools,true,alvo2,step,Build (alvo2-uptimekuma),Pre-build da aplicacao (quando exigido pelo alvo),2026-09-28T21:29:38Z,2026-09-28T21:31:31Z,113,success,GitHub Actions 1000000190,7ad02b7add541c8a54400cf27ec1b09de3aedb4f
36486242752,1,01-devsecops,AUD-08,devsecops-audit,all_tools,true,alvo2,step,Build (alvo2-uptimekuma),Build da imagem Docker,2026-09-28T21:31:31Z,2026-09-28T21:32:25Z,54,success,GitHub Actions 1000000190,7ad02b7add541c8a54400cf27ec1b09de3aedb4f
36486242752,1,01-devsecops,AUD-08,devsecops-audit,all_tools,true,alvo2,step,Build (alvo2-uptimekuma),Run actions/upload-artifact@043fb46d1a93c77aae656e7c1c64a875d1fc6a0a,2026-09-28T21:32:25Z,2026-09-28T21:33:14Z,49,success,GitHub Actions 1000000190,7ad02b7add541c8a54400cf27ec1b09de3aedb4f
36486242752,1,01-devsecops,AUD-08,devsecops-audit,all_tools,true,alvo2,step,Build (alvo2-uptimekuma),Post Instalar Node.js (quando exigido pelo alvo),2026-09-28T21:33:14Z,2026-09-28T21:33:14Z,0,success,GitHub Actions 1000000190,7ad02b7add541c8a54400cf27ec1b09de3aedb4f
36486242752,1,01-devsecops,AUD-08,devsecops-audit,all_tools,true,alvo2,step,Build (alvo2-uptimekuma),Post Checkout (com submodulos),2026-09-28T21:33:14Z,2026-09-28T21:33:14Z,0,success,GitHub Actions 1000000190,7ad02b7add541c8a54400cf27ec1b09de3aedb4f
36486242752,1,01-devsecops,AUD-08,devsecops-audit,all_tools,true,alvo2,step,Build (alvo2-uptimekuma),Complete job,2026-09-28T21:33:14Z,2026-09-28T21:33:14Z,0,success,GitHub Actions 1000000190,7ad02b7add541c8a54400cf27ec1b09de3aedb4f
36486242752,1,01-devsecops,AUD-08,devsecops-audit,all_tools,true,alvo1,job,Build (alvo1-juiceshop),,2026-09-28T21:29:28Z,2026-09-28T21:31:59Z,151,success,GitHub Actions 1000000191,7ad02b7add541c8a54400cf27ec1b09de3aedb4f
36486242752,1,01-devsecops,AUD-08,devsecops-audit,all_tools,true,alvo1,step,Build (alvo1-juiceshop),Set up job,2026-09-28T21:29:29Z,2026-09-28T21:29:30Z,1,success,GitHub Actions 1000000191,7ad02b7add541c8a54400cf27ec1b09de3aedb4f
36486242752,1,01-devsecops,AUD-08,devsecops-audit,all_tools,true,alvo1,step,Build (alvo1-juiceshop),Checkout (com submodulos),2026-09-28T21:29:30Z,2026-09-28T21:29:35Z,5,success,GitHub Actions 1000000191,7ad02b7add541c8a54400cf27ec1b09de3aedb4f
36486242752,1,01-devsecops,AUD-08,devsecops-audit,all_tools,true,alvo1,step,Build (alvo1-juiceshop),Carregar perfil do alvo,2026-09-28T21:29:35Z,2026-09-28T21:29:35Z,0,success,GitHub Actions 1000000191,7ad02b7add541c8a54400cf27ec1b09de3aedb4f
36486242752,1,01-devsecops,AUD-08,devsecops-audit,all_tools,true,alvo1,step,Build (alvo1-juiceshop),Instalar Node.js (quando exigido pelo alvo),2026-09-28T21:29:35Z,2026-09-28T21:29:35Z,0,skipped,GitHub Actions 1000000191,7ad02b7add541c8a54400cf27ec1b09de3aedb4f
36486242752,1,01-devsecops,AUD-08,devsecops-audit,all_tools,true,alvo1,step,Build (alvo1-juiceshop),Pre-build da aplicacao (quando exigido pelo alvo),2026-09-28T21:29:35Z,2026-09-28T21:29:35Z,0,skipped,GitHub Actions 1000000191,7ad02b7add541c8a54400cf27ec1b09de3aedb4f
36486242752,1,01-devsecops,AUD-08,devsecops-audit,all_tools,true,alvo1,step,Build (alvo1-juiceshop),Build da imagem Docker,2026-09-28T21:29:35Z,2026-09-28T21:31:47Z,132,success,GitHub Actions 1000000191,7ad02b7add541c8a54400cf27ec1b09de3aedb4f
36486242752,1,01-devsecops,AUD-08,devsecops-audit,all_tools,true,alvo1,step,Build (alvo1-juiceshop),Run actions/upload-artifact@043fb46d1a93c77aae656e7c1c64a875d1fc6a0a,2026-09-28T21:31:47Z,2026-09-28T21:31:57Z,10,success,GitHub Actions 1000000191,7ad02b7add541c8a54400cf27ec1b09de3aedb4f
36486242752,1,01-devsecops,AUD-08,devsecops-audit,all_tools,true,alvo1,step,Build (alvo1-juiceshop),Post Checkout (com submodulos),2026-09-28T21:31:57Z,2026-09-28T21:31:58Z,1,success,GitHub Actions 1000000191,7ad02b7add541c8a54400cf27ec1b09de3aedb4f
36486242752,1,01-devsecops,AUD-08,devsecops-audit,all_tools,true,alvo1,step,Build (alvo1-juiceshop),Complete job,2026-09-28T21:31:58Z,2026-09-28T21:31:58Z,0,success,GitHub Actions 1000000191,7ad02b7add541c8a54400cf27ec1b09de3aedb4f
36486242752,1,01-devsecops,AUD-08,devsecops-audit,all_tools,true,alvo1,job,SCA - Trivy (alvo1-juiceshop),,2026-09-28T21:33:20Z,2026-09-28T21:34:13Z,53,success,GitHub Actions 1000000193,7ad02b7add541c8a54400cf27ec1b09de3aedb4f
36486242752,1,01-devsecops,AUD-08,devsecops-audit,all_tools,true,alvo1,step,SCA - Trivy (alvo1-juiceshop),Set up job,2026-09-28T21:33:21Z,2026-09-28T21:33:23Z,2,success,GitHub Actions 1000000193,7ad02b7add541c8a54400cf27ec1b09de3aedb4f
36486242752,1,01-devsecops,AUD-08,devsecops-audit,all_tools,true,alvo1,step,SCA - Trivy (alvo1-juiceshop),Checkout (com submodulos),2026-09-28T21:33:23Z,2026-09-28T21:33:33Z,10,success,GitHub Actions 1000000193,7ad02b7add541c8a54400cf27ec1b09de3aedb4f
36486242752,1,01-devsecops,AUD-08,devsecops-audit,all_tools,true,alvo1,step,SCA - Trivy (alvo1-juiceshop),Carregar perfil do alvo,2026-09-28T21:33:33Z,2026-09-28T21:33:33Z,0,success,GitHub Actions 1000000193,7ad02b7add541c8a54400cf27ec1b09de3aedb4f
36486242752,1,01-devsecops,AUD-08,devsecops-audit,all_tools,true,alvo1,step,SCA - Trivy (alvo1-juiceshop),Baixar imagem construida,2026-09-28T21:33:33Z,2026-09-28T21:33:36Z,3,success,GitHub Actions 1000000193,7ad02b7add541c8a54400cf27ec1b09de3aedb4f
36486242752,1,01-devsecops,AUD-08,devsecops-audit,all_tools,true,alvo1,step,SCA - Trivy (alvo1-juiceshop),Carregar imagem no Docker,2026-09-28T21:33:36Z,2026-09-28T21:33:51Z,15,success,GitHub Actions 1000000193,7ad02b7add541c8a54400cf27ec1b09de3aedb4f
36486242752,1,01-devsecops,AUD-08,devsecops-audit,all_tools,true,alvo1,step,SCA - Trivy (alvo1-juiceshop),Instalar Trivy,2026-09-28T21:33:51Z,2026-09-28T21:33:53Z,2,success,GitHub Actions 1000000193,7ad02b7add541c8a54400cf27ec1b09de3aedb4f
36486242752,1,01-devsecops,AUD-08,devsecops-audit,all_tools,true,alvo1,step,SCA - Trivy (alvo1-juiceshop),"Trivy: vulnerabilidades da imagem (D9, fonte unica de SCA)",2026-09-28T21:33:53Z,2026-09-28T21:34:07Z,14,success,GitHub Actions 1000000193,7ad02b7add541c8a54400cf27ec1b09de3aedb4f
36486242752,1,01-devsecops,AUD-08,devsecops-audit,all_tools,true,alvo1,step,SCA - Trivy (alvo1-juiceshop),Trivy: segredos no codigo-fonte,2026-09-28T21:34:07Z,2026-09-28T21:34:08Z,1,success,GitHub Actions 1000000193,7ad02b7add541c8a54400cf27ec1b09de3aedb4f
36486242752,1,01-devsecops,AUD-08,devsecops-audit,all_tools,true,alvo1,step,SCA - Trivy (alvo1-juiceshop),Trivy: IaC (Dockerfile),2026-09-28T21:34:08Z,2026-09-28T21:34:09Z,1,success,GitHub Actions 1000000193,7ad02b7add541c8a54400cf27ec1b09de3aedb4f
36486242752,1,01-devsecops,AUD-08,devsecops-audit,all_tools,true,alvo1,step,SCA - Trivy (alvo1-juiceshop),Run actions/upload-artifact@043fb46d1a93c77aae656e7c1c64a875d1fc6a0a,2026-09-28T21:34:09Z,2026-09-28T21:34:10Z,1,success,GitHub Actions 1000000193,7ad02b7add541c8a54400cf27ec1b09de3aedb4f
36486242752,1,01-devsecops,AUD-08,devsecops-audit,all_tools,true,alvo1,step,SCA - Trivy (alvo1-juiceshop),Post Instalar Trivy,2026-09-28T21:34:10Z,2026-09-28T21:34:10Z,0,success,GitHub Actions 1000000193,7ad02b7add541c8a54400cf27ec1b09de3aedb4f
36486242752,1,01-devsecops,AUD-08,devsecops-audit,all_tools,true,alvo1,step,SCA - Trivy (alvo1-juiceshop),Post Checkout (com submodulos),2026-09-28T21:34:10Z,2026-09-28T21:34:11Z,1,success,GitHub Actions 1000000193,7ad02b7add541c8a54400cf27ec1b09de3aedb4f
36486242752,1,01-devsecops,AUD-08,devsecops-audit,all_tools,true,alvo1,step,SCA - Trivy (alvo1-juiceshop),Complete job,2026-09-28T21:34:11Z,2026-09-28T21:34:11Z,0,success,GitHub Actions 1000000193,7ad02b7add541c8a54400cf27ec1b09de3aedb4f
36486242752,1,01-devsecops,AUD-08,devsecops-audit,all_tools,true,alvo2,job,SCA - Trivy (alvo2-uptimekuma),,2026-09-28T21:33:20Z,2026-09-28T21:34:39Z,79,success,GitHub Actions 1000000192,7ad02b7add541c8a54400cf27ec1b09de3aedb4f
36486242752,1,01-devsecops,AUD-08,devsecops-audit,all_tools,true,alvo2,step,SCA - Trivy (alvo2-uptimekuma),Set up job,2026-09-28T21:33:20Z,2026-09-28T21:33:22Z,2,success,GitHub Actions 1000000192,7ad02b7add541c8a54400cf27ec1b09de3aedb4f
36486242752,1,01-devsecops,AUD-08,devsecops-audit,all_tools,true,alvo2,step,SCA - Trivy (alvo2-uptimekuma),Checkout (com submodulos),2026-09-28T21:33:22Z,2026-09-28T21:33:30Z,8,success,GitHub Actions 1000000192,7ad02b7add541c8a54400cf27ec1b09de3aedb4f
36486242752,1,01-devsecops,AUD-08,devsecops-audit,all_tools,true,alvo2,step,SCA - Trivy (alvo2-uptimekuma),Carregar perfil do alvo,2026-09-28T21:33:30Z,2026-09-28T21:33:30Z,0,success,GitHub Actions 1000000192,7ad02b7add541c8a54400cf27ec1b09de3aedb4f
36486242752,1,01-devsecops,AUD-08,devsecops-audit,all_tools,true,alvo2,step,SCA - Trivy (alvo2-uptimekuma),Baixar imagem construida,2026-09-28T21:33:30Z,2026-09-28T21:33:45Z,15,success,GitHub Actions 1000000192,7ad02b7add541c8a54400cf27ec1b09de3aedb4f
36486242752,1,01-devsecops,AUD-08,devsecops-audit,all_tools,true,alvo2,step,SCA - Trivy (alvo2-uptimekuma),Carregar imagem no Docker,2026-09-28T21:33:45Z,2026-09-28T21:34:12Z,27,success,GitHub Actions 1000000192,7ad02b7add541c8a54400cf27ec1b09de3aedb4f
36486242752,1,01-devsecops,AUD-08,devsecops-audit,all_tools,true,alvo2,step,SCA - Trivy (alvo2-uptimekuma),Instalar Trivy,2026-09-28T21:34:12Z,2026-09-28T21:34:14Z,2,success,GitHub Actions 1000000192,7ad02b7add541c8a54400cf27ec1b09de3aedb4f
36486242752,1,01-devsecops,AUD-08,devsecops-audit,all_tools,true,alvo2,step,SCA - Trivy (alvo2-uptimekuma),"Trivy: vulnerabilidades da imagem (D9, fonte unica de SCA)",2026-09-28T21:34:14Z,2026-09-28T21:34:33Z,19,success,GitHub Actions 1000000192,7ad02b7add541c8a54400cf27ec1b09de3aedb4f
36486242752,1,01-devsecops,AUD-08,devsecops-audit,all_tools,true,alvo2,step,SCA - Trivy (alvo2-uptimekuma),Trivy: segredos no codigo-fonte,2026-09-28T21:34:33Z,2026-09-28T21:34:34Z,1,success,GitHub Actions 1000000192,7ad02b7add541c8a54400cf27ec1b09de3aedb4f
36486242752,1,01-devsecops,AUD-08,devsecops-audit,all_tools,true,alvo2,step,SCA - Trivy (alvo2-uptimekuma),Trivy: IaC (Dockerfile),2026-09-28T21:34:34Z,2026-09-28T21:34:36Z,2,success,GitHub Actions 1000000192,7ad02b7add541c8a54400cf27ec1b09de3aedb4f
36486242752,1,01-devsecops,AUD-08,devsecops-audit,all_tools,true,alvo2,step,SCA - Trivy (alvo2-uptimekuma),Run actions/upload-artifact@043fb46d1a93c77aae656e7c1c64a875d1fc6a0a,2026-09-28T21:34:36Z,2026-09-28T21:34:37Z,1,success,GitHub Actions 1000000192,7ad02b7add541c8a54400cf27ec1b09de3aedb4f
36486242752,1,01-devsecops,AUD-08,devsecops-audit,all_tools,true,alvo2,step,SCA - Trivy (alvo2-uptimekuma),Post Instalar Trivy,2026-09-28T21:34:37Z,2026-09-28T21:34:37Z,0,success,GitHub Actions 1000000192,7ad02b7add541c8a54400cf27ec1b09de3aedb4f
36486242752,1,01-devsecops,AUD-08,devsecops-audit,all_tools,true,alvo2,step,SCA - Trivy (alvo2-uptimekuma),Post Checkout (com submodulos),2026-09-28T21:34:37Z,2026-09-28T21:34:38Z,1,success,GitHub Actions 1000000192,7ad02b7add541c8a54400cf27ec1b09de3aedb4f
36486242752,1,01-devsecops,AUD-08,devsecops-audit,all_tools,true,alvo2,step,SCA - Trivy (alvo2-uptimekuma),Complete job,2026-09-28T21:34:38Z,2026-09-28T21:34:38Z,0,success,GitHub Actions 1000000192,7ad02b7add541c8a54400cf27ec1b09de3aedb4f
36486242752,1,01-devsecops,AUD-08,devsecops-audit,all_tools,true,alvo1,job,Quality Gate (alvo1-juiceshop),,2026-09-28T21:34:42Z,2026-09-28T21:34:52Z,10,success,GitHub Actions 1000000195,7ad02b7add541c8a54400cf27ec1b09de3aedb4f
36486242752,1,01-devsecops,AUD-08,devsecops-audit,all_tools,true,alvo1,step,Quality Gate (alvo1-juiceshop),Set up job,2026-09-28T21:34:43Z,2026-09-28T21:34:44Z,1,success,GitHub Actions 1000000195,7ad02b7add541c8a54400cf27ec1b09de3aedb4f
36486242752,1,01-devsecops,AUD-08,devsecops-audit,all_tools,true,alvo1,step,Quality Gate (alvo1-juiceshop),Checkout,2026-09-28T21:34:44Z,2026-09-28T21:34:45Z,1,success,GitHub Actions 1000000195,7ad02b7add541c8a54400cf27ec1b09de3aedb4f
36486242752,1,01-devsecops,AUD-08,devsecops-audit,all_tools,true,alvo1,step,Quality Gate (alvo1-juiceshop),Carregar perfil do alvo,2026-09-28T21:34:45Z,2026-09-28T21:34:45Z,0,success,GitHub Actions 1000000195,7ad02b7add541c8a54400cf27ec1b09de3aedb4f
36486242752,1,01-devsecops,AUD-08,devsecops-audit,all_tools,true,alvo1,step,Quality Gate (alvo1-juiceshop),Baixar achados de SAST,2026-09-28T21:34:45Z,2026-09-28T21:34:45Z,0,success,GitHub Actions 1000000195,7ad02b7add541c8a54400cf27ec1b09de3aedb4f
36486242752,1,01-devsecops,AUD-08,devsecops-audit,all_tools,true,alvo1,step,Quality Gate (alvo1-juiceshop),Baixar achados de SCA,2026-09-28T21:34:45Z,2026-09-28T21:34:46Z,1,success,GitHub Actions 1000000195,7ad02b7add541c8a54400cf27ec1b09de3aedb4f
36486242752,1,01-devsecops,AUD-08,devsecops-audit,all_tools,true,alvo1,step,Quality Gate (alvo1-juiceshop),Instalar dependencias do script,2026-09-28T21:34:46Z,2026-09-28T21:34:49Z,3,success,GitHub Actions 1000000195,7ad02b7add541c8a54400cf27ec1b09de3aedb4f
36486242752,1,01-devsecops,AUD-08,devsecops-audit,all_tools,true,alvo1,step,Quality Gate (alvo1-juiceshop),Avaliar Quality Gate,2026-09-28T21:34:49Z,2026-09-28T21:34:49Z,0,success,GitHub Actions 1000000195,7ad02b7add541c8a54400cf27ec1b09de3aedb4f
36486242752,1,01-devsecops,AUD-08,devsecops-audit,all_tools,true,alvo1,step,Quality Gate (alvo1-juiceshop),Run actions/upload-artifact@043fb46d1a93c77aae656e7c1c64a875d1fc6a0a,2026-09-28T21:34:49Z,2026-09-28T21:34:50Z,1,success,GitHub Actions 1000000195,7ad02b7add541c8a54400cf27ec1b09de3aedb4f
36486242752,1,01-devsecops,AUD-08,devsecops-audit,all_tools,true,alvo1,step,Quality Gate (alvo1-juiceshop),Post Checkout,2026-09-28T21:34:50Z,2026-09-28T21:34:50Z,0,success,GitHub Actions 1000000195,7ad02b7add541c8a54400cf27ec1b09de3aedb4f
36486242752,1,01-devsecops,AUD-08,devsecops-audit,all_tools,true,alvo1,step,Quality Gate (alvo1-juiceshop),Complete job,2026-09-28T21:34:50Z,2026-09-28T21:34:50Z,0,success,GitHub Actions 1000000195,7ad02b7add541c8a54400cf27ec1b09de3aedb4f
36486242752,1,01-devsecops,AUD-08,devsecops-audit,all_tools,true,alvo2,job,Quality Gate (alvo2-uptimekuma),,2026-09-28T21:34:42Z,2026-09-28T21:34:57Z,15,success,GitHub Actions 1000000194,7ad02b7add541c8a54400cf27ec1b09de3aedb4f
36486242752,1,01-devsecops,AUD-08,devsecops-audit,all_tools,true,alvo2,step,Quality Gate (alvo2-uptimekuma),Set up job,2026-09-28T21:34:43Z,2026-09-28T21:34:45Z,2,success,GitHub Actions 1000000194,7ad02b7add541c8a54400cf27ec1b09de3aedb4f
36486242752,1,01-devsecops,AUD-08,devsecops-audit,all_tools,true,alvo2,step,Quality Gate (alvo2-uptimekuma),Checkout,2026-09-28T21:34:45Z,2026-09-28T21:34:47Z,2,success,GitHub Actions 1000000194,7ad02b7add541c8a54400cf27ec1b09de3aedb4f
36486242752,1,01-devsecops,AUD-08,devsecops-audit,all_tools,true,alvo2,step,Quality Gate (alvo2-uptimekuma),Carregar perfil do alvo,2026-09-28T21:34:47Z,2026-09-28T21:34:47Z,0,success,GitHub Actions 1000000194,7ad02b7add541c8a54400cf27ec1b09de3aedb4f
36486242752,1,01-devsecops,AUD-08,devsecops-audit,all_tools,true,alvo2,step,Quality Gate (alvo2-uptimekuma),Baixar achados de SAST,2026-09-28T21:34:47Z,2026-09-28T21:34:48Z,1,success,GitHub Actions 1000000194,7ad02b7add541c8a54400cf27ec1b09de3aedb4f
36486242752,1,01-devsecops,AUD-08,devsecops-audit,all_tools,true,alvo2,step,Quality Gate (alvo2-uptimekuma),Baixar achados de SCA,2026-09-28T21:34:48Z,2026-09-28T21:34:50Z,2,success,GitHub Actions 1000000194,7ad02b7add541c8a54400cf27ec1b09de3aedb4f
36486242752,1,01-devsecops,AUD-08,devsecops-audit,all_tools,true,alvo2,step,Quality Gate (alvo2-uptimekuma),Instalar dependencias do script,2026-09-28T21:34:50Z,2026-09-28T21:34:52Z,2,success,GitHub Actions 1000000194,7ad02b7add541c8a54400cf27ec1b09de3aedb4f
36486242752,1,01-devsecops,AUD-08,devsecops-audit,all_tools,true,alvo2,step,Quality Gate (alvo2-uptimekuma),Avaliar Quality Gate,2026-09-28T21:34:52Z,2026-09-28T21:34:52Z,0,success,GitHub Actions 1000000194,7ad02b7add541c8a54400cf27ec1b09de3aedb4f
36486242752,1,01-devsecops,AUD-08,devsecops-audit,all_tools,true,alvo2,step,Quality Gate (alvo2-uptimekuma),Run actions/upload-artifact@043fb46d1a93c77aae656e7c1c64a875d1fc6a0a,2026-09-28T21:34:52Z,2026-09-28T21:34:54Z,2,success,GitHub Actions 1000000194,7ad02b7add541c8a54400cf27ec1b09de3aedb4f
36486242752,1,01-devsecops,AUD-08,devsecops-audit,all_tools,true,alvo2,step,Quality Gate (alvo2-uptimekuma),Post Checkout,2026-09-28T21:34:54Z,2026-09-28T21:34:54Z,0,success,GitHub Actions 1000000194,7ad02b7add541c8a54400cf27ec1b09de3aedb4f
36486242752,1,01-devsecops,AUD-08,devsecops-audit,all_tools,true,alvo2,step,Quality Gate (alvo2-uptimekuma),Complete job,2026-09-28T21:34:54Z,2026-09-28T21:34:54Z,0,success,GitHub Actions 1000000194,7ad02b7add541c8a54400cf27ec1b09de3aedb4f
36486242752,1,01-devsecops,AUD-08,devsecops-audit,all_tools,true,alvo2,job,Staging + DAST - OWASP ZAP (alvo2-uptimekuma),,2026-09-28T21:34:59Z,2026-09-28T21:39:49Z,290,success,GitHub Actions 1000000196,7ad02b7add541c8a54400cf27ec1b09de3aedb4f
36486242752,1,01-devsecops,AUD-08,devsecops-audit,all_tools,true,alvo2,step,Staging + DAST - OWASP ZAP (alvo2-uptimekuma),Set up job,2026-09-28T21:35:00Z,2026-09-28T21:35:02Z,2,success,GitHub Actions 1000000196,7ad02b7add541c8a54400cf27ec1b09de3aedb4f
36486242752,1,01-devsecops,AUD-08,devsecops-audit,all_tools,true,alvo2,step,Staging + DAST - OWASP ZAP (alvo2-uptimekuma),Checkout,2026-09-28T21:35:02Z,2026-09-28T21:35:04Z,2,success,GitHub Actions 1000000196,7ad02b7add541c8a54400cf27ec1b09de3aedb4f
36486242752,1,01-devsecops,AUD-08,devsecops-audit,all_tools,true,alvo2,step,Staging + DAST - OWASP ZAP (alvo2-uptimekuma),Carregar perfil do alvo,2026-09-28T21:35:04Z,2026-09-28T21:35:04Z,0,success,GitHub Actions 1000000196,7ad02b7add541c8a54400cf27ec1b09de3aedb4f
36486242752,1,01-devsecops,AUD-08,devsecops-audit,all_tools,true,alvo2,step,Staging + DAST - OWASP ZAP (alvo2-uptimekuma),Baixar imagem construida,2026-09-28T21:35:04Z,2026-09-28T21:35:18Z,14,success,GitHub Actions 1000000196,7ad02b7add541c8a54400cf27ec1b09de3aedb4f
36486242752,1,01-devsecops,AUD-08,devsecops-audit,all_tools,true,alvo2,step,Staging + DAST - OWASP ZAP (alvo2-uptimekuma),Carregar imagem no Docker,2026-09-28T21:35:18Z,2026-09-28T21:35:57Z,39,success,GitHub Actions 1000000196,7ad02b7add541c8a54400cf27ec1b09de3aedb4f
36486242752,1,01-devsecops,AUD-08,devsecops-audit,all_tools,true,alvo2,step,Staging + DAST - OWASP ZAP (alvo2-uptimekuma),Staging (subir aplicacao e aguardar health check),2026-09-28T21:35:57Z,2026-09-28T21:35:59Z,2,success,GitHub Actions 1000000196,7ad02b7add541c8a54400cf27ec1b09de3aedb4f
36486242752,1,01-devsecops,AUD-08,devsecops-audit,all_tools,true,alvo2,step,Staging + DAST - OWASP ZAP (alvo2-uptimekuma),Montar opcoes do ZAP,2026-09-28T21:35:59Z,2026-09-28T21:35:59Z,0,success,GitHub Actions 1000000196,7ad02b7add541c8a54400cf27ec1b09de3aedb4f
36486242752,1,01-devsecops,AUD-08,devsecops-audit,all_tools,true,alvo2,step,Staging + DAST - OWASP ZAP (alvo2-uptimekuma),OWASP ZAP: full scan,2026-09-28T21:35:59Z,2026-09-28T21:39:36Z,217,success,GitHub Actions 1000000196,7ad02b7add541c8a54400cf27ec1b09de3aedb4f
36486242752,1,01-devsecops,AUD-08,devsecops-audit,all_tools,true,alvo2,step,Staging + DAST - OWASP ZAP (alvo2-uptimekuma),Verificar que o alvo sobreviveu ao DAST,2026-09-28T21:39:36Z,2026-09-28T21:39:36Z,0,success,GitHub Actions 1000000196,7ad02b7add541c8a54400cf27ec1b09de3aedb4f
36486242752,1,01-devsecops,AUD-08,devsecops-audit,all_tools,true,alvo2,step,Staging + DAST - OWASP ZAP (alvo2-uptimekuma),Verificar que o ZAP produziu relatorio,2026-09-28T21:39:36Z,2026-09-28T21:39:36Z,0,success,GitHub Actions 1000000196,7ad02b7add541c8a54400cf27ec1b09de3aedb4f
36486242752,1,01-devsecops,AUD-08,devsecops-audit,all_tools,true,alvo2,step,Staging + DAST - OWASP ZAP (alvo2-uptimekuma),Logs da aplicacao,2026-09-28T21:39:36Z,2026-09-28T21:39:36Z,0,success,GitHub Actions 1000000196,7ad02b7add541c8a54400cf27ec1b09de3aedb4f
36486242752,1,01-devsecops,AUD-08,devsecops-audit,all_tools,true,alvo2,step,Staging + DAST - OWASP ZAP (alvo2-uptimekuma),Encerrar container,2026-09-28T21:39:36Z,2026-09-28T21:39:36Z,0,success,GitHub Actions 1000000196,7ad02b7add541c8a54400cf27ec1b09de3aedb4f
36486242752,1,01-devsecops,AUD-08,devsecops-audit,all_tools,true,alvo2,step,Staging + DAST - OWASP ZAP (alvo2-uptimekuma),Run actions/upload-artifact@043fb46d1a93c77aae656e7c1c64a875d1fc6a0a,2026-09-28T21:39:36Z,2026-09-28T21:39:37Z,1,success,GitHub Actions 1000000196,7ad02b7add541c8a54400cf27ec1b09de3aedb4f
36486242752,1,01-devsecops,AUD-08,devsecops-audit,all_tools,true,alvo2,step,Staging + DAST - OWASP ZAP (alvo2-uptimekuma),Baixar achados de SAST e SCA (gate pos-DAST),2026-09-28T21:39:37Z,2026-09-28T21:39:38Z,1,success,GitHub Actions 1000000196,7ad02b7add541c8a54400cf27ec1b09de3aedb4f
36486242752,1,01-devsecops,AUD-08,devsecops-audit,all_tools,true,alvo2,step,Staging + DAST - OWASP ZAP (alvo2-uptimekuma),Quality Gate pos-DAST (escopo all_tools),2026-09-28T21:39:38Z,2026-09-28T21:39:46Z,8,success,GitHub Actions 1000000196,7ad02b7add541c8a54400cf27ec1b09de3aedb4f
36486242752,1,01-devsecops,AUD-08,devsecops-audit,all_tools,true,alvo2,step,Staging + DAST - OWASP ZAP (alvo2-uptimekuma),Run actions/upload-artifact@043fb46d1a93c77aae656e7c1c64a875d1fc6a0a,2026-09-28T21:39:46Z,2026-09-28T21:39:47Z,1,success,GitHub Actions 1000000196,7ad02b7add541c8a54400cf27ec1b09de3aedb4f
36486242752,1,01-devsecops,AUD-08,devsecops-audit,all_tools,true,alvo2,step,Staging + DAST - OWASP ZAP (alvo2-uptimekuma),Post Checkout,2026-09-28T21:39:47Z,2026-09-28T21:39:47Z,0,success,GitHub Actions 1000000196,7ad02b7add541c8a54400cf27ec1b09de3aedb4f
36486242752,1,01-devsecops,AUD-08,devsecops-audit,all_tools,true,alvo2,step,Staging + DAST - OWASP ZAP (alvo2-uptimekuma),Complete job,2026-09-28T21:39:47Z,2026-09-28T21:39:47Z,0,success,GitHub Actions 1000000196,7ad02b7add541c8a54400cf27ec1b09de3aedb4f
36486242752,1,01-devsecops,AUD-08,devsecops-audit,all_tools,true,alvo1,job,Staging + DAST - OWASP ZAP (alvo1-juiceshop),,2026-09-28T21:34:59Z,2026-09-28T22:28:01Z,3182,success,GitHub Actions 1000000197,7ad02b7add541c8a54400cf27ec1b09de3aedb4f
36486242752,1,01-devsecops,AUD-08,devsecops-audit,all_tools,true,alvo1,step,Staging + DAST - OWASP ZAP (alvo1-juiceshop),Set up job,2026-09-28T21:35:00Z,2026-09-28T21:35:00Z,0,success,GitHub Actions 1000000197,7ad02b7add541c8a54400cf27ec1b09de3aedb4f
36486242752,1,01-devsecops,AUD-08,devsecops-audit,all_tools,true,alvo1,step,Staging + DAST - OWASP ZAP (alvo1-juiceshop),Checkout,2026-09-28T21:35:01Z,2026-09-28T21:35:01Z,0,success,GitHub Actions 1000000197,7ad02b7add541c8a54400cf27ec1b09de3aedb4f
36486242752,1,01-devsecops,AUD-08,devsecops-audit,all_tools,true,alvo1,step,Staging + DAST - OWASP ZAP (alvo1-juiceshop),Carregar perfil do alvo,2026-09-28T21:35:01Z,2026-09-28T21:35:02Z,1,success,GitHub Actions 1000000197,7ad02b7add541c8a54400cf27ec1b09de3aedb4f
36486242752,1,01-devsecops,AUD-08,devsecops-audit,all_tools,true,alvo1,step,Staging + DAST - OWASP ZAP (alvo1-juiceshop),Baixar imagem construida,2026-09-28T21:35:02Z,2026-09-28T21:35:05Z,3,success,GitHub Actions 1000000197,7ad02b7add541c8a54400cf27ec1b09de3aedb4f
36486242752,1,01-devsecops,AUD-08,devsecops-audit,all_tools,true,alvo1,step,Staging + DAST - OWASP ZAP (alvo1-juiceshop),Carregar imagem no Docker,2026-09-28T21:35:05Z,2026-09-28T21:35:15Z,10,success,GitHub Actions 1000000197,7ad02b7add541c8a54400cf27ec1b09de3aedb4f
36486242752,1,01-devsecops,AUD-08,devsecops-audit,all_tools,true,alvo1,step,Staging + DAST - OWASP ZAP (alvo1-juiceshop),Staging (subir aplicacao e aguardar health check),2026-09-28T21:35:15Z,2026-09-28T21:35:18Z,3,success,GitHub Actions 1000000197,7ad02b7add541c8a54400cf27ec1b09de3aedb4f
36486242752,1,01-devsecops,AUD-08,devsecops-audit,all_tools,true,alvo1,step,Staging + DAST - OWASP ZAP (alvo1-juiceshop),Montar opcoes do ZAP,2026-09-28T21:35:18Z,2026-09-28T21:35:18Z,0,success,GitHub Actions 1000000197,7ad02b7add541c8a54400cf27ec1b09de3aedb4f
36486242752,1,01-devsecops,AUD-08,devsecops-audit,all_tools,true,alvo1,step,Staging + DAST - OWASP ZAP (alvo1-juiceshop),OWASP ZAP: full scan,2026-09-28T21:35:18Z,2026-09-28T22:27:54Z,3156,success,GitHub Actions 1000000197,7ad02b7add541c8a54400cf27ec1b09de3aedb4f
36486242752,1,01-devsecops,AUD-08,devsecops-audit,all_tools,true,alvo1,step,Staging + DAST - OWASP ZAP (alvo1-juiceshop),Verificar que o alvo sobreviveu ao DAST,2026-09-28T22:27:54Z,2026-09-28T22:27:54Z,0,success,GitHub Actions 1000000197,7ad02b7add541c8a54400cf27ec1b09de3aedb4f
36486242752,1,01-devsecops,AUD-08,devsecops-audit,all_tools,true,alvo1,step,Staging + DAST - OWASP ZAP (alvo1-juiceshop),Verificar que o ZAP produziu relatorio,2026-09-28T22:27:54Z,2026-09-28T22:27:54Z,0,success,GitHub Actions 1000000197,7ad02b7add541c8a54400cf27ec1b09de3aedb4f
36486242752,1,01-devsecops,AUD-08,devsecops-audit,all_tools,true,alvo1,step,Staging + DAST - OWASP ZAP (alvo1-juiceshop),Logs da aplicacao,2026-09-28T22:27:54Z,2026-09-28T22:27:55Z,1,success,GitHub Actions 1000000197,7ad02b7add541c8a54400cf27ec1b09de3aedb4f
36486242752,1,01-devsecops,AUD-08,devsecops-audit,all_tools,true,alvo1,step,Staging + DAST - OWASP ZAP (alvo1-juiceshop),Encerrar container,2026-09-28T22:27:55Z,2026-09-28T22:27:55Z,0,success,GitHub Actions 1000000197,7ad02b7add541c8a54400cf27ec1b09de3aedb4f
36486242752,1,01-devsecops,AUD-08,devsecops-audit,all_tools,true,alvo1,step,Staging + DAST - OWASP ZAP (alvo1-juiceshop),Run actions/upload-artifact@043fb46d1a93c77aae656e7c1c64a875d1fc6a0a,2026-09-28T22:27:55Z,2026-09-28T22:27:56Z,1,success,GitHub Actions 1000000197,7ad02b7add541c8a54400cf27ec1b09de3aedb4f
36486242752,1,01-devsecops,AUD-08,devsecops-audit,all_tools,true,alvo1,step,Staging + DAST - OWASP ZAP (alvo1-juiceshop),Baixar achados de SAST e SCA (gate pos-DAST),2026-09-28T22:27:56Z,2026-09-28T22:27:57Z,1,success,GitHub Actions 1000000197,7ad02b7add541c8a54400cf27ec1b09de3aedb4f
36486242752,1,01-devsecops,AUD-08,devsecops-audit,all_tools,true,alvo1,step,Staging + DAST - OWASP ZAP (alvo1-juiceshop),Quality Gate pos-DAST (escopo all_tools),2026-09-28T22:27:57Z,2026-09-28T22:27:59Z,2,success,GitHub Actions 1000000197,7ad02b7add541c8a54400cf27ec1b09de3aedb4f
36486242752,1,01-devsecops,AUD-08,devsecops-audit,all_tools,true,alvo1,step,Staging + DAST - OWASP ZAP (alvo1-juiceshop),Run actions/upload-artifact@043fb46d1a93c77aae656e7c1c64a875d1fc6a0a,2026-09-28T22:27:59Z,2026-09-28T22:28:00Z,1,success,GitHub Actions 1000000197,7ad02b7add541c8a54400cf27ec1b09de3aedb4f
36486242752,1,01-devsecops,AUD-08,devsecops-audit,all_tools,true,alvo1,step,Staging + DAST - OWASP ZAP (alvo1-juiceshop),Post Checkout,2026-09-28T22:28:00Z,2026-09-28T22:28:00Z,0,success,GitHub Actions 1000000197,7ad02b7add541c8a54400cf27ec1b09de3aedb4f
36486242752,1,01-devsecops,AUD-08,devsecops-audit,all_tools,true,alvo1,step,Staging + DAST - OWASP ZAP (alvo1-juiceshop),Complete job,2026-09-28T22:28:00Z,2026-09-28T22:28:00Z,0,success,GitHub Actions 1000000197,7ad02b7add541c8a54400cf27ec1b09de3aedb4f
36490328884,1,01-devsecops,ENF-04,devsecops-enforce,sca_only,true,alvo1,job,SAST - Semgrep (alvo1-juiceshop),,2026-09-28T22:06:01Z,2026-09-28T22:07:39Z,98,success,GitHub Actions 1000000198,7ad02b7add541c8a54400cf27ec1b09de3aedb4f
36490328884,1,01-devsecops,ENF-04,devsecops-enforce,sca_only,true,alvo1,step,SAST - Semgrep (alvo1-juiceshop),Set up job,2026-09-28T22:06:02Z,2026-09-28T22:06:03Z,1,success,GitHub Actions 1000000198,7ad02b7add541c8a54400cf27ec1b09de3aedb4f
36490328884,1,01-devsecops,ENF-04,devsecops-enforce,sca_only,true,alvo1,step,SAST - Semgrep (alvo1-juiceshop),Initialize containers,2026-09-28T22:06:03Z,2026-09-28T22:06:17Z,14,success,GitHub Actions 1000000198,7ad02b7add541c8a54400cf27ec1b09de3aedb4f
36490328884,1,01-devsecops,ENF-04,devsecops-enforce,sca_only,true,alvo1,step,SAST - Semgrep (alvo1-juiceshop),Checkout (com submodulos),2026-09-28T22:06:17Z,2026-09-28T22:06:25Z,8,success,GitHub Actions 1000000198,7ad02b7add541c8a54400cf27ec1b09de3aedb4f
36490328884,1,01-devsecops,ENF-04,devsecops-enforce,sca_only,true,alvo1,step,SAST - Semgrep (alvo1-juiceshop),Carregar perfil do alvo,2026-09-28T22:06:25Z,2026-09-28T22:06:25Z,0,success,GitHub Actions 1000000198,7ad02b7add541c8a54400cf27ec1b09de3aedb4f
36490328884,1,01-devsecops,ENF-04,devsecops-enforce,sca_only,true,alvo1,step,SAST - Semgrep (alvo1-juiceshop),Semgrep scan,2026-09-28T22:06:25Z,2026-09-28T22:07:36Z,71,success,GitHub Actions 1000000198,7ad02b7add541c8a54400cf27ec1b09de3aedb4f
36490328884,1,01-devsecops,ENF-04,devsecops-enforce,sca_only,true,alvo1,step,SAST - Semgrep (alvo1-juiceshop),Run actions/upload-artifact@043fb46d1a93c77aae656e7c1c64a875d1fc6a0a,2026-09-28T22:07:36Z,2026-09-28T22:07:37Z,1,success,GitHub Actions 1000000198,7ad02b7add541c8a54400cf27ec1b09de3aedb4f
36490328884,1,01-devsecops,ENF-04,devsecops-enforce,sca_only,true,alvo1,step,SAST - Semgrep (alvo1-juiceshop),Post Checkout (com submodulos),2026-09-28T22:07:37Z,2026-09-28T22:07:37Z,0,success,GitHub Actions 1000000198,7ad02b7add541c8a54400cf27ec1b09de3aedb4f
36490328884,1,01-devsecops,ENF-04,devsecops-enforce,sca_only,true,alvo1,step,SAST - Semgrep (alvo1-juiceshop),Stop containers,2026-09-28T22:07:37Z,2026-09-28T22:07:37Z,0,success,GitHub Actions 1000000198,7ad02b7add541c8a54400cf27ec1b09de3aedb4f
36490328884,1,01-devsecops,ENF-04,devsecops-enforce,sca_only,true,alvo1,step,SAST - Semgrep (alvo1-juiceshop),Complete job,2026-09-28T22:07:37Z,2026-09-28T22:07:38Z,1,success,GitHub Actions 1000000198,7ad02b7add541c8a54400cf27ec1b09de3aedb4f
36490328884,1,01-devsecops,ENF-04,devsecops-enforce,sca_only,true,alvo2,job,SAST - Semgrep (alvo2-uptimekuma),,2026-09-28T22:06:01Z,2026-09-28T22:06:56Z,55,success,GitHub Actions 1000000199,7ad02b7add541c8a54400cf27ec1b09de3aedb4f
36490328884,1,01-devsecops,ENF-04,devsecops-enforce,sca_only,true,alvo2,step,SAST - Semgrep (alvo2-uptimekuma),Set up job,2026-09-28T22:06:02Z,2026-09-28T22:06:02Z,0,success,GitHub Actions 1000000199,7ad02b7add541c8a54400cf27ec1b09de3aedb4f
36490328884,1,01-devsecops,ENF-04,devsecops-enforce,sca_only,true,alvo2,step,SAST - Semgrep (alvo2-uptimekuma),Initialize containers,2026-09-28T22:06:02Z,2026-09-28T22:06:13Z,11,success,GitHub Actions 1000000199,7ad02b7add541c8a54400cf27ec1b09de3aedb4f
36490328884,1,01-devsecops,ENF-04,devsecops-enforce,sca_only,true,alvo2,step,SAST - Semgrep (alvo2-uptimekuma),Checkout (com submodulos),2026-09-28T22:06:13Z,2026-09-28T22:06:19Z,6,success,GitHub Actions 1000000199,7ad02b7add541c8a54400cf27ec1b09de3aedb4f
36490328884,1,01-devsecops,ENF-04,devsecops-enforce,sca_only,true,alvo2,step,SAST - Semgrep (alvo2-uptimekuma),Carregar perfil do alvo,2026-09-28T22:06:19Z,2026-09-28T22:06:19Z,0,success,GitHub Actions 1000000199,7ad02b7add541c8a54400cf27ec1b09de3aedb4f
36490328884,1,01-devsecops,ENF-04,devsecops-enforce,sca_only,true,alvo2,step,SAST - Semgrep (alvo2-uptimekuma),Semgrep scan,2026-09-28T22:06:19Z,2026-09-28T22:06:53Z,34,success,GitHub Actions 1000000199,7ad02b7add541c8a54400cf27ec1b09de3aedb4f
36490328884,1,01-devsecops,ENF-04,devsecops-enforce,sca_only,true,alvo2,step,SAST - Semgrep (alvo2-uptimekuma),Run actions/upload-artifact@043fb46d1a93c77aae656e7c1c64a875d1fc6a0a,2026-09-28T22:06:53Z,2026-09-28T22:06:53Z,0,success,GitHub Actions 1000000199,7ad02b7add541c8a54400cf27ec1b09de3aedb4f
36490328884,1,01-devsecops,ENF-04,devsecops-enforce,sca_only,true,alvo2,step,SAST - Semgrep (alvo2-uptimekuma),Post Checkout (com submodulos),2026-09-28T22:06:53Z,2026-09-28T22:06:54Z,1,success,GitHub Actions 1000000199,7ad02b7add541c8a54400cf27ec1b09de3aedb4f
36490328884,1,01-devsecops,ENF-04,devsecops-enforce,sca_only,true,alvo2,step,SAST - Semgrep (alvo2-uptimekuma),Stop containers,2026-09-28T22:06:54Z,2026-09-28T22:06:54Z,0,success,GitHub Actions 1000000199,7ad02b7add541c8a54400cf27ec1b09de3aedb4f
36490328884,1,01-devsecops,ENF-04,devsecops-enforce,sca_only,true,alvo2,step,SAST - Semgrep (alvo2-uptimekuma),Complete job,2026-09-28T22:06:54Z,2026-09-28T22:06:54Z,0,success,GitHub Actions 1000000199,7ad02b7add541c8a54400cf27ec1b09de3aedb4f
36490328884,1,01-devsecops,ENF-04,devsecops-enforce,sca_only,true,alvo1,job,Build (alvo1-juiceshop),,2026-09-28T22:08:17Z,2026-09-28T22:10:48Z,151,success,GitHub Actions 1000000200,7ad02b7add541c8a54400cf27ec1b09de3aedb4f
36490328884,1,01-devsecops,ENF-04,devsecops-enforce,sca_only,true,alvo1,step,Build (alvo1-juiceshop),Set up job,2026-09-28T22:08:17Z,2026-09-28T22:08:18Z,1,success,GitHub Actions 1000000200,7ad02b7add541c8a54400cf27ec1b09de3aedb4f
36490328884,1,01-devsecops,ENF-04,devsecops-enforce,sca_only,true,alvo1,step,Build (alvo1-juiceshop),Checkout (com submodulos),2026-09-28T22:08:18Z,2026-09-28T22:08:24Z,6,success,GitHub Actions 1000000200,7ad02b7add541c8a54400cf27ec1b09de3aedb4f
36490328884,1,01-devsecops,ENF-04,devsecops-enforce,sca_only,true,alvo1,step,Build (alvo1-juiceshop),Carregar perfil do alvo,2026-09-28T22:08:24Z,2026-09-28T22:08:24Z,0,success,GitHub Actions 1000000200,7ad02b7add541c8a54400cf27ec1b09de3aedb4f
36490328884,1,01-devsecops,ENF-04,devsecops-enforce,sca_only,true,alvo1,step,Build (alvo1-juiceshop),Instalar Node.js (quando exigido pelo alvo),2026-09-28T22:08:24Z,2026-09-28T22:08:24Z,0,skipped,GitHub Actions 1000000200,7ad02b7add541c8a54400cf27ec1b09de3aedb4f
36490328884,1,01-devsecops,ENF-04,devsecops-enforce,sca_only,true,alvo1,step,Build (alvo1-juiceshop),Pre-build da aplicacao (quando exigido pelo alvo),2026-09-28T22:08:24Z,2026-09-28T22:08:24Z,0,skipped,GitHub Actions 1000000200,7ad02b7add541c8a54400cf27ec1b09de3aedb4f
36490328884,1,01-devsecops,ENF-04,devsecops-enforce,sca_only,true,alvo1,step,Build (alvo1-juiceshop),Build da imagem Docker,2026-09-28T22:08:24Z,2026-09-28T22:10:37Z,133,success,GitHub Actions 1000000200,7ad02b7add541c8a54400cf27ec1b09de3aedb4f
36490328884,1,01-devsecops,ENF-04,devsecops-enforce,sca_only,true,alvo1,step,Build (alvo1-juiceshop),Run actions/upload-artifact@043fb46d1a93c77aae656e7c1c64a875d1fc6a0a,2026-09-28T22:10:37Z,2026-09-28T22:10:47Z,10,success,GitHub Actions 1000000200,7ad02b7add541c8a54400cf27ec1b09de3aedb4f
36490328884,1,01-devsecops,ENF-04,devsecops-enforce,sca_only,true,alvo1,step,Build (alvo1-juiceshop),Post Checkout (com submodulos),2026-09-28T22:10:47Z,2026-09-28T22:10:47Z,0,success,GitHub Actions 1000000200,7ad02b7add541c8a54400cf27ec1b09de3aedb4f
36490328884,1,01-devsecops,ENF-04,devsecops-enforce,sca_only,true,alvo1,step,Build (alvo1-juiceshop),Complete job,2026-09-28T22:10:47Z,2026-09-28T22:10:47Z,0,success,GitHub Actions 1000000200,7ad02b7add541c8a54400cf27ec1b09de3aedb4f
36490328884,1,01-devsecops,ENF-04,devsecops-enforce,sca_only,true,alvo2,job,Build (alvo2-uptimekuma),,2026-09-28T22:07:41Z,2026-09-28T22:11:15Z,214,success,GitHub Actions 1000000201,7ad02b7add541c8a54400cf27ec1b09de3aedb4f
36490328884,1,01-devsecops,ENF-04,devsecops-enforce,sca_only,true,alvo2,step,Build (alvo2-uptimekuma),Set up job,2026-09-28T22:07:42Z,2026-09-28T22:07:43Z,1,success,GitHub Actions 1000000201,7ad02b7add541c8a54400cf27ec1b09de3aedb4f
36490328884,1,01-devsecops,ENF-04,devsecops-enforce,sca_only,true,alvo2,step,Build (alvo2-uptimekuma),Checkout (com submodulos),2026-09-28T22:07:43Z,2026-09-28T22:07:48Z,5,success,GitHub Actions 1000000201,7ad02b7add541c8a54400cf27ec1b09de3aedb4f
36490328884,1,01-devsecops,ENF-04,devsecops-enforce,sca_only,true,alvo2,step,Build (alvo2-uptimekuma),Carregar perfil do alvo,2026-09-28T22:07:48Z,2026-09-28T22:07:48Z,0,success,GitHub Actions 1000000201,7ad02b7add541c8a54400cf27ec1b09de3aedb4f
36490328884,1,01-devsecops,ENF-04,devsecops-enforce,sca_only,true,alvo2,step,Build (alvo2-uptimekuma),Instalar Node.js (quando exigido pelo alvo),2026-09-28T22:07:48Z,2026-09-28T22:07:48Z,0,success,GitHub Actions 1000000201,7ad02b7add541c8a54400cf27ec1b09de3aedb4f
36490328884,1,01-devsecops,ENF-04,devsecops-enforce,sca_only,true,alvo2,step,Build (alvo2-uptimekuma),Pre-build da aplicacao (quando exigido pelo alvo),2026-09-28T22:07:48Z,2026-09-28T22:09:32Z,104,success,GitHub Actions 1000000201,7ad02b7add541c8a54400cf27ec1b09de3aedb4f
36490328884,1,01-devsecops,ENF-04,devsecops-enforce,sca_only,true,alvo2,step,Build (alvo2-uptimekuma),Build da imagem Docker,2026-09-28T22:09:32Z,2026-09-28T22:10:29Z,57,success,GitHub Actions 1000000201,7ad02b7add541c8a54400cf27ec1b09de3aedb4f
36490328884,1,01-devsecops,ENF-04,devsecops-enforce,sca_only,true,alvo2,step,Build (alvo2-uptimekuma),Run actions/upload-artifact@043fb46d1a93c77aae656e7c1c64a875d1fc6a0a,2026-09-28T22:10:29Z,2026-09-28T22:11:14Z,45,success,GitHub Actions 1000000201,7ad02b7add541c8a54400cf27ec1b09de3aedb4f
36490328884,1,01-devsecops,ENF-04,devsecops-enforce,sca_only,true,alvo2,step,Build (alvo2-uptimekuma),Post Instalar Node.js (quando exigido pelo alvo),2026-09-28T22:11:14Z,2026-09-28T22:11:14Z,0,success,GitHub Actions 1000000201,7ad02b7add541c8a54400cf27ec1b09de3aedb4f
36490328884,1,01-devsecops,ENF-04,devsecops-enforce,sca_only,true,alvo2,step,Build (alvo2-uptimekuma),Post Checkout (com submodulos),2026-09-28T22:11:14Z,2026-09-28T22:11:14Z,0,success,GitHub Actions 1000000201,7ad02b7add541c8a54400cf27ec1b09de3aedb4f
36490328884,1,01-devsecops,ENF-04,devsecops-enforce,sca_only,true,alvo2,step,Build (alvo2-uptimekuma),Complete job,2026-09-28T22:11:14Z,2026-09-28T22:11:14Z,0,success,GitHub Actions 1000000201,7ad02b7add541c8a54400cf27ec1b09de3aedb4f
36490328884,1,01-devsecops,ENF-04,devsecops-enforce,sca_only,true,alvo1,job,SCA - Trivy (alvo1-juiceshop),,2026-09-28T22:11:18Z,2026-09-28T22:12:10Z,52,success,GitHub Actions 1000000205,7ad02b7add541c8a54400cf27ec1b09de3aedb4f
36490328884,1,01-devsecops,ENF-04,devsecops-enforce,sca_only,true,alvo1,step,SCA - Trivy (alvo1-juiceshop),Set up job,2026-09-28T22:11:19Z,2026-09-28T22:11:21Z,2,success,GitHub Actions 1000000205,7ad02b7add541c8a54400cf27ec1b09de3aedb4f
36490328884,1,01-devsecops,ENF-04,devsecops-enforce,sca_only,true,alvo1,step,SCA - Trivy (alvo1-juiceshop),Checkout (com submodulos),2026-09-28T22:11:21Z,2026-09-28T22:11:28Z,7,success,GitHub Actions 1000000205,7ad02b7add541c8a54400cf27ec1b09de3aedb4f
36490328884,1,01-devsecops,ENF-04,devsecops-enforce,sca_only,true,alvo1,step,SCA - Trivy (alvo1-juiceshop),Carregar perfil do alvo,2026-09-28T22:11:28Z,2026-09-28T22:11:28Z,0,success,GitHub Actions 1000000205,7ad02b7add541c8a54400cf27ec1b09de3aedb4f
36490328884,1,01-devsecops,ENF-04,devsecops-enforce,sca_only,true,alvo1,step,SCA - Trivy (alvo1-juiceshop),Baixar imagem construida,2026-09-28T22:11:28Z,2026-09-28T22:11:32Z,4,success,GitHub Actions 1000000205,7ad02b7add541c8a54400cf27ec1b09de3aedb4f
36490328884,1,01-devsecops,ENF-04,devsecops-enforce,sca_only,true,alvo1,step,SCA - Trivy (alvo1-juiceshop),Carregar imagem no Docker,2026-09-28T22:11:32Z,2026-09-28T22:11:48Z,16,success,GitHub Actions 1000000205,7ad02b7add541c8a54400cf27ec1b09de3aedb4f
36490328884,1,01-devsecops,ENF-04,devsecops-enforce,sca_only,true,alvo1,step,SCA - Trivy (alvo1-juiceshop),Instalar Trivy,2026-09-28T22:11:48Z,2026-09-28T22:11:50Z,2,success,GitHub Actions 1000000205,7ad02b7add541c8a54400cf27ec1b09de3aedb4f
36490328884,1,01-devsecops,ENF-04,devsecops-enforce,sca_only,true,alvo1,step,SCA - Trivy (alvo1-juiceshop),"Trivy: vulnerabilidades da imagem (D9, fonte unica de SCA)",2026-09-28T22:11:50Z,2026-09-28T22:12:04Z,14,success,GitHub Actions 1000000205,7ad02b7add541c8a54400cf27ec1b09de3aedb4f
36490328884,1,01-devsecops,ENF-04,devsecops-enforce,sca_only,true,alvo1,step,SCA - Trivy (alvo1-juiceshop),Trivy: segredos no codigo-fonte,2026-09-28T22:12:04Z,2026-09-28T22:12:05Z,1,success,GitHub Actions 1000000205,7ad02b7add541c8a54400cf27ec1b09de3aedb4f
36490328884,1,01-devsecops,ENF-04,devsecops-enforce,sca_only,true,alvo1,step,SCA - Trivy (alvo1-juiceshop),Trivy: IaC (Dockerfile),2026-09-28T22:12:05Z,2026-09-28T22:12:06Z,1,success,GitHub Actions 1000000205,7ad02b7add541c8a54400cf27ec1b09de3aedb4f
36490328884,1,01-devsecops,ENF-04,devsecops-enforce,sca_only,true,alvo1,step,SCA - Trivy (alvo1-juiceshop),Run actions/upload-artifact@043fb46d1a93c77aae656e7c1c64a875d1fc6a0a,2026-09-28T22:12:06Z,2026-09-28T22:12:07Z,1,success,GitHub Actions 1000000205,7ad02b7add541c8a54400cf27ec1b09de3aedb4f
36490328884,1,01-devsecops,ENF-04,devsecops-enforce,sca_only,true,alvo1,step,SCA - Trivy (alvo1-juiceshop),Post Instalar Trivy,2026-09-28T22:12:07Z,2026-09-28T22:12:07Z,0,success,GitHub Actions 1000000205,7ad02b7add541c8a54400cf27ec1b09de3aedb4f
36490328884,1,01-devsecops,ENF-04,devsecops-enforce,sca_only,true,alvo1,step,SCA - Trivy (alvo1-juiceshop),Post Checkout (com submodulos),2026-09-28T22:12:07Z,2026-09-28T22:12:08Z,1,success,GitHub Actions 1000000205,7ad02b7add541c8a54400cf27ec1b09de3aedb4f
36490328884,1,01-devsecops,ENF-04,devsecops-enforce,sca_only,true,alvo1,step,SCA - Trivy (alvo1-juiceshop),Complete job,2026-09-28T22:12:08Z,2026-09-28T22:12:08Z,0,success,GitHub Actions 1000000205,7ad02b7add541c8a54400cf27ec1b09de3aedb4f
36490328884,1,01-devsecops,ENF-04,devsecops-enforce,sca_only,true,alvo2,job,SCA - Trivy (alvo2-uptimekuma),,2026-09-28T22:11:19Z,2026-09-28T22:12:58Z,99,success,GitHub Actions 1000000204,7ad02b7add541c8a54400cf27ec1b09de3aedb4f
36490328884,1,01-devsecops,ENF-04,devsecops-enforce,sca_only,true,alvo2,step,SCA - Trivy (alvo2-uptimekuma),Set up job,2026-09-28T22:11:20Z,2026-09-28T22:11:22Z,2,success,GitHub Actions 1000000204,7ad02b7add541c8a54400cf27ec1b09de3aedb4f
36490328884,1,01-devsecops,ENF-04,devsecops-enforce,sca_only,true,alvo2,step,SCA - Trivy (alvo2-uptimekuma),Checkout (com submodulos),2026-09-28T22:11:22Z,2026-09-28T22:11:30Z,8,success,GitHub Actions 1000000204,7ad02b7add541c8a54400cf27ec1b09de3aedb4f
36490328884,1,01-devsecops,ENF-04,devsecops-enforce,sca_only,true,alvo2,step,SCA - Trivy (alvo2-uptimekuma),Carregar perfil do alvo,2026-09-28T22:11:30Z,2026-09-28T22:11:31Z,1,success,GitHub Actions 1000000204,7ad02b7add541c8a54400cf27ec1b09de3aedb4f
36490328884,1,01-devsecops,ENF-04,devsecops-enforce,sca_only,true,alvo2,step,SCA - Trivy (alvo2-uptimekuma),Baixar imagem construida,2026-09-28T22:11:31Z,2026-09-28T22:12:01Z,30,success,GitHub Actions 1000000204,7ad02b7add541c8a54400cf27ec1b09de3aedb4f
36490328884,1,01-devsecops,ENF-04,devsecops-enforce,sca_only,true,alvo2,step,SCA - Trivy (alvo2-uptimekuma),Carregar imagem no Docker,2026-09-28T22:12:01Z,2026-09-28T22:12:27Z,26,success,GitHub Actions 1000000204,7ad02b7add541c8a54400cf27ec1b09de3aedb4f
36490328884,1,01-devsecops,ENF-04,devsecops-enforce,sca_only,true,alvo2,step,SCA - Trivy (alvo2-uptimekuma),Instalar Trivy,2026-09-28T22:12:27Z,2026-09-28T22:12:29Z,2,success,GitHub Actions 1000000204,7ad02b7add541c8a54400cf27ec1b09de3aedb4f
36490328884,1,01-devsecops,ENF-04,devsecops-enforce,sca_only,true,alvo2,step,SCA - Trivy (alvo2-uptimekuma),"Trivy: vulnerabilidades da imagem (D9, fonte unica de SCA)",2026-09-28T22:12:29Z,2026-09-28T22:12:50Z,21,success,GitHub Actions 1000000204,7ad02b7add541c8a54400cf27ec1b09de3aedb4f
36490328884,1,01-devsecops,ENF-04,devsecops-enforce,sca_only,true,alvo2,step,SCA - Trivy (alvo2-uptimekuma),Trivy: segredos no codigo-fonte,2026-09-28T22:12:50Z,2026-09-28T22:12:51Z,1,success,GitHub Actions 1000000204,7ad02b7add541c8a54400cf27ec1b09de3aedb4f
36490328884,1,01-devsecops,ENF-04,devsecops-enforce,sca_only,true,alvo2,step,SCA - Trivy (alvo2-uptimekuma),Trivy: IaC (Dockerfile),2026-09-28T22:12:51Z,2026-09-28T22:12:54Z,3,success,GitHub Actions 1000000204,7ad02b7add541c8a54400cf27ec1b09de3aedb4f
36490328884,1,01-devsecops,ENF-04,devsecops-enforce,sca_only,true,alvo2,step,SCA - Trivy (alvo2-uptimekuma),Run actions/upload-artifact@043fb46d1a93c77aae656e7c1c64a875d1fc6a0a,2026-09-28T22:12:54Z,2026-09-28T22:12:55Z,1,success,GitHub Actions 1000000204,7ad02b7add541c8a54400cf27ec1b09de3aedb4f
36490328884,1,01-devsecops,ENF-04,devsecops-enforce,sca_only,true,alvo2,step,SCA - Trivy (alvo2-uptimekuma),Post Instalar Trivy,2026-09-28T22:12:55Z,2026-09-28T22:12:55Z,0,success,GitHub Actions 1000000204,7ad02b7add541c8a54400cf27ec1b09de3aedb4f
36490328884,1,01-devsecops,ENF-04,devsecops-enforce,sca_only,true,alvo2,step,SCA - Trivy (alvo2-uptimekuma),Post Checkout (com submodulos),2026-09-28T22:12:55Z,2026-09-28T22:12:56Z,1,success,GitHub Actions 1000000204,7ad02b7add541c8a54400cf27ec1b09de3aedb4f
36490328884,1,01-devsecops,ENF-04,devsecops-enforce,sca_only,true,alvo2,step,SCA - Trivy (alvo2-uptimekuma),Complete job,2026-09-28T22:12:56Z,2026-09-28T22:12:56Z,0,success,GitHub Actions 1000000204,7ad02b7add541c8a54400cf27ec1b09de3aedb4f
36490328884,1,01-devsecops,ENF-04,devsecops-enforce,sca_only,true,alvo2,job,Quality Gate (alvo2-uptimekuma),,2026-09-28T22:13:00Z,2026-09-28T22:13:11Z,11,failure,GitHub Actions 1000000207,7ad02b7add541c8a54400cf27ec1b09de3aedb4f
36490328884,1,01-devsecops,ENF-04,devsecops-enforce,sca_only,true,alvo2,step,Quality Gate (alvo2-uptimekuma),Set up job,2026-09-28T22:13:01Z,2026-09-28T22:13:02Z,1,success,GitHub Actions 1000000207,7ad02b7add541c8a54400cf27ec1b09de3aedb4f
36490328884,1,01-devsecops,ENF-04,devsecops-enforce,sca_only,true,alvo2,step,Quality Gate (alvo2-uptimekuma),Checkout,2026-09-28T22:13:02Z,2026-09-28T22:13:03Z,1,success,GitHub Actions 1000000207,7ad02b7add541c8a54400cf27ec1b09de3aedb4f
36490328884,1,01-devsecops,ENF-04,devsecops-enforce,sca_only,true,alvo2,step,Quality Gate (alvo2-uptimekuma),Carregar perfil do alvo,2026-09-28T22:13:03Z,2026-09-28T22:13:03Z,0,success,GitHub Actions 1000000207,7ad02b7add541c8a54400cf27ec1b09de3aedb4f
36490328884,1,01-devsecops,ENF-04,devsecops-enforce,sca_only,true,alvo2,step,Quality Gate (alvo2-uptimekuma),Baixar achados de SAST,2026-09-28T22:13:03Z,2026-09-28T22:13:04Z,1,success,GitHub Actions 1000000207,7ad02b7add541c8a54400cf27ec1b09de3aedb4f
36490328884,1,01-devsecops,ENF-04,devsecops-enforce,sca_only,true,alvo2,step,Quality Gate (alvo2-uptimekuma),Baixar achados de SCA,2026-09-28T22:13:04Z,2026-09-28T22:13:05Z,1,success,GitHub Actions 1000000207,7ad02b7add541c8a54400cf27ec1b09de3aedb4f
36490328884,1,01-devsecops,ENF-04,devsecops-enforce,sca_only,true,alvo2,step,Quality Gate (alvo2-uptimekuma),Instalar dependencias do script,2026-09-28T22:13:05Z,2026-09-28T22:13:07Z,2,success,GitHub Actions 1000000207,7ad02b7add541c8a54400cf27ec1b09de3aedb4f
36490328884,1,01-devsecops,ENF-04,devsecops-enforce,sca_only,true,alvo2,step,Quality Gate (alvo2-uptimekuma),Avaliar Quality Gate,2026-09-28T22:13:07Z,2026-09-28T22:13:08Z,1,failure,GitHub Actions 1000000207,7ad02b7add541c8a54400cf27ec1b09de3aedb4f
36490328884,1,01-devsecops,ENF-04,devsecops-enforce,sca_only,true,alvo2,step,Quality Gate (alvo2-uptimekuma),Run actions/upload-artifact@043fb46d1a93c77aae656e7c1c64a875d1fc6a0a,2026-09-28T22:13:08Z,2026-09-28T22:13:09Z,1,success,GitHub Actions 1000000207,7ad02b7add541c8a54400cf27ec1b09de3aedb4f
36490328884,1,01-devsecops,ENF-04,devsecops-enforce,sca_only,true,alvo2,step,Quality Gate (alvo2-uptimekuma),Post Checkout,2026-09-28T22:13:09Z,2026-09-28T22:13:09Z,0,success,GitHub Actions 1000000207,7ad02b7add541c8a54400cf27ec1b09de3aedb4f
36490328884,1,01-devsecops,ENF-04,devsecops-enforce,sca_only,true,alvo2,step,Quality Gate (alvo2-uptimekuma),Complete job,2026-09-28T22:13:09Z,2026-09-28T22:13:09Z,0,success,GitHub Actions 1000000207,7ad02b7add541c8a54400cf27ec1b09de3aedb4f
36490328884,1,01-devsecops,ENF-04,devsecops-enforce,sca_only,true,alvo1,job,Quality Gate (alvo1-juiceshop),,2026-09-28T22:13:00Z,2026-09-28T22:13:11Z,11,failure,GitHub Actions 1000000206,7ad02b7add541c8a54400cf27ec1b09de3aedb4f
36490328884,1,01-devsecops,ENF-04,devsecops-enforce,sca_only,true,alvo1,step,Quality Gate (alvo1-juiceshop),Set up job,2026-09-28T22:13:01Z,2026-09-28T22:13:03Z,2,success,GitHub Actions 1000000206,7ad02b7add541c8a54400cf27ec1b09de3aedb4f
36490328884,1,01-devsecops,ENF-04,devsecops-enforce,sca_only,true,alvo1,step,Quality Gate (alvo1-juiceshop),Checkout,2026-09-28T22:13:03Z,2026-09-28T22:13:04Z,1,success,GitHub Actions 1000000206,7ad02b7add541c8a54400cf27ec1b09de3aedb4f
36490328884,1,01-devsecops,ENF-04,devsecops-enforce,sca_only,true,alvo1,step,Quality Gate (alvo1-juiceshop),Carregar perfil do alvo,2026-09-28T22:13:04Z,2026-09-28T22:13:04Z,0,success,GitHub Actions 1000000206,7ad02b7add541c8a54400cf27ec1b09de3aedb4f
36490328884,1,01-devsecops,ENF-04,devsecops-enforce,sca_only,true,alvo1,step,Quality Gate (alvo1-juiceshop),Baixar achados de SAST,2026-09-28T22:13:04Z,2026-09-28T22:13:05Z,1,success,GitHub Actions 1000000206,7ad02b7add541c8a54400cf27ec1b09de3aedb4f
36490328884,1,01-devsecops,ENF-04,devsecops-enforce,sca_only,true,alvo1,step,Quality Gate (alvo1-juiceshop),Baixar achados de SCA,2026-09-28T22:13:05Z,2026-09-28T22:13:07Z,2,success,GitHub Actions 1000000206,7ad02b7add541c8a54400cf27ec1b09de3aedb4f
36490328884,1,01-devsecops,ENF-04,devsecops-enforce,sca_only,true,alvo1,step,Quality Gate (alvo1-juiceshop),Instalar dependencias do script,2026-09-28T22:13:07Z,2026-09-28T22:13:07Z,0,success,GitHub Actions 1000000206,7ad02b7add541c8a54400cf27ec1b09de3aedb4f
36490328884,1,01-devsecops,ENF-04,devsecops-enforce,sca_only,true,alvo1,step,Quality Gate (alvo1-juiceshop),Avaliar Quality Gate,2026-09-28T22:13:07Z,2026-09-28T22:13:08Z,1,failure,GitHub Actions 1000000206,7ad02b7add541c8a54400cf27ec1b09de3aedb4f
36490328884,1,01-devsecops,ENF-04,devsecops-enforce,sca_only,true,alvo1,step,Quality Gate (alvo1-juiceshop),Run actions/upload-artifact@043fb46d1a93c77aae656e7c1c64a875d1fc6a0a,2026-09-28T22:13:08Z,2026-09-28T22:13:09Z,1,success,GitHub Actions 1000000206,7ad02b7add541c8a54400cf27ec1b09de3aedb4f
36490328884,1,01-devsecops,ENF-04,devsecops-enforce,sca_only,true,alvo1,step,Quality Gate (alvo1-juiceshop),Post Checkout,2026-09-28T22:13:09Z,2026-09-28T22:13:09Z,0,success,GitHub Actions 1000000206,7ad02b7add541c8a54400cf27ec1b09de3aedb4f
36490328884,1,01-devsecops,ENF-04,devsecops-enforce,sca_only,true,alvo1,step,Quality Gate (alvo1-juiceshop),Complete job,2026-09-28T22:13:09Z,2026-09-28T22:13:09Z,0,success,GitHub Actions 1000000206,7ad02b7add541c8a54400cf27ec1b09de3aedb4f
36490328884,1,01-devsecops,ENF-04,devsecops-enforce,sca_only,true,,job,Staging + DAST - OWASP ZAP (${{ matrix.perfil }}),,2026-09-28T22:13:12Z,2026-09-28T22:13:12Z,0,skipped,,7ad02b7add541c8a54400cf27ec1b09de3aedb4f
36490789073,1,00-baseline,BASE-09,baseline,,,alvo1,job,Baseline (alvo1-juiceshop),,2026-09-28T22:10:34Z,2026-09-28T22:13:14Z,160,success,GitHub Actions 1000000202,7ad02b7add541c8a54400cf27ec1b09de3aedb4f
36490789073,1,00-baseline,BASE-09,baseline,,,alvo1,step,Baseline (alvo1-juiceshop),Set up job,2026-09-28T22:10:35Z,2026-09-28T22:10:36Z,1,success,GitHub Actions 1000000202,7ad02b7add541c8a54400cf27ec1b09de3aedb4f
36490789073,1,00-baseline,BASE-09,baseline,,,alvo1,step,Baseline (alvo1-juiceshop),Checkout (com submodulos),2026-09-28T22:10:36Z,2026-09-28T22:10:44Z,8,success,GitHub Actions 1000000202,7ad02b7add541c8a54400cf27ec1b09de3aedb4f
36490789073,1,00-baseline,BASE-09,baseline,,,alvo1,step,Baseline (alvo1-juiceshop),Carregar perfil do alvo,2026-09-28T22:10:44Z,2026-09-28T22:10:44Z,0,success,GitHub Actions 1000000202,7ad02b7add541c8a54400cf27ec1b09de3aedb4f
36490789073,1,00-baseline,BASE-09,baseline,,,alvo1,step,Baseline (alvo1-juiceshop),Instalar Node.js (quando exigido pelo alvo),2026-09-28T22:10:44Z,2026-09-28T22:10:44Z,0,skipped,GitHub Actions 1000000202,7ad02b7add541c8a54400cf27ec1b09de3aedb4f
36490789073,1,00-baseline,BASE-09,baseline,,,alvo1,step,Baseline (alvo1-juiceshop),Pre-build da aplicacao (quando exigido pelo alvo),2026-09-28T22:10:44Z,2026-09-28T22:10:44Z,0,skipped,GitHub Actions 1000000202,7ad02b7add541c8a54400cf27ec1b09de3aedb4f
36490789073,1,00-baseline,BASE-09,baseline,,,alvo1,step,Baseline (alvo1-juiceshop),Build da imagem Docker,2026-09-28T22:10:44Z,2026-09-28T22:13:09Z,145,success,GitHub Actions 1000000202,7ad02b7add541c8a54400cf27ec1b09de3aedb4f
36490789073,1,00-baseline,BASE-09,baseline,,,alvo1,step,Baseline (alvo1-juiceshop),Staging (subir aplicacao e aguardar health check),2026-09-28T22:13:09Z,2026-09-28T22:13:11Z,2,success,GitHub Actions 1000000202,7ad02b7add541c8a54400cf27ec1b09de3aedb4f
36490789073,1,00-baseline,BASE-09,baseline,,,alvo1,step,Baseline (alvo1-juiceshop),Encerrar container,2026-09-28T22:13:11Z,2026-09-28T22:13:11Z,0,success,GitHub Actions 1000000202,7ad02b7add541c8a54400cf27ec1b09de3aedb4f
36490789073,1,00-baseline,BASE-09,baseline,,,alvo1,step,Baseline (alvo1-juiceshop),Post Checkout (com submodulos),2026-09-28T22:13:11Z,2026-09-28T22:13:11Z,0,success,GitHub Actions 1000000202,7ad02b7add541c8a54400cf27ec1b09de3aedb4f
36490789073,1,00-baseline,BASE-09,baseline,,,alvo1,step,Baseline (alvo1-juiceshop),Complete job,2026-09-28T22:13:11Z,2026-09-28T22:13:11Z,0,success,GitHub Actions 1000000202,7ad02b7add541c8a54400cf27ec1b09de3aedb4f
36490789073,1,00-baseline,BASE-09,baseline,,,alvo2,job,Baseline (alvo2-uptimekuma),,2026-09-28T22:10:34Z,2026-09-28T22:13:13Z,159,success,GitHub Actions 1000000203,7ad02b7add541c8a54400cf27ec1b09de3aedb4f
36490789073,1,00-baseline,BASE-09,baseline,,,alvo2,step,Baseline (alvo2-uptimekuma),Set up job,2026-09-28T22:10:35Z,2026-09-28T22:10:36Z,1,success,GitHub Actions 1000000203,7ad02b7add541c8a54400cf27ec1b09de3aedb4f
36490789073,1,00-baseline,BASE-09,baseline,,,alvo2,step,Baseline (alvo2-uptimekuma),Checkout (com submodulos),2026-09-28T22:10:36Z,2026-09-28T22:10:44Z,8,success,GitHub Actions 1000000203,7ad02b7add541c8a54400cf27ec1b09de3aedb4f
36490789073,1,00-baseline,BASE-09,baseline,,,alvo2,step,Baseline (alvo2-uptimekuma),Carregar perfil do alvo,2026-09-28T22:10:44Z,2026-09-28T22:10:44Z,0,success,GitHub Actions 1000000203,7ad02b7add541c8a54400cf27ec1b09de3aedb4f
36490789073,1,00-baseline,BASE-09,baseline,,,alvo2,step,Baseline (alvo2-uptimekuma),Instalar Node.js (quando exigido pelo alvo),2026-09-28T22:10:44Z,2026-09-28T22:10:44Z,0,success,GitHub Actions 1000000203,7ad02b7add541c8a54400cf27ec1b09de3aedb4f
36490789073,1,00-baseline,BASE-09,baseline,,,alvo2,step,Baseline (alvo2-uptimekuma),Pre-build da aplicacao (quando exigido pelo alvo),2026-09-28T22:10:44Z,2026-09-28T22:12:28Z,104,success,GitHub Actions 1000000203,7ad02b7add541c8a54400cf27ec1b09de3aedb4f
36490789073,1,00-baseline,BASE-09,baseline,,,alvo2,step,Baseline (alvo2-uptimekuma),Build da imagem Docker,2026-09-28T22:12:28Z,2026-09-28T22:13:08Z,40,success,GitHub Actions 1000000203,7ad02b7add541c8a54400cf27ec1b09de3aedb4f
36490789073,1,00-baseline,BASE-09,baseline,,,alvo2,step,Baseline (alvo2-uptimekuma),Staging (subir aplicacao e aguardar health check),2026-09-28T22:13:08Z,2026-09-28T22:13:10Z,2,success,GitHub Actions 1000000203,7ad02b7add541c8a54400cf27ec1b09de3aedb4f
36490789073,1,00-baseline,BASE-09,baseline,,,alvo2,step,Baseline (alvo2-uptimekuma),Encerrar container,2026-09-28T22:13:10Z,2026-09-28T22:13:10Z,0,success,GitHub Actions 1000000203,7ad02b7add541c8a54400cf27ec1b09de3aedb4f
36490789073,1,00-baseline,BASE-09,baseline,,,alvo2,step,Baseline (alvo2-uptimekuma),Post Instalar Node.js (quando exigido pelo alvo),2026-09-28T22:13:10Z,2026-09-28T22:13:10Z,0,success,GitHub Actions 1000000203,7ad02b7add541c8a54400cf27ec1b09de3aedb4f
36490789073,1,00-baseline,BASE-09,baseline,,,alvo2,step,Baseline (alvo2-uptimekuma),Post Checkout (com submodulos),2026-09-28T22:13:10Z,2026-09-28T22:13:11Z,1,success,GitHub Actions 1000000203,7ad02b7add541c8a54400cf27ec1b09de3aedb4f
36490789073,1,00-baseline,BASE-09,baseline,,,alvo2,step,Baseline (alvo2-uptimekuma),Complete job,2026-09-28T22:13:11Z,2026-09-28T22:13:11Z,0,success,GitHub Actions 1000000203,7ad02b7add541c8a54400cf27ec1b09de3aedb4f
36491255296,1,01-devsecops,AUD-09,devsecops-audit,all_tools,true,alvo1,job,SAST - Semgrep (alvo1-juiceshop),,2026-09-28T22:17:21Z,2026-09-28T22:18:50Z,89,success,GitHub Actions 1000000208,7ad02b7add541c8a54400cf27ec1b09de3aedb4f
36491255296,1,01-devsecops,AUD-09,devsecops-audit,all_tools,true,alvo1,step,SAST - Semgrep (alvo1-juiceshop),Set up job,2026-09-28T22:17:22Z,2026-09-28T22:17:22Z,0,success,GitHub Actions 1000000208,7ad02b7add541c8a54400cf27ec1b09de3aedb4f
36491255296,1,01-devsecops,AUD-09,devsecops-audit,all_tools,true,alvo1,step,SAST - Semgrep (alvo1-juiceshop),Initialize containers,2026-09-28T22:17:22Z,2026-09-28T22:17:33Z,11,success,GitHub Actions 1000000208,7ad02b7add541c8a54400cf27ec1b09de3aedb4f
36491255296,1,01-devsecops,AUD-09,devsecops-audit,all_tools,true,alvo1,step,SAST - Semgrep (alvo1-juiceshop),Checkout (com submodulos),2026-09-28T22:17:33Z,2026-09-28T22:17:38Z,5,success,GitHub Actions 1000000208,7ad02b7add541c8a54400cf27ec1b09de3aedb4f
36491255296,1,01-devsecops,AUD-09,devsecops-audit,all_tools,true,alvo1,step,SAST - Semgrep (alvo1-juiceshop),Carregar perfil do alvo,2026-09-28T22:17:38Z,2026-09-28T22:17:39Z,1,success,GitHub Actions 1000000208,7ad02b7add541c8a54400cf27ec1b09de3aedb4f
36491255296,1,01-devsecops,AUD-09,devsecops-audit,all_tools,true,alvo1,step,SAST - Semgrep (alvo1-juiceshop),Semgrep scan,2026-09-28T22:17:39Z,2026-09-28T22:18:47Z,68,success,GitHub Actions 1000000208,7ad02b7add541c8a54400cf27ec1b09de3aedb4f
36491255296,1,01-devsecops,AUD-09,devsecops-audit,all_tools,true,alvo1,step,SAST - Semgrep (alvo1-juiceshop),Run actions/upload-artifact@043fb46d1a93c77aae656e7c1c64a875d1fc6a0a,2026-09-28T22:18:47Z,2026-09-28T22:18:48Z,1,success,GitHub Actions 1000000208,7ad02b7add541c8a54400cf27ec1b09de3aedb4f
36491255296,1,01-devsecops,AUD-09,devsecops-audit,all_tools,true,alvo1,step,SAST - Semgrep (alvo1-juiceshop),Post Checkout (com submodulos),2026-09-28T22:18:48Z,2026-09-28T22:18:48Z,0,success,GitHub Actions 1000000208,7ad02b7add541c8a54400cf27ec1b09de3aedb4f
36491255296,1,01-devsecops,AUD-09,devsecops-audit,all_tools,true,alvo1,step,SAST - Semgrep (alvo1-juiceshop),Stop containers,2026-09-28T22:18:48Z,2026-09-28T22:18:48Z,0,success,GitHub Actions 1000000208,7ad02b7add541c8a54400cf27ec1b09de3aedb4f
36491255296,1,01-devsecops,AUD-09,devsecops-audit,all_tools,true,alvo1,step,SAST - Semgrep (alvo1-juiceshop),Complete job,2026-09-28T22:18:48Z,2026-09-28T22:18:49Z,1,success,GitHub Actions 1000000208,7ad02b7add541c8a54400cf27ec1b09de3aedb4f
36491255296,1,01-devsecops,AUD-09,devsecops-audit,all_tools,true,alvo2,job,SAST - Semgrep (alvo2-uptimekuma),,2026-09-28T22:15:11Z,2026-09-28T22:16:11Z,60,success,GitHub Actions 1000000209,7ad02b7add541c8a54400cf27ec1b09de3aedb4f
36491255296,1,01-devsecops,AUD-09,devsecops-audit,all_tools,true,alvo2,step,SAST - Semgrep (alvo2-uptimekuma),Set up job,2026-09-28T22:15:12Z,2026-09-28T22:15:13Z,1,success,GitHub Actions 1000000209,7ad02b7add541c8a54400cf27ec1b09de3aedb4f
36491255296,1,01-devsecops,AUD-09,devsecops-audit,all_tools,true,alvo2,step,SAST - Semgrep (alvo2-uptimekuma),Initialize containers,2026-09-28T22:15:13Z,2026-09-28T22:15:27Z,14,success,GitHub Actions 1000000209,7ad02b7add541c8a54400cf27ec1b09de3aedb4f
36491255296,1,01-devsecops,AUD-09,devsecops-audit,all_tools,true,alvo2,step,SAST - Semgrep (alvo2-uptimekuma),Checkout (com submodulos),2026-09-28T22:15:27Z,2026-09-28T22:15:35Z,8,success,GitHub Actions 1000000209,7ad02b7add541c8a54400cf27ec1b09de3aedb4f
36491255296,1,01-devsecops,AUD-09,devsecops-audit,all_tools,true,alvo2,step,SAST - Semgrep (alvo2-uptimekuma),Carregar perfil do alvo,2026-09-28T22:15:35Z,2026-09-28T22:15:35Z,0,success,GitHub Actions 1000000209,7ad02b7add541c8a54400cf27ec1b09de3aedb4f
36491255296,1,01-devsecops,AUD-09,devsecops-audit,all_tools,true,alvo2,step,SAST - Semgrep (alvo2-uptimekuma),Semgrep scan,2026-09-28T22:15:35Z,2026-09-28T22:16:07Z,32,success,GitHub Actions 1000000209,7ad02b7add541c8a54400cf27ec1b09de3aedb4f
36491255296,1,01-devsecops,AUD-09,devsecops-audit,all_tools,true,alvo2,step,SAST - Semgrep (alvo2-uptimekuma),Run actions/upload-artifact@043fb46d1a93c77aae656e7c1c64a875d1fc6a0a,2026-09-28T22:16:07Z,2026-09-28T22:16:08Z,1,success,GitHub Actions 1000000209,7ad02b7add541c8a54400cf27ec1b09de3aedb4f
36491255296,1,01-devsecops,AUD-09,devsecops-audit,all_tools,true,alvo2,step,SAST - Semgrep (alvo2-uptimekuma),Post Checkout (com submodulos),2026-09-28T22:16:08Z,2026-09-28T22:16:09Z,1,success,GitHub Actions 1000000209,7ad02b7add541c8a54400cf27ec1b09de3aedb4f
36491255296,1,01-devsecops,AUD-09,devsecops-audit,all_tools,true,alvo2,step,SAST - Semgrep (alvo2-uptimekuma),Stop containers,2026-09-28T22:16:09Z,2026-09-28T22:16:09Z,0,success,GitHub Actions 1000000209,7ad02b7add541c8a54400cf27ec1b09de3aedb4f
36491255296,1,01-devsecops,AUD-09,devsecops-audit,all_tools,true,alvo2,step,SAST - Semgrep (alvo2-uptimekuma),Complete job,2026-09-28T22:16:09Z,2026-09-28T22:16:09Z,0,success,GitHub Actions 1000000209,7ad02b7add541c8a54400cf27ec1b09de3aedb4f
36491255296,1,01-devsecops,AUD-09,devsecops-audit,all_tools,true,alvo2,job,Build (alvo2-uptimekuma),,2026-09-28T22:18:52Z,2026-09-28T22:22:30Z,218,success,GitHub Actions 1000000214,7ad02b7add541c8a54400cf27ec1b09de3aedb4f
36491255296,1,01-devsecops,AUD-09,devsecops-audit,all_tools,true,alvo2,step,Build (alvo2-uptimekuma),Set up job,2026-09-28T22:18:53Z,2026-09-28T22:18:54Z,1,success,GitHub Actions 1000000214,7ad02b7add541c8a54400cf27ec1b09de3aedb4f
36491255296,1,01-devsecops,AUD-09,devsecops-audit,all_tools,true,alvo2,step,Build (alvo2-uptimekuma),Checkout (com submodulos),2026-09-28T22:18:54Z,2026-09-28T22:18:59Z,5,success,GitHub Actions 1000000214,7ad02b7add541c8a54400cf27ec1b09de3aedb4f
36491255296,1,01-devsecops,AUD-09,devsecops-audit,all_tools,true,alvo2,step,Build (alvo2-uptimekuma),Carregar perfil do alvo,2026-09-28T22:18:59Z,2026-09-28T22:18:59Z,0,success,GitHub Actions 1000000214,7ad02b7add541c8a54400cf27ec1b09de3aedb4f
36491255296,1,01-devsecops,AUD-09,devsecops-audit,all_tools,true,alvo2,step,Build (alvo2-uptimekuma),Instalar Node.js (quando exigido pelo alvo),2026-09-28T22:18:59Z,2026-09-28T22:19:00Z,1,success,GitHub Actions 1000000214,7ad02b7add541c8a54400cf27ec1b09de3aedb4f
36491255296,1,01-devsecops,AUD-09,devsecops-audit,all_tools,true,alvo2,step,Build (alvo2-uptimekuma),Pre-build da aplicacao (quando exigido pelo alvo),2026-09-28T22:19:00Z,2026-09-28T22:20:49Z,109,success,GitHub Actions 1000000214,7ad02b7add541c8a54400cf27ec1b09de3aedb4f
36491255296,1,01-devsecops,AUD-09,devsecops-audit,all_tools,true,alvo2,step,Build (alvo2-uptimekuma),Build da imagem Docker,2026-09-28T22:20:49Z,2026-09-28T22:21:43Z,54,success,GitHub Actions 1000000214,7ad02b7add541c8a54400cf27ec1b09de3aedb4f
36491255296,1,01-devsecops,AUD-09,devsecops-audit,all_tools,true,alvo2,step,Build (alvo2-uptimekuma),Run actions/upload-artifact@043fb46d1a93c77aae656e7c1c64a875d1fc6a0a,2026-09-28T22:21:43Z,2026-09-28T22:22:28Z,45,success,GitHub Actions 1000000214,7ad02b7add541c8a54400cf27ec1b09de3aedb4f
36491255296,1,01-devsecops,AUD-09,devsecops-audit,all_tools,true,alvo2,step,Build (alvo2-uptimekuma),Post Instalar Node.js (quando exigido pelo alvo),2026-09-28T22:22:28Z,2026-09-28T22:22:28Z,0,success,GitHub Actions 1000000214,7ad02b7add541c8a54400cf27ec1b09de3aedb4f
36491255296,1,01-devsecops,AUD-09,devsecops-audit,all_tools,true,alvo2,step,Build (alvo2-uptimekuma),Post Checkout (com submodulos),2026-09-28T22:22:28Z,2026-09-28T22:22:29Z,1,success,GitHub Actions 1000000214,7ad02b7add541c8a54400cf27ec1b09de3aedb4f
36491255296,1,01-devsecops,AUD-09,devsecops-audit,all_tools,true,alvo2,step,Build (alvo2-uptimekuma),Complete job,2026-09-28T22:22:29Z,2026-09-28T22:22:29Z,0,success,GitHub Actions 1000000214,7ad02b7add541c8a54400cf27ec1b09de3aedb4f
36491255296,1,01-devsecops,AUD-09,devsecops-audit,all_tools,true,alvo1,job,Build (alvo1-juiceshop),,2026-09-28T22:18:53Z,2026-09-28T22:21:18Z,145,success,GitHub Actions 1000000215,7ad02b7add541c8a54400cf27ec1b09de3aedb4f
36491255296,1,01-devsecops,AUD-09,devsecops-audit,all_tools,true,alvo1,step,Build (alvo1-juiceshop),Set up job,2026-09-28T22:18:53Z,2026-09-28T22:18:54Z,1,success,GitHub Actions 1000000215,7ad02b7add541c8a54400cf27ec1b09de3aedb4f
36491255296,1,01-devsecops,AUD-09,devsecops-audit,all_tools,true,alvo1,step,Build (alvo1-juiceshop),Checkout (com submodulos),2026-09-28T22:18:54Z,2026-09-28T22:19:02Z,8,success,GitHub Actions 1000000215,7ad02b7add541c8a54400cf27ec1b09de3aedb4f
36491255296,1,01-devsecops,AUD-09,devsecops-audit,all_tools,true,alvo1,step,Build (alvo1-juiceshop),Carregar perfil do alvo,2026-09-28T22:19:02Z,2026-09-28T22:19:02Z,0,success,GitHub Actions 1000000215,7ad02b7add541c8a54400cf27ec1b09de3aedb4f
36491255296,1,01-devsecops,AUD-09,devsecops-audit,all_tools,true,alvo1,step,Build (alvo1-juiceshop),Instalar Node.js (quando exigido pelo alvo),2026-09-28T22:19:02Z,2026-09-28T22:19:02Z,0,skipped,GitHub Actions 1000000215,7ad02b7add541c8a54400cf27ec1b09de3aedb4f
36491255296,1,01-devsecops,AUD-09,devsecops-audit,all_tools,true,alvo1,step,Build (alvo1-juiceshop),Pre-build da aplicacao (quando exigido pelo alvo),2026-09-28T22:19:02Z,2026-09-28T22:19:02Z,0,skipped,GitHub Actions 1000000215,7ad02b7add541c8a54400cf27ec1b09de3aedb4f
36491255296,1,01-devsecops,AUD-09,devsecops-audit,all_tools,true,alvo1,step,Build (alvo1-juiceshop),Build da imagem Docker,2026-09-28T22:19:02Z,2026-09-28T22:21:06Z,124,success,GitHub Actions 1000000215,7ad02b7add541c8a54400cf27ec1b09de3aedb4f
36491255296,1,01-devsecops,AUD-09,devsecops-audit,all_tools,true,alvo1,step,Build (alvo1-juiceshop),Run actions/upload-artifact@043fb46d1a93c77aae656e7c1c64a875d1fc6a0a,2026-09-28T22:21:06Z,2026-09-28T22:21:16Z,10,success,GitHub Actions 1000000215,7ad02b7add541c8a54400cf27ec1b09de3aedb4f
36491255296,1,01-devsecops,AUD-09,devsecops-audit,all_tools,true,alvo1,step,Build (alvo1-juiceshop),Post Checkout (com submodulos),2026-09-28T22:21:16Z,2026-09-28T22:21:17Z,1,success,GitHub Actions 1000000215,7ad02b7add541c8a54400cf27ec1b09de3aedb4f
36491255296,1,01-devsecops,AUD-09,devsecops-audit,all_tools,true,alvo1,step,Build (alvo1-juiceshop),Complete job,2026-09-28T22:21:17Z,2026-09-28T22:21:17Z,0,success,GitHub Actions 1000000215,7ad02b7add541c8a54400cf27ec1b09de3aedb4f
36491255296,1,01-devsecops,AUD-09,devsecops-audit,all_tools,true,alvo2,job,SCA - Trivy (alvo2-uptimekuma),,2026-09-28T22:22:32Z,2026-09-28T22:23:46Z,74,success,GitHub Actions 1000000222,7ad02b7add541c8a54400cf27ec1b09de3aedb4f
36491255296,1,01-devsecops,AUD-09,devsecops-audit,all_tools,true,alvo2,step,SCA - Trivy (alvo2-uptimekuma),Set up job,2026-09-28T22:22:33Z,2026-09-28T22:22:34Z,1,success,GitHub Actions 1000000222,7ad02b7add541c8a54400cf27ec1b09de3aedb4f
36491255296,1,01-devsecops,AUD-09,devsecops-audit,all_tools,true,alvo2,step,SCA - Trivy (alvo2-uptimekuma),Checkout (com submodulos),2026-09-28T22:22:34Z,2026-09-28T22:22:39Z,5,success,GitHub Actions 1000000222,7ad02b7add541c8a54400cf27ec1b09de3aedb4f
36491255296,1,01-devsecops,AUD-09,devsecops-audit,all_tools,true,alvo2,step,SCA - Trivy (alvo2-uptimekuma),Carregar perfil do alvo,2026-09-28T22:22:39Z,2026-09-28T22:22:40Z,1,success,GitHub Actions 1000000222,7ad02b7add541c8a54400cf27ec1b09de3aedb4f
36491255296,1,01-devsecops,AUD-09,devsecops-audit,all_tools,true,alvo2,step,SCA - Trivy (alvo2-uptimekuma),Baixar imagem construida,2026-09-28T22:22:40Z,2026-09-28T22:22:53Z,13,success,GitHub Actions 1000000222,7ad02b7add541c8a54400cf27ec1b09de3aedb4f
36491255296,1,01-devsecops,AUD-09,devsecops-audit,all_tools,true,alvo2,step,SCA - Trivy (alvo2-uptimekuma),Carregar imagem no Docker,2026-09-28T22:22:53Z,2026-09-28T22:23:20Z,27,success,GitHub Actions 1000000222,7ad02b7add541c8a54400cf27ec1b09de3aedb4f
36491255296,1,01-devsecops,AUD-09,devsecops-audit,all_tools,true,alvo2,step,SCA - Trivy (alvo2-uptimekuma),Instalar Trivy,2026-09-28T22:23:20Z,2026-09-28T22:23:20Z,0,success,GitHub Actions 1000000222,7ad02b7add541c8a54400cf27ec1b09de3aedb4f
36491255296,1,01-devsecops,AUD-09,devsecops-audit,all_tools,true,alvo2,step,SCA - Trivy (alvo2-uptimekuma),"Trivy: vulnerabilidades da imagem (D9, fonte unica de SCA)",2026-09-28T22:23:20Z,2026-09-28T22:23:40Z,20,success,GitHub Actions 1000000222,7ad02b7add541c8a54400cf27ec1b09de3aedb4f
36491255296,1,01-devsecops,AUD-09,devsecops-audit,all_tools,true,alvo2,step,SCA - Trivy (alvo2-uptimekuma),Trivy: segredos no codigo-fonte,2026-09-28T22:23:40Z,2026-09-28T22:23:41Z,1,success,GitHub Actions 1000000222,7ad02b7add541c8a54400cf27ec1b09de3aedb4f
36491255296,1,01-devsecops,AUD-09,devsecops-audit,all_tools,true,alvo2,step,SCA - Trivy (alvo2-uptimekuma),Trivy: IaC (Dockerfile),2026-09-28T22:23:41Z,2026-09-28T22:23:43Z,2,success,GitHub Actions 1000000222,7ad02b7add541c8a54400cf27ec1b09de3aedb4f
36491255296,1,01-devsecops,AUD-09,devsecops-audit,all_tools,true,alvo2,step,SCA - Trivy (alvo2-uptimekuma),Run actions/upload-artifact@043fb46d1a93c77aae656e7c1c64a875d1fc6a0a,2026-09-28T22:23:43Z,2026-09-28T22:23:44Z,1,success,GitHub Actions 1000000222,7ad02b7add541c8a54400cf27ec1b09de3aedb4f
36491255296,1,01-devsecops,AUD-09,devsecops-audit,all_tools,true,alvo2,step,SCA - Trivy (alvo2-uptimekuma),Post Instalar Trivy,2026-09-28T22:23:44Z,2026-09-28T22:23:44Z,0,success,GitHub Actions 1000000222,7ad02b7add541c8a54400cf27ec1b09de3aedb4f
36491255296,1,01-devsecops,AUD-09,devsecops-audit,all_tools,true,alvo2,step,SCA - Trivy (alvo2-uptimekuma),Post Checkout (com submodulos),2026-09-28T22:23:44Z,2026-09-28T22:23:44Z,0,success,GitHub Actions 1000000222,7ad02b7add541c8a54400cf27ec1b09de3aedb4f
36491255296,1,01-devsecops,AUD-09,devsecops-audit,all_tools,true,alvo2,step,SCA - Trivy (alvo2-uptimekuma),Complete job,2026-09-28T22:23:44Z,2026-09-28T22:23:44Z,0,success,GitHub Actions 1000000222,7ad02b7add541c8a54400cf27ec1b09de3aedb4f
36491255296,1,01-devsecops,AUD-09,devsecops-audit,all_tools,true,alvo1,job,SCA - Trivy (alvo1-juiceshop),,2026-09-28T22:22:33Z,2026-09-28T22:23:27Z,54,success,GitHub Actions 1000000223,7ad02b7add541c8a54400cf27ec1b09de3aedb4f
36491255296,1,01-devsecops,AUD-09,devsecops-audit,all_tools,true,alvo1,step,SCA - Trivy (alvo1-juiceshop),Set up job,2026-09-28T22:22:33Z,2026-09-28T22:22:36Z,3,success,GitHub Actions 1000000223,7ad02b7add541c8a54400cf27ec1b09de3aedb4f
36491255296,1,01-devsecops,AUD-09,devsecops-audit,all_tools,true,alvo1,step,SCA - Trivy (alvo1-juiceshop),Checkout (com submodulos),2026-09-28T22:22:36Z,2026-09-28T22:22:44Z,8,success,GitHub Actions 1000000223,7ad02b7add541c8a54400cf27ec1b09de3aedb4f
36491255296,1,01-devsecops,AUD-09,devsecops-audit,all_tools,true,alvo1,step,SCA - Trivy (alvo1-juiceshop),Carregar perfil do alvo,2026-09-28T22:22:44Z,2026-09-28T22:22:44Z,0,success,GitHub Actions 1000000223,7ad02b7add541c8a54400cf27ec1b09de3aedb4f
36491255296,1,01-devsecops,AUD-09,devsecops-audit,all_tools,true,alvo1,step,SCA - Trivy (alvo1-juiceshop),Baixar imagem construida,2026-09-28T22:22:44Z,2026-09-28T22:22:51Z,7,success,GitHub Actions 1000000223,7ad02b7add541c8a54400cf27ec1b09de3aedb4f
36491255296,1,01-devsecops,AUD-09,devsecops-audit,all_tools,true,alvo1,step,SCA - Trivy (alvo1-juiceshop),Carregar imagem no Docker,2026-09-28T22:22:51Z,2026-09-28T22:23:06Z,15,success,GitHub Actions 1000000223,7ad02b7add541c8a54400cf27ec1b09de3aedb4f
36491255296,1,01-devsecops,AUD-09,devsecops-audit,all_tools,true,alvo1,step,SCA - Trivy (alvo1-juiceshop),Instalar Trivy,2026-09-28T22:23:06Z,2026-09-28T22:23:08Z,2,success,GitHub Actions 1000000223,7ad02b7add541c8a54400cf27ec1b09de3aedb4f
36491255296,1,01-devsecops,AUD-09,devsecops-audit,all_tools,true,alvo1,step,SCA - Trivy (alvo1-juiceshop),"Trivy: vulnerabilidades da imagem (D9, fonte unica de SCA)",2026-09-28T22:23:08Z,2026-09-28T22:23:22Z,14,success,GitHub Actions 1000000223,7ad02b7add541c8a54400cf27ec1b09de3aedb4f
36491255296,1,01-devsecops,AUD-09,devsecops-audit,all_tools,true,alvo1,step,SCA - Trivy (alvo1-juiceshop),Trivy: segredos no codigo-fonte,2026-09-28T22:23:22Z,2026-09-28T22:23:23Z,1,success,GitHub Actions 1000000223,7ad02b7add541c8a54400cf27ec1b09de3aedb4f
36491255296,1,01-devsecops,AUD-09,devsecops-audit,all_tools,true,alvo1,step,SCA - Trivy (alvo1-juiceshop),Trivy: IaC (Dockerfile),2026-09-28T22:23:23Z,2026-09-28T22:23:24Z,1,success,GitHub Actions 1000000223,7ad02b7add541c8a54400cf27ec1b09de3aedb4f
36491255296,1,01-devsecops,AUD-09,devsecops-audit,all_tools,true,alvo1,step,SCA - Trivy (alvo1-juiceshop),Run actions/upload-artifact@043fb46d1a93c77aae656e7c1c64a875d1fc6a0a,2026-09-28T22:23:24Z,2026-09-28T22:23:25Z,1,success,GitHub Actions 1000000223,7ad02b7add541c8a54400cf27ec1b09de3aedb4f
36491255296,1,01-devsecops,AUD-09,devsecops-audit,all_tools,true,alvo1,step,SCA - Trivy (alvo1-juiceshop),Post Instalar Trivy,2026-09-28T22:23:25Z,2026-09-28T22:23:25Z,0,success,GitHub Actions 1000000223,7ad02b7add541c8a54400cf27ec1b09de3aedb4f
36491255296,1,01-devsecops,AUD-09,devsecops-audit,all_tools,true,alvo1,step,SCA - Trivy (alvo1-juiceshop),Post Checkout (com submodulos),2026-09-28T22:23:25Z,2026-09-28T22:23:25Z,0,success,GitHub Actions 1000000223,7ad02b7add541c8a54400cf27ec1b09de3aedb4f
36491255296,1,01-devsecops,AUD-09,devsecops-audit,all_tools,true,alvo1,step,SCA - Trivy (alvo1-juiceshop),Complete job,2026-09-28T22:23:25Z,2026-09-28T22:23:25Z,0,success,GitHub Actions 1000000223,7ad02b7add541c8a54400cf27ec1b09de3aedb4f
36491255296,1,01-devsecops,AUD-09,devsecops-audit,all_tools,true,alvo2,job,Quality Gate (alvo2-uptimekuma),,2026-09-28T22:23:48Z,2026-09-28T22:23:58Z,10,success,GitHub Actions 1000000226,7ad02b7add541c8a54400cf27ec1b09de3aedb4f
36491255296,1,01-devsecops,AUD-09,devsecops-audit,all_tools,true,alvo2,step,Quality Gate (alvo2-uptimekuma),Set up job,2026-09-28T22:23:49Z,2026-09-28T22:23:49Z,0,success,GitHub Actions 1000000226,7ad02b7add541c8a54400cf27ec1b09de3aedb4f
36491255296,1,01-devsecops,AUD-09,devsecops-audit,all_tools,true,alvo2,step,Quality Gate (alvo2-uptimekuma),Checkout,2026-09-28T22:23:49Z,2026-09-28T22:23:51Z,2,success,GitHub Actions 1000000226,7ad02b7add541c8a54400cf27ec1b09de3aedb4f
36491255296,1,01-devsecops,AUD-09,devsecops-audit,all_tools,true,alvo2,step,Quality Gate (alvo2-uptimekuma),Carregar perfil do alvo,2026-09-28T22:23:51Z,2026-09-28T22:23:51Z,0,success,GitHub Actions 1000000226,7ad02b7add541c8a54400cf27ec1b09de3aedb4f
36491255296,1,01-devsecops,AUD-09,devsecops-audit,all_tools,true,alvo2,step,Quality Gate (alvo2-uptimekuma),Baixar achados de SAST,2026-09-28T22:23:51Z,2026-09-28T22:23:51Z,0,success,GitHub Actions 1000000226,7ad02b7add541c8a54400cf27ec1b09de3aedb4f
36491255296,1,01-devsecops,AUD-09,devsecops-audit,all_tools,true,alvo2,step,Quality Gate (alvo2-uptimekuma),Baixar achados de SCA,2026-09-28T22:23:51Z,2026-09-28T22:23:52Z,1,success,GitHub Actions 1000000226,7ad02b7add541c8a54400cf27ec1b09de3aedb4f
36491255296,1,01-devsecops,AUD-09,devsecops-audit,all_tools,true,alvo2,step,Quality Gate (alvo2-uptimekuma),Instalar dependencias do script,2026-09-28T22:23:52Z,2026-09-28T22:23:55Z,3,success,GitHub Actions 1000000226,7ad02b7add541c8a54400cf27ec1b09de3aedb4f
36491255296,1,01-devsecops,AUD-09,devsecops-audit,all_tools,true,alvo2,step,Quality Gate (alvo2-uptimekuma),Avaliar Quality Gate,2026-09-28T22:23:55Z,2026-09-28T22:23:55Z,0,success,GitHub Actions 1000000226,7ad02b7add541c8a54400cf27ec1b09de3aedb4f
36491255296,1,01-devsecops,AUD-09,devsecops-audit,all_tools,true,alvo2,step,Quality Gate (alvo2-uptimekuma),Run actions/upload-artifact@043fb46d1a93c77aae656e7c1c64a875d1fc6a0a,2026-09-28T22:23:55Z,2026-09-28T22:23:56Z,1,success,GitHub Actions 1000000226,7ad02b7add541c8a54400cf27ec1b09de3aedb4f
36491255296,1,01-devsecops,AUD-09,devsecops-audit,all_tools,true,alvo2,step,Quality Gate (alvo2-uptimekuma),Post Checkout,2026-09-28T22:23:56Z,2026-09-28T22:23:56Z,0,success,GitHub Actions 1000000226,7ad02b7add541c8a54400cf27ec1b09de3aedb4f
36491255296,1,01-devsecops,AUD-09,devsecops-audit,all_tools,true,alvo2,step,Quality Gate (alvo2-uptimekuma),Complete job,2026-09-28T22:23:56Z,2026-09-28T22:23:56Z,0,success,GitHub Actions 1000000226,7ad02b7add541c8a54400cf27ec1b09de3aedb4f
36491255296,1,01-devsecops,AUD-09,devsecops-audit,all_tools,true,alvo1,job,Quality Gate (alvo1-juiceshop),,2026-09-28T22:23:49Z,2026-09-28T22:24:02Z,13,success,GitHub Actions 1000000227,7ad02b7add541c8a54400cf27ec1b09de3aedb4f
36491255296,1,01-devsecops,AUD-09,devsecops-audit,all_tools,true,alvo1,step,Quality Gate (alvo1-juiceshop),Set up job,2026-09-28T22:23:49Z,2026-09-28T22:23:50Z,1,success,GitHub Actions 1000000227,7ad02b7add541c8a54400cf27ec1b09de3aedb4f
36491255296,1,01-devsecops,AUD-09,devsecops-audit,all_tools,true,alvo1,step,Quality Gate (alvo1-juiceshop),Checkout,2026-09-28T22:23:50Z,2026-09-28T22:23:52Z,2,success,GitHub Actions 1000000227,7ad02b7add541c8a54400cf27ec1b09de3aedb4f
36491255296,1,01-devsecops,AUD-09,devsecops-audit,all_tools,true,alvo1,step,Quality Gate (alvo1-juiceshop),Carregar perfil do alvo,2026-09-28T22:23:52Z,2026-09-28T22:23:52Z,0,success,GitHub Actions 1000000227,7ad02b7add541c8a54400cf27ec1b09de3aedb4f
36491255296,1,01-devsecops,AUD-09,devsecops-audit,all_tools,true,alvo1,step,Quality Gate (alvo1-juiceshop),Baixar achados de SAST,2026-09-28T22:23:52Z,2026-09-28T22:23:53Z,1,success,GitHub Actions 1000000227,7ad02b7add541c8a54400cf27ec1b09de3aedb4f
36491255296,1,01-devsecops,AUD-09,devsecops-audit,all_tools,true,alvo1,step,Quality Gate (alvo1-juiceshop),Baixar achados de SCA,2026-09-28T22:23:53Z,2026-09-28T22:23:55Z,2,success,GitHub Actions 1000000227,7ad02b7add541c8a54400cf27ec1b09de3aedb4f
36491255296,1,01-devsecops,AUD-09,devsecops-audit,all_tools,true,alvo1,step,Quality Gate (alvo1-juiceshop),Instalar dependencias do script,2026-09-28T22:23:55Z,2026-09-28T22:23:58Z,3,success,GitHub Actions 1000000227,7ad02b7add541c8a54400cf27ec1b09de3aedb4f
36491255296,1,01-devsecops,AUD-09,devsecops-audit,all_tools,true,alvo1,step,Quality Gate (alvo1-juiceshop),Avaliar Quality Gate,2026-09-28T22:23:58Z,2026-09-28T22:23:58Z,0,success,GitHub Actions 1000000227,7ad02b7add541c8a54400cf27ec1b09de3aedb4f
36491255296,1,01-devsecops,AUD-09,devsecops-audit,all_tools,true,alvo1,step,Quality Gate (alvo1-juiceshop),Run actions/upload-artifact@043fb46d1a93c77aae656e7c1c64a875d1fc6a0a,2026-09-28T22:23:58Z,2026-09-28T22:23:59Z,1,success,GitHub Actions 1000000227,7ad02b7add541c8a54400cf27ec1b09de3aedb4f
36491255296,1,01-devsecops,AUD-09,devsecops-audit,all_tools,true,alvo1,step,Quality Gate (alvo1-juiceshop),Post Checkout,2026-09-28T22:23:59Z,2026-09-28T22:24:00Z,1,success,GitHub Actions 1000000227,7ad02b7add541c8a54400cf27ec1b09de3aedb4f
36491255296,1,01-devsecops,AUD-09,devsecops-audit,all_tools,true,alvo1,step,Quality Gate (alvo1-juiceshop),Complete job,2026-09-28T22:24:00Z,2026-09-28T22:24:00Z,0,success,GitHub Actions 1000000227,7ad02b7add541c8a54400cf27ec1b09de3aedb4f
36491255296,1,01-devsecops,AUD-09,devsecops-audit,all_tools,true,alvo1,job,Staging + DAST - OWASP ZAP (alvo1-juiceshop),,2026-09-28T22:24:04Z,2026-09-28T23:14:32Z,3028,success,GitHub Actions 1000000228,7ad02b7add541c8a54400cf27ec1b09de3aedb4f
36491255296,1,01-devsecops,AUD-09,devsecops-audit,all_tools,true,alvo1,step,Staging + DAST - OWASP ZAP (alvo1-juiceshop),Set up job,2026-09-28T22:24:05Z,2026-09-28T22:24:07Z,2,success,GitHub Actions 1000000228,7ad02b7add541c8a54400cf27ec1b09de3aedb4f
36491255296,1,01-devsecops,AUD-09,devsecops-audit,all_tools,true,alvo1,step,Staging + DAST - OWASP ZAP (alvo1-juiceshop),Checkout,2026-09-28T22:24:07Z,2026-09-28T22:24:08Z,1,success,GitHub Actions 1000000228,7ad02b7add541c8a54400cf27ec1b09de3aedb4f
36491255296,1,01-devsecops,AUD-09,devsecops-audit,all_tools,true,alvo1,step,Staging + DAST - OWASP ZAP (alvo1-juiceshop),Carregar perfil do alvo,2026-09-28T22:24:08Z,2026-09-28T22:24:08Z,0,success,GitHub Actions 1000000228,7ad02b7add541c8a54400cf27ec1b09de3aedb4f
36491255296,1,01-devsecops,AUD-09,devsecops-audit,all_tools,true,alvo1,step,Staging + DAST - OWASP ZAP (alvo1-juiceshop),Baixar imagem construida,2026-09-28T22:24:08Z,2026-09-28T22:24:11Z,3,success,GitHub Actions 1000000228,7ad02b7add541c8a54400cf27ec1b09de3aedb4f
36491255296,1,01-devsecops,AUD-09,devsecops-audit,all_tools,true,alvo1,step,Staging + DAST - OWASP ZAP (alvo1-juiceshop),Carregar imagem no Docker,2026-09-28T22:24:11Z,2026-09-28T22:24:19Z,8,success,GitHub Actions 1000000228,7ad02b7add541c8a54400cf27ec1b09de3aedb4f
36491255296,1,01-devsecops,AUD-09,devsecops-audit,all_tools,true,alvo1,step,Staging + DAST - OWASP ZAP (alvo1-juiceshop),Staging (subir aplicacao e aguardar health check),2026-09-28T22:24:19Z,2026-09-28T22:24:22Z,3,success,GitHub Actions 1000000228,7ad02b7add541c8a54400cf27ec1b09de3aedb4f
36491255296,1,01-devsecops,AUD-09,devsecops-audit,all_tools,true,alvo1,step,Staging + DAST - OWASP ZAP (alvo1-juiceshop),Montar opcoes do ZAP,2026-09-28T22:24:22Z,2026-09-28T22:24:22Z,0,success,GitHub Actions 1000000228,7ad02b7add541c8a54400cf27ec1b09de3aedb4f
36491255296,1,01-devsecops,AUD-09,devsecops-audit,all_tools,true,alvo1,step,Staging + DAST - OWASP ZAP (alvo1-juiceshop),OWASP ZAP: full scan,2026-09-28T22:24:22Z,2026-09-28T23:14:25Z,3003,success,GitHub Actions 1000000228,7ad02b7add541c8a54400cf27ec1b09de3aedb4f
36491255296,1,01-devsecops,AUD-09,devsecops-audit,all_tools,true,alvo1,step,Staging + DAST - OWASP ZAP (alvo1-juiceshop),Verificar que o alvo sobreviveu ao DAST,2026-09-28T23:14:25Z,2026-09-28T23:14:25Z,0,success,GitHub Actions 1000000228,7ad02b7add541c8a54400cf27ec1b09de3aedb4f
36491255296,1,01-devsecops,AUD-09,devsecops-audit,all_tools,true,alvo1,step,Staging + DAST - OWASP ZAP (alvo1-juiceshop),Verificar que o ZAP produziu relatorio,2026-09-28T23:14:25Z,2026-09-28T23:14:25Z,0,success,GitHub Actions 1000000228,7ad02b7add541c8a54400cf27ec1b09de3aedb4f
36491255296,1,01-devsecops,AUD-09,devsecops-audit,all_tools,true,alvo1,step,Staging + DAST - OWASP ZAP (alvo1-juiceshop),Logs da aplicacao,2026-09-28T23:14:25Z,2026-09-28T23:14:25Z,0,success,GitHub Actions 1000000228,7ad02b7add541c8a54400cf27ec1b09de3aedb4f
36491255296,1,01-devsecops,AUD-09,devsecops-audit,all_tools,true,alvo1,step,Staging + DAST - OWASP ZAP (alvo1-juiceshop),Encerrar container,2026-09-28T23:14:25Z,2026-09-28T23:14:26Z,1,success,GitHub Actions 1000000228,7ad02b7add541c8a54400cf27ec1b09de3aedb4f
36491255296,1,01-devsecops,AUD-09,devsecops-audit,all_tools,true,alvo1,step,Staging + DAST - OWASP ZAP (alvo1-juiceshop),Run actions/upload-artifact@043fb46d1a93c77aae656e7c1c64a875d1fc6a0a,2026-09-28T23:14:26Z,2026-09-28T23:14:27Z,1,success,GitHub Actions 1000000228,7ad02b7add541c8a54400cf27ec1b09de3aedb4f
36491255296,1,01-devsecops,AUD-09,devsecops-audit,all_tools,true,alvo1,step,Staging + DAST - OWASP ZAP (alvo1-juiceshop),Baixar achados de SAST e SCA (gate pos-DAST),2026-09-28T23:14:27Z,2026-09-28T23:14:27Z,0,success,GitHub Actions 1000000228,7ad02b7add541c8a54400cf27ec1b09de3aedb4f
36491255296,1,01-devsecops,AUD-09,devsecops-audit,all_tools,true,alvo1,step,Staging + DAST - OWASP ZAP (alvo1-juiceshop),Quality Gate pos-DAST (escopo all_tools),2026-09-28T23:14:27Z,2026-09-28T23:14:30Z,3,success,GitHub Actions 1000000228,7ad02b7add541c8a54400cf27ec1b09de3aedb4f
36491255296,1,01-devsecops,AUD-09,devsecops-audit,all_tools,true,alvo1,step,Staging + DAST - OWASP ZAP (alvo1-juiceshop),Run actions/upload-artifact@043fb46d1a93c77aae656e7c1c64a875d1fc6a0a,2026-09-28T23:14:30Z,2026-09-28T23:14:31Z,1,success,GitHub Actions 1000000228,7ad02b7add541c8a54400cf27ec1b09de3aedb4f
36491255296,1,01-devsecops,AUD-09,devsecops-audit,all_tools,true,alvo1,step,Staging + DAST - OWASP ZAP (alvo1-juiceshop),Post Checkout,2026-09-28T23:14:31Z,2026-09-28T23:14:31Z,0,success,GitHub Actions 1000000228,7ad02b7add541c8a54400cf27ec1b09de3aedb4f
36491255296,1,01-devsecops,AUD-09,devsecops-audit,all_tools,true,alvo1,step,Staging + DAST - OWASP ZAP (alvo1-juiceshop),Complete job,2026-09-28T23:14:31Z,2026-09-28T23:14:31Z,0,success,GitHub Actions 1000000228,7ad02b7add541c8a54400cf27ec1b09de3aedb4f
36491255296,1,01-devsecops,AUD-09,devsecops-audit,all_tools,true,alvo2,job,Staging + DAST - OWASP ZAP (alvo2-uptimekuma),,2026-09-28T22:24:05Z,2026-09-28T22:29:12Z,307,success,GitHub Actions 1000000229,7ad02b7add541c8a54400cf27ec1b09de3aedb4f
36491255296,1,01-devsecops,AUD-09,devsecops-audit,all_tools,true,alvo2,step,Staging + DAST - OWASP ZAP (alvo2-uptimekuma),Set up job,2026-09-28T22:24:06Z,2026-09-28T22:24:07Z,1,success,GitHub Actions 1000000229,7ad02b7add541c8a54400cf27ec1b09de3aedb4f
36491255296,1,01-devsecops,AUD-09,devsecops-audit,all_tools,true,alvo2,step,Staging + DAST - OWASP ZAP (alvo2-uptimekuma),Checkout,2026-09-28T22:24:07Z,2026-09-28T22:24:08Z,1,success,GitHub Actions 1000000229,7ad02b7add541c8a54400cf27ec1b09de3aedb4f
36491255296,1,01-devsecops,AUD-09,devsecops-audit,all_tools,true,alvo2,step,Staging + DAST - OWASP ZAP (alvo2-uptimekuma),Carregar perfil do alvo,2026-09-28T22:24:08Z,2026-09-28T22:24:08Z,0,success,GitHub Actions 1000000229,7ad02b7add541c8a54400cf27ec1b09de3aedb4f
36491255296,1,01-devsecops,AUD-09,devsecops-audit,all_tools,true,alvo2,step,Staging + DAST - OWASP ZAP (alvo2-uptimekuma),Baixar imagem construida,2026-09-28T22:24:08Z,2026-09-28T22:24:26Z,18,success,GitHub Actions 1000000229,7ad02b7add541c8a54400cf27ec1b09de3aedb4f
36491255296,1,01-devsecops,AUD-09,devsecops-audit,all_tools,true,alvo2,step,Staging + DAST - OWASP ZAP (alvo2-uptimekuma),Carregar imagem no Docker,2026-09-28T22:24:26Z,2026-09-28T22:24:53Z,27,success,GitHub Actions 1000000229,7ad02b7add541c8a54400cf27ec1b09de3aedb4f
36491255296,1,01-devsecops,AUD-09,devsecops-audit,all_tools,true,alvo2,step,Staging + DAST - OWASP ZAP (alvo2-uptimekuma),Staging (subir aplicacao e aguardar health check),2026-09-28T22:24:53Z,2026-09-28T22:24:56Z,3,success,GitHub Actions 1000000229,7ad02b7add541c8a54400cf27ec1b09de3aedb4f
36491255296,1,01-devsecops,AUD-09,devsecops-audit,all_tools,true,alvo2,step,Staging + DAST - OWASP ZAP (alvo2-uptimekuma),Montar opcoes do ZAP,2026-09-28T22:24:56Z,2026-09-28T22:24:56Z,0,success,GitHub Actions 1000000229,7ad02b7add541c8a54400cf27ec1b09de3aedb4f
36491255296,1,01-devsecops,AUD-09,devsecops-audit,all_tools,true,alvo2,step,Staging + DAST - OWASP ZAP (alvo2-uptimekuma),OWASP ZAP: full scan,2026-09-28T22:24:56Z,2026-09-28T22:29:06Z,250,success,GitHub Actions 1000000229,7ad02b7add541c8a54400cf27ec1b09de3aedb4f
36491255296,1,01-devsecops,AUD-09,devsecops-audit,all_tools,true,alvo2,step,Staging + DAST - OWASP ZAP (alvo2-uptimekuma),Verificar que o alvo sobreviveu ao DAST,2026-09-28T22:29:06Z,2026-09-28T22:29:06Z,0,success,GitHub Actions 1000000229,7ad02b7add541c8a54400cf27ec1b09de3aedb4f
36491255296,1,01-devsecops,AUD-09,devsecops-audit,all_tools,true,alvo2,step,Staging + DAST - OWASP ZAP (alvo2-uptimekuma),Verificar que o ZAP produziu relatorio,2026-09-28T22:29:06Z,2026-09-28T22:29:06Z,0,success,GitHub Actions 1000000229,7ad02b7add541c8a54400cf27ec1b09de3aedb4f
36491255296,1,01-devsecops,AUD-09,devsecops-audit,all_tools,true,alvo2,step,Staging + DAST - OWASP ZAP (alvo2-uptimekuma),Logs da aplicacao,2026-09-28T22:29:06Z,2026-09-28T22:29:06Z,0,success,GitHub Actions 1000000229,7ad02b7add541c8a54400cf27ec1b09de3aedb4f
36491255296,1,01-devsecops,AUD-09,devsecops-audit,all_tools,true,alvo2,step,Staging + DAST - OWASP ZAP (alvo2-uptimekuma),Encerrar container,2026-09-28T22:29:06Z,2026-09-28T22:29:06Z,0,success,GitHub Actions 1000000229,7ad02b7add541c8a54400cf27ec1b09de3aedb4f
36491255296,1,01-devsecops,AUD-09,devsecops-audit,all_tools,true,alvo2,step,Staging + DAST - OWASP ZAP (alvo2-uptimekuma),Run actions/upload-artifact@043fb46d1a93c77aae656e7c1c64a875d1fc6a0a,2026-09-28T22:29:06Z,2026-09-28T22:29:07Z,1,success,GitHub Actions 1000000229,7ad02b7add541c8a54400cf27ec1b09de3aedb4f
36491255296,1,01-devsecops,AUD-09,devsecops-audit,all_tools,true,alvo2,step,Staging + DAST - OWASP ZAP (alvo2-uptimekuma),Baixar achados de SAST e SCA (gate pos-DAST),2026-09-28T22:29:07Z,2026-09-28T22:29:08Z,1,success,GitHub Actions 1000000229,7ad02b7add541c8a54400cf27ec1b09de3aedb4f
36491255296,1,01-devsecops,AUD-09,devsecops-audit,all_tools,true,alvo2,step,Staging + DAST - OWASP ZAP (alvo2-uptimekuma),Quality Gate pos-DAST (escopo all_tools),2026-09-28T22:29:08Z,2026-09-28T22:29:10Z,2,success,GitHub Actions 1000000229,7ad02b7add541c8a54400cf27ec1b09de3aedb4f
36491255296,1,01-devsecops,AUD-09,devsecops-audit,all_tools,true,alvo2,step,Staging + DAST - OWASP ZAP (alvo2-uptimekuma),Run actions/upload-artifact@043fb46d1a93c77aae656e7c1c64a875d1fc6a0a,2026-09-28T22:29:10Z,2026-09-28T22:29:11Z,1,success,GitHub Actions 1000000229,7ad02b7add541c8a54400cf27ec1b09de3aedb4f
36491255296,1,01-devsecops,AUD-09,devsecops-audit,all_tools,true,alvo2,step,Staging + DAST - OWASP ZAP (alvo2-uptimekuma),Post Checkout,2026-09-28T22:29:11Z,2026-09-28T22:29:11Z,0,success,GitHub Actions 1000000229,7ad02b7add541c8a54400cf27ec1b09de3aedb4f
36491255296,1,01-devsecops,AUD-09,devsecops-audit,all_tools,true,alvo2,step,Staging + DAST - OWASP ZAP (alvo2-uptimekuma),Complete job,2026-09-28T22:29:11Z,2026-09-28T22:29:11Z,0,success,GitHub Actions 1000000229,7ad02b7add541c8a54400cf27ec1b09de3aedb4f
36491275569,1,00-baseline,BASE-10,baseline,,,alvo1,job,Baseline (alvo1-juiceshop),,2026-09-28T22:15:21Z,2026-09-28T22:17:50Z,149,success,GitHub Actions 1000000210,7ad02b7add541c8a54400cf27ec1b09de3aedb4f
36491275569,1,00-baseline,BASE-10,baseline,,,alvo1,step,Baseline (alvo1-juiceshop),Set up job,2026-09-28T22:15:22Z,2026-09-28T22:15:23Z,1,success,GitHub Actions 1000000210,7ad02b7add541c8a54400cf27ec1b09de3aedb4f
36491275569,1,00-baseline,BASE-10,baseline,,,alvo1,step,Baseline (alvo1-juiceshop),Checkout (com submodulos),2026-09-28T22:15:23Z,2026-09-28T22:15:30Z,7,success,GitHub Actions 1000000210,7ad02b7add541c8a54400cf27ec1b09de3aedb4f
36491275569,1,00-baseline,BASE-10,baseline,,,alvo1,step,Baseline (alvo1-juiceshop),Carregar perfil do alvo,2026-09-28T22:15:30Z,2026-09-28T22:15:30Z,0,success,GitHub Actions 1000000210,7ad02b7add541c8a54400cf27ec1b09de3aedb4f
36491275569,1,00-baseline,BASE-10,baseline,,,alvo1,step,Baseline (alvo1-juiceshop),Instalar Node.js (quando exigido pelo alvo),2026-09-28T22:15:30Z,2026-09-28T22:15:30Z,0,skipped,GitHub Actions 1000000210,7ad02b7add541c8a54400cf27ec1b09de3aedb4f
36491275569,1,00-baseline,BASE-10,baseline,,,alvo1,step,Baseline (alvo1-juiceshop),Pre-build da aplicacao (quando exigido pelo alvo),2026-09-28T22:15:30Z,2026-09-28T22:15:30Z,0,skipped,GitHub Actions 1000000210,7ad02b7add541c8a54400cf27ec1b09de3aedb4f
36491275569,1,00-baseline,BASE-10,baseline,,,alvo1,step,Baseline (alvo1-juiceshop),Build da imagem Docker,2026-09-28T22:15:30Z,2026-09-28T22:17:45Z,135,success,GitHub Actions 1000000210,7ad02b7add541c8a54400cf27ec1b09de3aedb4f
36491275569,1,00-baseline,BASE-10,baseline,,,alvo1,step,Baseline (alvo1-juiceshop),Staging (subir aplicacao e aguardar health check),2026-09-28T22:17:45Z,2026-09-28T22:17:47Z,2,success,GitHub Actions 1000000210,7ad02b7add541c8a54400cf27ec1b09de3aedb4f
36491275569,1,00-baseline,BASE-10,baseline,,,alvo1,step,Baseline (alvo1-juiceshop),Encerrar container,2026-09-28T22:17:47Z,2026-09-28T22:17:47Z,0,success,GitHub Actions 1000000210,7ad02b7add541c8a54400cf27ec1b09de3aedb4f
36491275569,1,00-baseline,BASE-10,baseline,,,alvo1,step,Baseline (alvo1-juiceshop),Post Checkout (com submodulos),2026-09-28T22:17:47Z,2026-09-28T22:17:48Z,1,success,GitHub Actions 1000000210,7ad02b7add541c8a54400cf27ec1b09de3aedb4f
36491275569,1,00-baseline,BASE-10,baseline,,,alvo1,step,Baseline (alvo1-juiceshop),Complete job,2026-09-28T22:17:48Z,2026-09-28T22:17:48Z,0,success,GitHub Actions 1000000210,7ad02b7add541c8a54400cf27ec1b09de3aedb4f
36491275569,1,00-baseline,BASE-10,baseline,,,alvo2,job,Baseline (alvo2-uptimekuma),,2026-09-28T22:15:21Z,2026-09-28T22:18:06Z,165,success,GitHub Actions 1000000211,7ad02b7add541c8a54400cf27ec1b09de3aedb4f
36491275569,1,00-baseline,BASE-10,baseline,,,alvo2,step,Baseline (alvo2-uptimekuma),Set up job,2026-09-28T22:15:21Z,2026-09-28T22:15:23Z,2,success,GitHub Actions 1000000211,7ad02b7add541c8a54400cf27ec1b09de3aedb4f
36491275569,1,00-baseline,BASE-10,baseline,,,alvo2,step,Baseline (alvo2-uptimekuma),Checkout (com submodulos),2026-09-28T22:15:23Z,2026-09-28T22:15:28Z,5,success,GitHub Actions 1000000211,7ad02b7add541c8a54400cf27ec1b09de3aedb4f
36491275569,1,00-baseline,BASE-10,baseline,,,alvo2,step,Baseline (alvo2-uptimekuma),Carregar perfil do alvo,2026-09-28T22:15:28Z,2026-09-28T22:15:28Z,0,success,GitHub Actions 1000000211,7ad02b7add541c8a54400cf27ec1b09de3aedb4f
36491275569,1,00-baseline,BASE-10,baseline,,,alvo2,step,Baseline (alvo2-uptimekuma),Instalar Node.js (quando exigido pelo alvo),2026-09-28T22:15:28Z,2026-09-28T22:15:31Z,3,success,GitHub Actions 1000000211,7ad02b7add541c8a54400cf27ec1b09de3aedb4f
36491275569,1,00-baseline,BASE-10,baseline,,,alvo2,step,Baseline (alvo2-uptimekuma),Pre-build da aplicacao (quando exigido pelo alvo),2026-09-28T22:15:31Z,2026-09-28T22:17:04Z,93,success,GitHub Actions 1000000211,7ad02b7add541c8a54400cf27ec1b09de3aedb4f
36491275569,1,00-baseline,BASE-10,baseline,,,alvo2,step,Baseline (alvo2-uptimekuma),Build da imagem Docker,2026-09-28T22:17:04Z,2026-09-28T22:18:00Z,56,success,GitHub Actions 1000000211,7ad02b7add541c8a54400cf27ec1b09de3aedb4f
36491275569,1,00-baseline,BASE-10,baseline,,,alvo2,step,Baseline (alvo2-uptimekuma),Staging (subir aplicacao e aguardar health check),2026-09-28T22:18:00Z,2026-09-28T22:18:04Z,4,success,GitHub Actions 1000000211,7ad02b7add541c8a54400cf27ec1b09de3aedb4f
36491275569,1,00-baseline,BASE-10,baseline,,,alvo2,step,Baseline (alvo2-uptimekuma),Encerrar container,2026-09-28T22:18:04Z,2026-09-28T22:18:04Z,0,success,GitHub Actions 1000000211,7ad02b7add541c8a54400cf27ec1b09de3aedb4f
36491275569,1,00-baseline,BASE-10,baseline,,,alvo2,step,Baseline (alvo2-uptimekuma),Post Instalar Node.js (quando exigido pelo alvo),2026-09-28T22:18:04Z,2026-09-28T22:18:04Z,0,success,GitHub Actions 1000000211,7ad02b7add541c8a54400cf27ec1b09de3aedb4f
36491275569,1,00-baseline,BASE-10,baseline,,,alvo2,step,Baseline (alvo2-uptimekuma),Post Checkout (com submodulos),2026-09-28T22:18:04Z,2026-09-28T22:18:04Z,0,success,GitHub Actions 1000000211,7ad02b7add541c8a54400cf27ec1b09de3aedb4f
36491275569,1,00-baseline,BASE-10,baseline,,,alvo2,step,Baseline (alvo2-uptimekuma),Complete job,2026-09-28T22:18:04Z,2026-09-28T22:18:04Z,0,success,GitHub Actions 1000000211,7ad02b7add541c8a54400cf27ec1b09de3aedb4f
36491525012,1,01-devsecops,AUD-10,devsecops-audit,all_tools,true,alvo1,job,SAST - Semgrep (alvo1-juiceshop),,2026-09-28T22:17:48Z,2026-09-28T22:19:24Z,96,success,GitHub Actions 1000000212,7ad02b7add541c8a54400cf27ec1b09de3aedb4f
36491525012,1,01-devsecops,AUD-10,devsecops-audit,all_tools,true,alvo1,step,SAST - Semgrep (alvo1-juiceshop),Set up job,2026-09-28T22:17:48Z,2026-09-28T22:17:49Z,1,success,GitHub Actions 1000000212,7ad02b7add541c8a54400cf27ec1b09de3aedb4f
36491525012,1,01-devsecops,AUD-10,devsecops-audit,all_tools,true,alvo1,step,SAST - Semgrep (alvo1-juiceshop),Initialize containers,2026-09-28T22:17:49Z,2026-09-28T22:18:02Z,13,success,GitHub Actions 1000000212,7ad02b7add541c8a54400cf27ec1b09de3aedb4f
36491525012,1,01-devsecops,AUD-10,devsecops-audit,all_tools,true,alvo1,step,SAST - Semgrep (alvo1-juiceshop),Checkout (com submodulos),2026-09-28T22:18:02Z,2026-09-28T22:18:09Z,7,success,GitHub Actions 1000000212,7ad02b7add541c8a54400cf27ec1b09de3aedb4f
36491525012,1,01-devsecops,AUD-10,devsecops-audit,all_tools,true,alvo1,step,SAST - Semgrep (alvo1-juiceshop),Carregar perfil do alvo,2026-09-28T22:18:09Z,2026-09-28T22:18:09Z,0,success,GitHub Actions 1000000212,7ad02b7add541c8a54400cf27ec1b09de3aedb4f
36491525012,1,01-devsecops,AUD-10,devsecops-audit,all_tools,true,alvo1,step,SAST - Semgrep (alvo1-juiceshop),Semgrep scan,2026-09-28T22:18:09Z,2026-09-28T22:19:20Z,71,success,GitHub Actions 1000000212,7ad02b7add541c8a54400cf27ec1b09de3aedb4f
36491525012,1,01-devsecops,AUD-10,devsecops-audit,all_tools,true,alvo1,step,SAST - Semgrep (alvo1-juiceshop),Run actions/upload-artifact@043fb46d1a93c77aae656e7c1c64a875d1fc6a0a,2026-09-28T22:19:20Z,2026-09-28T22:19:21Z,1,success,GitHub Actions 1000000212,7ad02b7add541c8a54400cf27ec1b09de3aedb4f
36491525012,1,01-devsecops,AUD-10,devsecops-audit,all_tools,true,alvo1,step,SAST - Semgrep (alvo1-juiceshop),Post Checkout (com submodulos),2026-09-28T22:19:21Z,2026-09-28T22:19:22Z,1,success,GitHub Actions 1000000212,7ad02b7add541c8a54400cf27ec1b09de3aedb4f
36491525012,1,01-devsecops,AUD-10,devsecops-audit,all_tools,true,alvo1,step,SAST - Semgrep (alvo1-juiceshop),Stop containers,2026-09-28T22:19:22Z,2026-09-28T22:19:22Z,0,success,GitHub Actions 1000000212,7ad02b7add541c8a54400cf27ec1b09de3aedb4f
36491525012,1,01-devsecops,AUD-10,devsecops-audit,all_tools,true,alvo1,step,SAST - Semgrep (alvo1-juiceshop),Complete job,2026-09-28T22:19:22Z,2026-09-28T22:19:22Z,0,success,GitHub Actions 1000000212,7ad02b7add541c8a54400cf27ec1b09de3aedb4f
36491525012,1,01-devsecops,AUD-10,devsecops-audit,all_tools,true,alvo2,job,SAST - Semgrep (alvo2-uptimekuma),,2026-09-28T22:17:47Z,2026-09-28T22:18:46Z,59,success,GitHub Actions 1000000213,7ad02b7add541c8a54400cf27ec1b09de3aedb4f
36491525012,1,01-devsecops,AUD-10,devsecops-audit,all_tools,true,alvo2,step,SAST - Semgrep (alvo2-uptimekuma),Set up job,2026-09-28T22:17:48Z,2026-09-28T22:17:49Z,1,success,GitHub Actions 1000000213,7ad02b7add541c8a54400cf27ec1b09de3aedb4f
36491525012,1,01-devsecops,AUD-10,devsecops-audit,all_tools,true,alvo2,step,SAST - Semgrep (alvo2-uptimekuma),Initialize containers,2026-09-28T22:17:49Z,2026-09-28T22:18:02Z,13,success,GitHub Actions 1000000213,7ad02b7add541c8a54400cf27ec1b09de3aedb4f
36491525012,1,01-devsecops,AUD-10,devsecops-audit,all_tools,true,alvo2,step,SAST - Semgrep (alvo2-uptimekuma),Checkout (com submodulos),2026-09-28T22:18:02Z,2026-09-28T22:18:08Z,6,success,GitHub Actions 1000000213,7ad02b7add541c8a54400cf27ec1b09de3aedb4f
36491525012,1,01-devsecops,AUD-10,devsecops-audit,all_tools,true,alvo2,step,SAST - Semgrep (alvo2-uptimekuma),Carregar perfil do alvo,2026-09-28T22:18:08Z,2026-09-28T22:18:08Z,0,success,GitHub Actions 1000000213,7ad02b7add541c8a54400cf27ec1b09de3aedb4f
36491525012,1,01-devsecops,AUD-10,devsecops-audit,all_tools,true,alvo2,step,SAST - Semgrep (alvo2-uptimekuma),Semgrep scan,2026-09-28T22:18:08Z,2026-09-28T22:18:43Z,35,success,GitHub Actions 1000000213,7ad02b7add541c8a54400cf27ec1b09de3aedb4f
36491525012,1,01-devsecops,AUD-10,devsecops-audit,all_tools,true,alvo2,step,SAST - Semgrep (alvo2-uptimekuma),Run actions/upload-artifact@043fb46d1a93c77aae656e7c1c64a875d1fc6a0a,2026-09-28T22:18:43Z,2026-09-28T22:18:44Z,1,success,GitHub Actions 1000000213,7ad02b7add541c8a54400cf27ec1b09de3aedb4f
36491525012,1,01-devsecops,AUD-10,devsecops-audit,all_tools,true,alvo2,step,SAST - Semgrep (alvo2-uptimekuma),Post Checkout (com submodulos),2026-09-28T22:18:44Z,2026-09-28T22:18:44Z,0,success,GitHub Actions 1000000213,7ad02b7add541c8a54400cf27ec1b09de3aedb4f
36491525012,1,01-devsecops,AUD-10,devsecops-audit,all_tools,true,alvo2,step,SAST - Semgrep (alvo2-uptimekuma),Stop containers,2026-09-28T22:18:44Z,2026-09-28T22:18:44Z,0,success,GitHub Actions 1000000213,7ad02b7add541c8a54400cf27ec1b09de3aedb4f
36491525012,1,01-devsecops,AUD-10,devsecops-audit,all_tools,true,alvo2,step,SAST - Semgrep (alvo2-uptimekuma),Complete job,2026-09-28T22:18:44Z,2026-09-28T22:18:44Z,0,success,GitHub Actions 1000000213,7ad02b7add541c8a54400cf27ec1b09de3aedb4f
36491525012,1,01-devsecops,AUD-10,devsecops-audit,all_tools,true,alvo2,job,Build (alvo2-uptimekuma),,2026-09-28T22:19:27Z,2026-09-28T22:22:57Z,210,success,GitHub Actions 1000000216,7ad02b7add541c8a54400cf27ec1b09de3aedb4f
36491525012,1,01-devsecops,AUD-10,devsecops-audit,all_tools,true,alvo2,step,Build (alvo2-uptimekuma),Set up job,2026-09-28T22:19:27Z,2026-09-28T22:19:28Z,1,success,GitHub Actions 1000000216,7ad02b7add541c8a54400cf27ec1b09de3aedb4f
36491525012,1,01-devsecops,AUD-10,devsecops-audit,all_tools,true,alvo2,step,Build (alvo2-uptimekuma),Checkout (com submodulos),2026-09-28T22:19:28Z,2026-09-28T22:19:33Z,5,success,GitHub Actions 1000000216,7ad02b7add541c8a54400cf27ec1b09de3aedb4f
36491525012,1,01-devsecops,AUD-10,devsecops-audit,all_tools,true,alvo2,step,Build (alvo2-uptimekuma),Carregar perfil do alvo,2026-09-28T22:19:33Z,2026-09-28T22:19:33Z,0,success,GitHub Actions 1000000216,7ad02b7add541c8a54400cf27ec1b09de3aedb4f
36491525012,1,01-devsecops,AUD-10,devsecops-audit,all_tools,true,alvo2,step,Build (alvo2-uptimekuma),Instalar Node.js (quando exigido pelo alvo),2026-09-28T22:19:33Z,2026-09-28T22:19:34Z,1,success,GitHub Actions 1000000216,7ad02b7add541c8a54400cf27ec1b09de3aedb4f
36491525012,1,01-devsecops,AUD-10,devsecops-audit,all_tools,true,alvo2,step,Build (alvo2-uptimekuma),Pre-build da aplicacao (quando exigido pelo alvo),2026-09-28T22:19:34Z,2026-09-28T22:21:16Z,102,success,GitHub Actions 1000000216,7ad02b7add541c8a54400cf27ec1b09de3aedb4f
36491525012,1,01-devsecops,AUD-10,devsecops-audit,all_tools,true,alvo2,step,Build (alvo2-uptimekuma),Build da imagem Docker,2026-09-28T22:21:16Z,2026-09-28T22:22:10Z,54,success,GitHub Actions 1000000216,7ad02b7add541c8a54400cf27ec1b09de3aedb4f
36491525012,1,01-devsecops,AUD-10,devsecops-audit,all_tools,true,alvo2,step,Build (alvo2-uptimekuma),Run actions/upload-artifact@043fb46d1a93c77aae656e7c1c64a875d1fc6a0a,2026-09-28T22:22:10Z,2026-09-28T22:22:56Z,46,success,GitHub Actions 1000000216,7ad02b7add541c8a54400cf27ec1b09de3aedb4f
36491525012,1,01-devsecops,AUD-10,devsecops-audit,all_tools,true,alvo2,step,Build (alvo2-uptimekuma),Post Instalar Node.js (quando exigido pelo alvo),2026-09-28T22:22:56Z,2026-09-28T22:22:56Z,0,success,GitHub Actions 1000000216,7ad02b7add541c8a54400cf27ec1b09de3aedb4f
36491525012,1,01-devsecops,AUD-10,devsecops-audit,all_tools,true,alvo2,step,Build (alvo2-uptimekuma),Post Checkout (com submodulos),2026-09-28T22:22:56Z,2026-09-28T22:22:56Z,0,success,GitHub Actions 1000000216,7ad02b7add541c8a54400cf27ec1b09de3aedb4f
36491525012,1,01-devsecops,AUD-10,devsecops-audit,all_tools,true,alvo2,step,Build (alvo2-uptimekuma),Complete job,2026-09-28T22:22:56Z,2026-09-28T22:22:56Z,0,success,GitHub Actions 1000000216,7ad02b7add541c8a54400cf27ec1b09de3aedb4f
36491525012,1,01-devsecops,AUD-10,devsecops-audit,all_tools,true,alvo1,job,Build (alvo1-juiceshop),,2026-09-28T22:19:27Z,2026-09-28T22:22:02Z,155,success,GitHub Actions 1000000217,7ad02b7add541c8a54400cf27ec1b09de3aedb4f
36491525012,1,01-devsecops,AUD-10,devsecops-audit,all_tools,true,alvo1,step,Build (alvo1-juiceshop),Set up job,2026-09-28T22:19:27Z,2026-09-28T22:19:28Z,1,success,GitHub Actions 1000000217,7ad02b7add541c8a54400cf27ec1b09de3aedb4f
36491525012,1,01-devsecops,AUD-10,devsecops-audit,all_tools,true,alvo1,step,Build (alvo1-juiceshop),Checkout (com submodulos),2026-09-28T22:19:28Z,2026-09-28T22:19:35Z,7,success,GitHub Actions 1000000217,7ad02b7add541c8a54400cf27ec1b09de3aedb4f
36491525012,1,01-devsecops,AUD-10,devsecops-audit,all_tools,true,alvo1,step,Build (alvo1-juiceshop),Carregar perfil do alvo,2026-09-28T22:19:35Z,2026-09-28T22:19:35Z,0,success,GitHub Actions 1000000217,7ad02b7add541c8a54400cf27ec1b09de3aedb4f
36491525012,1,01-devsecops,AUD-10,devsecops-audit,all_tools,true,alvo1,step,Build (alvo1-juiceshop),Instalar Node.js (quando exigido pelo alvo),2026-09-28T22:19:35Z,2026-09-28T22:19:35Z,0,skipped,GitHub Actions 1000000217,7ad02b7add541c8a54400cf27ec1b09de3aedb4f
36491525012,1,01-devsecops,AUD-10,devsecops-audit,all_tools,true,alvo1,step,Build (alvo1-juiceshop),Pre-build da aplicacao (quando exigido pelo alvo),2026-09-28T22:19:35Z,2026-09-28T22:19:35Z,0,skipped,GitHub Actions 1000000217,7ad02b7add541c8a54400cf27ec1b09de3aedb4f
36491525012,1,01-devsecops,AUD-10,devsecops-audit,all_tools,true,alvo1,step,Build (alvo1-juiceshop),Build da imagem Docker,2026-09-28T22:19:35Z,2026-09-28T22:21:50Z,135,success,GitHub Actions 1000000217,7ad02b7add541c8a54400cf27ec1b09de3aedb4f
36491525012,1,01-devsecops,AUD-10,devsecops-audit,all_tools,true,alvo1,step,Build (alvo1-juiceshop),Run actions/upload-artifact@043fb46d1a93c77aae656e7c1c64a875d1fc6a0a,2026-09-28T22:21:50Z,2026-09-28T22:22:00Z,10,success,GitHub Actions 1000000217,7ad02b7add541c8a54400cf27ec1b09de3aedb4f
36491525012,1,01-devsecops,AUD-10,devsecops-audit,all_tools,true,alvo1,step,Build (alvo1-juiceshop),Post Checkout (com submodulos),2026-09-28T22:22:00Z,2026-09-28T22:22:01Z,1,success,GitHub Actions 1000000217,7ad02b7add541c8a54400cf27ec1b09de3aedb4f
36491525012,1,01-devsecops,AUD-10,devsecops-audit,all_tools,true,alvo1,step,Build (alvo1-juiceshop),Complete job,2026-09-28T22:22:01Z,2026-09-28T22:22:01Z,0,success,GitHub Actions 1000000217,7ad02b7add541c8a54400cf27ec1b09de3aedb4f
36491525012,1,01-devsecops,AUD-10,devsecops-audit,all_tools,true,alvo1,job,SCA - Trivy (alvo1-juiceshop),,2026-09-28T22:23:00Z,2026-09-28T22:23:47Z,47,success,GitHub Actions 1000000224,7ad02b7add541c8a54400cf27ec1b09de3aedb4f
36491525012,1,01-devsecops,AUD-10,devsecops-audit,all_tools,true,alvo1,step,SCA - Trivy (alvo1-juiceshop),Set up job,2026-09-28T22:23:01Z,2026-09-28T22:23:03Z,2,success,GitHub Actions 1000000224,7ad02b7add541c8a54400cf27ec1b09de3aedb4f
36491525012,1,01-devsecops,AUD-10,devsecops-audit,all_tools,true,alvo1,step,SCA - Trivy (alvo1-juiceshop),Checkout (com submodulos),2026-09-28T22:23:03Z,2026-09-28T22:23:12Z,9,success,GitHub Actions 1000000224,7ad02b7add541c8a54400cf27ec1b09de3aedb4f
36491525012,1,01-devsecops,AUD-10,devsecops-audit,all_tools,true,alvo1,step,SCA - Trivy (alvo1-juiceshop),Carregar perfil do alvo,2026-09-28T22:23:12Z,2026-09-28T22:23:13Z,1,success,GitHub Actions 1000000224,7ad02b7add541c8a54400cf27ec1b09de3aedb4f
36491525012,1,01-devsecops,AUD-10,devsecops-audit,all_tools,true,alvo1,step,SCA - Trivy (alvo1-juiceshop),Baixar imagem construida,2026-09-28T22:23:13Z,2026-09-28T22:23:18Z,5,success,GitHub Actions 1000000224,7ad02b7add541c8a54400cf27ec1b09de3aedb4f
36491525012,1,01-devsecops,AUD-10,devsecops-audit,all_tools,true,alvo1,step,SCA - Trivy (alvo1-juiceshop),Carregar imagem no Docker,2026-09-28T22:23:18Z,2026-09-28T22:23:26Z,8,success,GitHub Actions 1000000224,7ad02b7add541c8a54400cf27ec1b09de3aedb4f
36491525012,1,01-devsecops,AUD-10,devsecops-audit,all_tools,true,alvo1,step,SCA - Trivy (alvo1-juiceshop),Instalar Trivy,2026-09-28T22:23:26Z,2026-09-28T22:23:28Z,2,success,GitHub Actions 1000000224,7ad02b7add541c8a54400cf27ec1b09de3aedb4f
36491525012,1,01-devsecops,AUD-10,devsecops-audit,all_tools,true,alvo1,step,SCA - Trivy (alvo1-juiceshop),"Trivy: vulnerabilidades da imagem (D9, fonte unica de SCA)",2026-09-28T22:23:28Z,2026-09-28T22:23:40Z,12,success,GitHub Actions 1000000224,7ad02b7add541c8a54400cf27ec1b09de3aedb4f
36491525012,1,01-devsecops,AUD-10,devsecops-audit,all_tools,true,alvo1,step,SCA - Trivy (alvo1-juiceshop),Trivy: segredos no codigo-fonte,2026-09-28T22:23:40Z,2026-09-28T22:23:41Z,1,success,GitHub Actions 1000000224,7ad02b7add541c8a54400cf27ec1b09de3aedb4f
36491525012,1,01-devsecops,AUD-10,devsecops-audit,all_tools,true,alvo1,step,SCA - Trivy (alvo1-juiceshop),Trivy: IaC (Dockerfile),2026-09-28T22:23:41Z,2026-09-28T22:23:44Z,3,success,GitHub Actions 1000000224,7ad02b7add541c8a54400cf27ec1b09de3aedb4f
36491525012,1,01-devsecops,AUD-10,devsecops-audit,all_tools,true,alvo1,step,SCA - Trivy (alvo1-juiceshop),Run actions/upload-artifact@043fb46d1a93c77aae656e7c1c64a875d1fc6a0a,2026-09-28T22:23:44Z,2026-09-28T22:23:45Z,1,success,GitHub Actions 1000000224,7ad02b7add541c8a54400cf27ec1b09de3aedb4f
36491525012,1,01-devsecops,AUD-10,devsecops-audit,all_tools,true,alvo1,step,SCA - Trivy (alvo1-juiceshop),Post Instalar Trivy,2026-09-28T22:23:45Z,2026-09-28T22:23:45Z,0,success,GitHub Actions 1000000224,7ad02b7add541c8a54400cf27ec1b09de3aedb4f
36491525012,1,01-devsecops,AUD-10,devsecops-audit,all_tools,true,alvo1,step,SCA - Trivy (alvo1-juiceshop),Post Checkout (com submodulos),2026-09-28T22:23:45Z,2026-09-28T22:23:45Z,0,success,GitHub Actions 1000000224,7ad02b7add541c8a54400cf27ec1b09de3aedb4f
36491525012,1,01-devsecops,AUD-10,devsecops-audit,all_tools,true,alvo1,step,SCA - Trivy (alvo1-juiceshop),Complete job,2026-09-28T22:23:45Z,2026-09-28T22:23:45Z,0,success,GitHub Actions 1000000224,7ad02b7add541c8a54400cf27ec1b09de3aedb4f
36491525012,1,01-devsecops,AUD-10,devsecops-audit,all_tools,true,alvo2,job,SCA - Trivy (alvo2-uptimekuma),,2026-09-28T22:23:00Z,2026-09-28T22:24:13Z,73,success,GitHub Actions 1000000225,7ad02b7add541c8a54400cf27ec1b09de3aedb4f
36491525012,1,01-devsecops,AUD-10,devsecops-audit,all_tools,true,alvo2,step,SCA - Trivy (alvo2-uptimekuma),Set up job,2026-09-28T22:23:00Z,2026-09-28T22:23:01Z,1,success,GitHub Actions 1000000225,7ad02b7add541c8a54400cf27ec1b09de3aedb4f
36491525012,1,01-devsecops,AUD-10,devsecops-audit,all_tools,true,alvo2,step,SCA - Trivy (alvo2-uptimekuma),Checkout (com submodulos),2026-09-28T22:23:01Z,2026-09-28T22:23:07Z,6,success,GitHub Actions 1000000225,7ad02b7add541c8a54400cf27ec1b09de3aedb4f
36491525012,1,01-devsecops,AUD-10,devsecops-audit,all_tools,true,alvo2,step,SCA - Trivy (alvo2-uptimekuma),Carregar perfil do alvo,2026-09-28T22:23:07Z,2026-09-28T22:23:07Z,0,success,GitHub Actions 1000000225,7ad02b7add541c8a54400cf27ec1b09de3aedb4f
36491525012,1,01-devsecops,AUD-10,devsecops-audit,all_tools,true,alvo2,step,SCA - Trivy (alvo2-uptimekuma),Baixar imagem construida,2026-09-28T22:23:07Z,2026-09-28T22:23:21Z,14,success,GitHub Actions 1000000225,7ad02b7add541c8a54400cf27ec1b09de3aedb4f
36491525012,1,01-devsecops,AUD-10,devsecops-audit,all_tools,true,alvo2,step,SCA - Trivy (alvo2-uptimekuma),Carregar imagem no Docker,2026-09-28T22:23:21Z,2026-09-28T22:23:47Z,26,success,GitHub Actions 1000000225,7ad02b7add541c8a54400cf27ec1b09de3aedb4f
36491525012,1,01-devsecops,AUD-10,devsecops-audit,all_tools,true,alvo2,step,SCA - Trivy (alvo2-uptimekuma),Instalar Trivy,2026-09-28T22:23:47Z,2026-09-28T22:23:48Z,1,success,GitHub Actions 1000000225,7ad02b7add541c8a54400cf27ec1b09de3aedb4f
36491525012,1,01-devsecops,AUD-10,devsecops-audit,all_tools,true,alvo2,step,SCA - Trivy (alvo2-uptimekuma),"Trivy: vulnerabilidades da imagem (D9, fonte unica de SCA)",2026-09-28T22:23:48Z,2026-09-28T22:24:08Z,20,success,GitHub Actions 1000000225,7ad02b7add541c8a54400cf27ec1b09de3aedb4f
36491525012,1,01-devsecops,AUD-10,devsecops-audit,all_tools,true,alvo2,step,SCA - Trivy (alvo2-uptimekuma),Trivy: segredos no codigo-fonte,2026-09-28T22:24:08Z,2026-09-28T22:24:09Z,1,success,GitHub Actions 1000000225,7ad02b7add541c8a54400cf27ec1b09de3aedb4f
36491525012,1,01-devsecops,AUD-10,devsecops-audit,all_tools,true,alvo2,step,SCA - Trivy (alvo2-uptimekuma),Trivy: IaC (Dockerfile),2026-09-28T22:24:09Z,2026-09-28T22:24:11Z,2,success,GitHub Actions 1000000225,7ad02b7add541c8a54400cf27ec1b09de3aedb4f
36491525012,1,01-devsecops,AUD-10,devsecops-audit,all_tools,true,alvo2,step,SCA - Trivy (alvo2-uptimekuma),Run actions/upload-artifact@043fb46d1a93c77aae656e7c1c64a875d1fc6a0a,2026-09-28T22:24:11Z,2026-09-28T22:24:12Z,1,success,GitHub Actions 1000000225,7ad02b7add541c8a54400cf27ec1b09de3aedb4f
36491525012,1,01-devsecops,AUD-10,devsecops-audit,all_tools,true,alvo2,step,SCA - Trivy (alvo2-uptimekuma),Post Instalar Trivy,2026-09-28T22:24:12Z,2026-09-28T22:24:12Z,0,success,GitHub Actions 1000000225,7ad02b7add541c8a54400cf27ec1b09de3aedb4f
36491525012,1,01-devsecops,AUD-10,devsecops-audit,all_tools,true,alvo2,step,SCA - Trivy (alvo2-uptimekuma),Post Checkout (com submodulos),2026-09-28T22:24:12Z,2026-09-28T22:24:12Z,0,success,GitHub Actions 1000000225,7ad02b7add541c8a54400cf27ec1b09de3aedb4f
36491525012,1,01-devsecops,AUD-10,devsecops-audit,all_tools,true,alvo2,step,SCA - Trivy (alvo2-uptimekuma),Complete job,2026-09-28T22:24:12Z,2026-09-28T22:24:12Z,0,success,GitHub Actions 1000000225,7ad02b7add541c8a54400cf27ec1b09de3aedb4f
36491525012,1,01-devsecops,AUD-10,devsecops-audit,all_tools,true,alvo1,job,Quality Gate (alvo1-juiceshop),,2026-09-28T22:24:15Z,2026-09-28T22:24:24Z,9,success,GitHub Actions 1000000231,7ad02b7add541c8a54400cf27ec1b09de3aedb4f
36491525012,1,01-devsecops,AUD-10,devsecops-audit,all_tools,true,alvo1,step,Quality Gate (alvo1-juiceshop),Set up job,2026-09-28T22:24:16Z,2026-09-28T22:24:16Z,0,success,GitHub Actions 1000000231,7ad02b7add541c8a54400cf27ec1b09de3aedb4f
36491525012,1,01-devsecops,AUD-10,devsecops-audit,all_tools,true,alvo1,step,Quality Gate (alvo1-juiceshop),Checkout,2026-09-28T22:24:16Z,2026-09-28T22:24:17Z,1,success,GitHub Actions 1000000231,7ad02b7add541c8a54400cf27ec1b09de3aedb4f
36491525012,1,01-devsecops,AUD-10,devsecops-audit,all_tools,true,alvo1,step,Quality Gate (alvo1-juiceshop),Carregar perfil do alvo,2026-09-28T22:24:17Z,2026-09-28T22:24:17Z,0,success,GitHub Actions 1000000231,7ad02b7add541c8a54400cf27ec1b09de3aedb4f
36491525012,1,01-devsecops,AUD-10,devsecops-audit,all_tools,true,alvo1,step,Quality Gate (alvo1-juiceshop),Baixar achados de SAST,2026-09-28T22:24:17Z,2026-09-28T22:24:18Z,1,success,GitHub Actions 1000000231,7ad02b7add541c8a54400cf27ec1b09de3aedb4f
36491525012,1,01-devsecops,AUD-10,devsecops-audit,all_tools,true,alvo1,step,Quality Gate (alvo1-juiceshop),Baixar achados de SCA,2026-09-28T22:24:18Z,2026-09-28T22:24:18Z,0,success,GitHub Actions 1000000231,7ad02b7add541c8a54400cf27ec1b09de3aedb4f
36491525012,1,01-devsecops,AUD-10,devsecops-audit,all_tools,true,alvo1,step,Quality Gate (alvo1-juiceshop),Instalar dependencias do script,2026-09-28T22:24:18Z,2026-09-28T22:24:21Z,3,success,GitHub Actions 1000000231,7ad02b7add541c8a54400cf27ec1b09de3aedb4f
36491525012,1,01-devsecops,AUD-10,devsecops-audit,all_tools,true,alvo1,step,Quality Gate (alvo1-juiceshop),Avaliar Quality Gate,2026-09-28T22:24:21Z,2026-09-28T22:24:21Z,0,success,GitHub Actions 1000000231,7ad02b7add541c8a54400cf27ec1b09de3aedb4f
36491525012,1,01-devsecops,AUD-10,devsecops-audit,all_tools,true,alvo1,step,Quality Gate (alvo1-juiceshop),Run actions/upload-artifact@043fb46d1a93c77aae656e7c1c64a875d1fc6a0a,2026-09-28T22:24:21Z,2026-09-28T22:24:22Z,1,success,GitHub Actions 1000000231,7ad02b7add541c8a54400cf27ec1b09de3aedb4f
36491525012,1,01-devsecops,AUD-10,devsecops-audit,all_tools,true,alvo1,step,Quality Gate (alvo1-juiceshop),Post Checkout,2026-09-28T22:24:22Z,2026-09-28T22:24:22Z,0,success,GitHub Actions 1000000231,7ad02b7add541c8a54400cf27ec1b09de3aedb4f
36491525012,1,01-devsecops,AUD-10,devsecops-audit,all_tools,true,alvo1,step,Quality Gate (alvo1-juiceshop),Complete job,2026-09-28T22:24:22Z,2026-09-28T22:24:22Z,0,success,GitHub Actions 1000000231,7ad02b7add541c8a54400cf27ec1b09de3aedb4f
36491525012,1,01-devsecops,AUD-10,devsecops-audit,all_tools,true,alvo2,job,Quality Gate (alvo2-uptimekuma),,2026-09-28T22:24:15Z,2026-09-28T22:24:24Z,9,success,GitHub Actions 1000000230,7ad02b7add541c8a54400cf27ec1b09de3aedb4f
36491525012,1,01-devsecops,AUD-10,devsecops-audit,all_tools,true,alvo2,step,Quality Gate (alvo2-uptimekuma),Set up job,2026-09-28T22:24:16Z,2026-09-28T22:24:17Z,1,success,GitHub Actions 1000000230,7ad02b7add541c8a54400cf27ec1b09de3aedb4f
36491525012,1,01-devsecops,AUD-10,devsecops-audit,all_tools,true,alvo2,step,Quality Gate (alvo2-uptimekuma),Checkout,2026-09-28T22:24:17Z,2026-09-28T22:24:18Z,1,success,GitHub Actions 1000000230,7ad02b7add541c8a54400cf27ec1b09de3aedb4f
36491525012,1,01-devsecops,AUD-10,devsecops-audit,all_tools,true,alvo2,step,Quality Gate (alvo2-uptimekuma),Carregar perfil do alvo,2026-09-28T22:24:18Z,2026-09-28T22:24:18Z,0,success,GitHub Actions 1000000230,7ad02b7add541c8a54400cf27ec1b09de3aedb4f
36491525012,1,01-devsecops,AUD-10,devsecops-audit,all_tools,true,alvo2,step,Quality Gate (alvo2-uptimekuma),Baixar achados de SAST,2026-09-28T22:24:18Z,2026-09-28T22:24:18Z,0,success,GitHub Actions 1000000230,7ad02b7add541c8a54400cf27ec1b09de3aedb4f
36491525012,1,01-devsecops,AUD-10,devsecops-audit,all_tools,true,alvo2,step,Quality Gate (alvo2-uptimekuma),Baixar achados de SCA,2026-09-28T22:24:18Z,2026-09-28T22:24:19Z,1,success,GitHub Actions 1000000230,7ad02b7add541c8a54400cf27ec1b09de3aedb4f
36491525012,1,01-devsecops,AUD-10,devsecops-audit,all_tools,true,alvo2,step,Quality Gate (alvo2-uptimekuma),Instalar dependencias do script,2026-09-28T22:24:19Z,2026-09-28T22:24:21Z,2,success,GitHub Actions 1000000230,7ad02b7add541c8a54400cf27ec1b09de3aedb4f
36491525012,1,01-devsecops,AUD-10,devsecops-audit,all_tools,true,alvo2,step,Quality Gate (alvo2-uptimekuma),Avaliar Quality Gate,2026-09-28T22:24:21Z,2026-09-28T22:24:22Z,1,success,GitHub Actions 1000000230,7ad02b7add541c8a54400cf27ec1b09de3aedb4f
36491525012,1,01-devsecops,AUD-10,devsecops-audit,all_tools,true,alvo2,step,Quality Gate (alvo2-uptimekuma),Run actions/upload-artifact@043fb46d1a93c77aae656e7c1c64a875d1fc6a0a,2026-09-28T22:24:22Z,2026-09-28T22:24:23Z,1,success,GitHub Actions 1000000230,7ad02b7add541c8a54400cf27ec1b09de3aedb4f
36491525012,1,01-devsecops,AUD-10,devsecops-audit,all_tools,true,alvo2,step,Quality Gate (alvo2-uptimekuma),Post Checkout,2026-09-28T22:24:23Z,2026-09-28T22:24:23Z,0,success,GitHub Actions 1000000230,7ad02b7add541c8a54400cf27ec1b09de3aedb4f
36491525012,1,01-devsecops,AUD-10,devsecops-audit,all_tools,true,alvo2,step,Quality Gate (alvo2-uptimekuma),Complete job,2026-09-28T22:24:23Z,2026-09-28T22:24:23Z,0,success,GitHub Actions 1000000230,7ad02b7add541c8a54400cf27ec1b09de3aedb4f
36491525012,1,01-devsecops,AUD-10,devsecops-audit,all_tools,true,alvo1,job,Staging + DAST - OWASP ZAP (alvo1-juiceshop),,2026-09-28T22:24:27Z,2026-09-28T23:12:04Z,2857,success,GitHub Actions 1000000232,7ad02b7add541c8a54400cf27ec1b09de3aedb4f
36491525012,1,01-devsecops,AUD-10,devsecops-audit,all_tools,true,alvo1,step,Staging + DAST - OWASP ZAP (alvo1-juiceshop),Set up job,2026-09-28T22:24:28Z,2026-09-28T22:24:30Z,2,success,GitHub Actions 1000000232,7ad02b7add541c8a54400cf27ec1b09de3aedb4f
36491525012,1,01-devsecops,AUD-10,devsecops-audit,all_tools,true,alvo1,step,Staging + DAST - OWASP ZAP (alvo1-juiceshop),Checkout,2026-09-28T22:24:30Z,2026-09-28T22:24:32Z,2,success,GitHub Actions 1000000232,7ad02b7add541c8a54400cf27ec1b09de3aedb4f
36491525012,1,01-devsecops,AUD-10,devsecops-audit,all_tools,true,alvo1,step,Staging + DAST - OWASP ZAP (alvo1-juiceshop),Carregar perfil do alvo,2026-09-28T22:24:32Z,2026-09-28T22:24:32Z,0,success,GitHub Actions 1000000232,7ad02b7add541c8a54400cf27ec1b09de3aedb4f
36491525012,1,01-devsecops,AUD-10,devsecops-audit,all_tools,true,alvo1,step,Staging + DAST - OWASP ZAP (alvo1-juiceshop),Baixar imagem construida,2026-09-28T22:24:32Z,2026-09-28T22:24:36Z,4,success,GitHub Actions 1000000232,7ad02b7add541c8a54400cf27ec1b09de3aedb4f
36491525012,1,01-devsecops,AUD-10,devsecops-audit,all_tools,true,alvo1,step,Staging + DAST - OWASP ZAP (alvo1-juiceshop),Carregar imagem no Docker,2026-09-28T22:24:36Z,2026-09-28T22:24:50Z,14,success,GitHub Actions 1000000232,7ad02b7add541c8a54400cf27ec1b09de3aedb4f
36491525012,1,01-devsecops,AUD-10,devsecops-audit,all_tools,true,alvo1,step,Staging + DAST - OWASP ZAP (alvo1-juiceshop),Staging (subir aplicacao e aguardar health check),2026-09-28T22:24:50Z,2026-09-28T22:24:58Z,8,success,GitHub Actions 1000000232,7ad02b7add541c8a54400cf27ec1b09de3aedb4f
36491525012,1,01-devsecops,AUD-10,devsecops-audit,all_tools,true,alvo1,step,Staging + DAST - OWASP ZAP (alvo1-juiceshop),Montar opcoes do ZAP,2026-09-28T22:24:58Z,2026-09-28T22:24:58Z,0,success,GitHub Actions 1000000232,7ad02b7add541c8a54400cf27ec1b09de3aedb4f
36491525012,1,01-devsecops,AUD-10,devsecops-audit,all_tools,true,alvo1,step,Staging + DAST - OWASP ZAP (alvo1-juiceshop),OWASP ZAP: full scan,2026-09-28T22:24:58Z,2026-09-28T23:11:52Z,2814,success,GitHub Actions 1000000232,7ad02b7add541c8a54400cf27ec1b09de3aedb4f
36491525012,1,01-devsecops,AUD-10,devsecops-audit,all_tools,true,alvo1,step,Staging + DAST - OWASP ZAP (alvo1-juiceshop),Verificar que o alvo sobreviveu ao DAST,2026-09-28T23:11:52Z,2026-09-28T23:11:52Z,0,success,GitHub Actions 1000000232,7ad02b7add541c8a54400cf27ec1b09de3aedb4f
36491525012,1,01-devsecops,AUD-10,devsecops-audit,all_tools,true,alvo1,step,Staging + DAST - OWASP ZAP (alvo1-juiceshop),Verificar que o ZAP produziu relatorio,2026-09-28T23:11:52Z,2026-09-28T23:11:53Z,1,success,GitHub Actions 1000000232,7ad02b7add541c8a54400cf27ec1b09de3aedb4f
36491525012,1,01-devsecops,AUD-10,devsecops-audit,all_tools,true,alvo1,step,Staging + DAST - OWASP ZAP (alvo1-juiceshop),Logs da aplicacao,2026-09-28T23:11:53Z,2026-09-28T23:11:53Z,0,success,GitHub Actions 1000000232,7ad02b7add541c8a54400cf27ec1b09de3aedb4f
36491525012,1,01-devsecops,AUD-10,devsecops-audit,all_tools,true,alvo1,step,Staging + DAST - OWASP ZAP (alvo1-juiceshop),Encerrar container,2026-09-28T23:11:53Z,2026-09-28T23:11:53Z,0,success,GitHub Actions 1000000232,7ad02b7add541c8a54400cf27ec1b09de3aedb4f
36491525012,1,01-devsecops,AUD-10,devsecops-audit,all_tools,true,alvo1,step,Staging + DAST - OWASP ZAP (alvo1-juiceshop),Run actions/upload-artifact@043fb46d1a93c77aae656e7c1c64a875d1fc6a0a,2026-09-28T23:11:53Z,2026-09-28T23:11:54Z,1,success,GitHub Actions 1000000232,7ad02b7add541c8a54400cf27ec1b09de3aedb4f
36491525012,1,01-devsecops,AUD-10,devsecops-audit,all_tools,true,alvo1,step,Staging + DAST - OWASP ZAP (alvo1-juiceshop),Baixar achados de SAST e SCA (gate pos-DAST),2026-09-28T23:11:54Z,2026-09-28T23:11:55Z,1,success,GitHub Actions 1000000232,7ad02b7add541c8a54400cf27ec1b09de3aedb4f
36491525012,1,01-devsecops,AUD-10,devsecops-audit,all_tools,true,alvo1,step,Staging + DAST - OWASP ZAP (alvo1-juiceshop),Quality Gate pos-DAST (escopo all_tools),2026-09-28T23:11:55Z,2026-09-28T23:12:01Z,6,success,GitHub Actions 1000000232,7ad02b7add541c8a54400cf27ec1b09de3aedb4f
36491525012,1,01-devsecops,AUD-10,devsecops-audit,all_tools,true,alvo1,step,Staging + DAST - OWASP ZAP (alvo1-juiceshop),Run actions/upload-artifact@043fb46d1a93c77aae656e7c1c64a875d1fc6a0a,2026-09-28T23:12:01Z,2026-09-28T23:12:02Z,1,success,GitHub Actions 1000000232,7ad02b7add541c8a54400cf27ec1b09de3aedb4f
36491525012,1,01-devsecops,AUD-10,devsecops-audit,all_tools,true,alvo1,step,Staging + DAST - OWASP ZAP (alvo1-juiceshop),Post Checkout,2026-09-28T23:12:02Z,2026-09-28T23:12:02Z,0,success,GitHub Actions 1000000232,7ad02b7add541c8a54400cf27ec1b09de3aedb4f
36491525012,1,01-devsecops,AUD-10,devsecops-audit,all_tools,true,alvo1,step,Staging + DAST - OWASP ZAP (alvo1-juiceshop),Complete job,2026-09-28T23:12:02Z,2026-09-28T23:12:02Z,0,success,GitHub Actions 1000000232,7ad02b7add541c8a54400cf27ec1b09de3aedb4f
36491525012,1,01-devsecops,AUD-10,devsecops-audit,all_tools,true,alvo2,job,Staging + DAST - OWASP ZAP (alvo2-uptimekuma),,2026-09-28T22:24:27Z,2026-09-28T22:30:38Z,371,success,GitHub Actions 1000000233,7ad02b7add541c8a54400cf27ec1b09de3aedb4f
36491525012,1,01-devsecops,AUD-10,devsecops-audit,all_tools,true,alvo2,step,Staging + DAST - OWASP ZAP (alvo2-uptimekuma),Set up job,2026-09-28T22:24:29Z,2026-09-28T22:24:31Z,2,success,GitHub Actions 1000000233,7ad02b7add541c8a54400cf27ec1b09de3aedb4f
36491525012,1,01-devsecops,AUD-10,devsecops-audit,all_tools,true,alvo2,step,Staging + DAST - OWASP ZAP (alvo2-uptimekuma),Checkout,2026-09-28T22:24:31Z,2026-09-28T22:24:32Z,1,success,GitHub Actions 1000000233,7ad02b7add541c8a54400cf27ec1b09de3aedb4f
36491525012,1,01-devsecops,AUD-10,devsecops-audit,all_tools,true,alvo2,step,Staging + DAST - OWASP ZAP (alvo2-uptimekuma),Carregar perfil do alvo,2026-09-28T22:24:32Z,2026-09-28T22:24:32Z,0,success,GitHub Actions 1000000233,7ad02b7add541c8a54400cf27ec1b09de3aedb4f
36491525012,1,01-devsecops,AUD-10,devsecops-audit,all_tools,true,alvo2,step,Staging + DAST - OWASP ZAP (alvo2-uptimekuma),Baixar imagem construida,2026-09-28T22:24:32Z,2026-09-28T22:25:47Z,75,success,GitHub Actions 1000000233,7ad02b7add541c8a54400cf27ec1b09de3aedb4f
36491525012,1,01-devsecops,AUD-10,devsecops-audit,all_tools,true,alvo2,step,Staging + DAST - OWASP ZAP (alvo2-uptimekuma),Carregar imagem no Docker,2026-09-28T22:25:47Z,2026-09-28T22:26:13Z,26,success,GitHub Actions 1000000233,7ad02b7add541c8a54400cf27ec1b09de3aedb4f
36491525012,1,01-devsecops,AUD-10,devsecops-audit,all_tools,true,alvo2,step,Staging + DAST - OWASP ZAP (alvo2-uptimekuma),Staging (subir aplicacao e aguardar health check),2026-09-28T22:26:13Z,2026-09-28T22:26:16Z,3,success,GitHub Actions 1000000233,7ad02b7add541c8a54400cf27ec1b09de3aedb4f
36491525012,1,01-devsecops,AUD-10,devsecops-audit,all_tools,true,alvo2,step,Staging + DAST - OWASP ZAP (alvo2-uptimekuma),Montar opcoes do ZAP,2026-09-28T22:26:16Z,2026-09-28T22:26:16Z,0,success,GitHub Actions 1000000233,7ad02b7add541c8a54400cf27ec1b09de3aedb4f
36491525012,1,01-devsecops,AUD-10,devsecops-audit,all_tools,true,alvo2,step,Staging + DAST - OWASP ZAP (alvo2-uptimekuma),OWASP ZAP: full scan,2026-09-28T22:26:16Z,2026-09-28T22:30:28Z,252,success,GitHub Actions 1000000233,7ad02b7add541c8a54400cf27ec1b09de3aedb4f
36491525012,1,01-devsecops,AUD-10,devsecops-audit,all_tools,true,alvo2,step,Staging + DAST - OWASP ZAP (alvo2-uptimekuma),Verificar que o alvo sobreviveu ao DAST,2026-09-28T22:30:28Z,2026-09-28T22:30:28Z,0,success,GitHub Actions 1000000233,7ad02b7add541c8a54400cf27ec1b09de3aedb4f
36491525012,1,01-devsecops,AUD-10,devsecops-audit,all_tools,true,alvo2,step,Staging + DAST - OWASP ZAP (alvo2-uptimekuma),Verificar que o ZAP produziu relatorio,2026-09-28T22:30:28Z,2026-09-28T22:30:28Z,0,success,GitHub Actions 1000000233,7ad02b7add541c8a54400cf27ec1b09de3aedb4f
36491525012,1,01-devsecops,AUD-10,devsecops-audit,all_tools,true,alvo2,step,Staging + DAST - OWASP ZAP (alvo2-uptimekuma),Logs da aplicacao,2026-09-28T22:30:28Z,2026-09-28T22:30:28Z,0,success,GitHub Actions 1000000233,7ad02b7add541c8a54400cf27ec1b09de3aedb4f
36491525012,1,01-devsecops,AUD-10,devsecops-audit,all_tools,true,alvo2,step,Staging + DAST - OWASP ZAP (alvo2-uptimekuma),Encerrar container,2026-09-28T22:30:28Z,2026-09-28T22:30:28Z,0,success,GitHub Actions 1000000233,7ad02b7add541c8a54400cf27ec1b09de3aedb4f
36491525012,1,01-devsecops,AUD-10,devsecops-audit,all_tools,true,alvo2,step,Staging + DAST - OWASP ZAP (alvo2-uptimekuma),Run actions/upload-artifact@043fb46d1a93c77aae656e7c1c64a875d1fc6a0a,2026-09-28T22:30:28Z,2026-09-28T22:30:30Z,2,success,GitHub Actions 1000000233,7ad02b7add541c8a54400cf27ec1b09de3aedb4f
36491525012,1,01-devsecops,AUD-10,devsecops-audit,all_tools,true,alvo2,step,Staging + DAST - OWASP ZAP (alvo2-uptimekuma),Baixar achados de SAST e SCA (gate pos-DAST),2026-09-28T22:30:30Z,2026-09-28T22:30:31Z,1,success,GitHub Actions 1000000233,7ad02b7add541c8a54400cf27ec1b09de3aedb4f
36491525012,1,01-devsecops,AUD-10,devsecops-audit,all_tools,true,alvo2,step,Staging + DAST - OWASP ZAP (alvo2-uptimekuma),Quality Gate pos-DAST (escopo all_tools),2026-09-28T22:30:31Z,2026-09-28T22:30:35Z,4,success,GitHub Actions 1000000233,7ad02b7add541c8a54400cf27ec1b09de3aedb4f
36491525012,1,01-devsecops,AUD-10,devsecops-audit,all_tools,true,alvo2,step,Staging + DAST - OWASP ZAP (alvo2-uptimekuma),Run actions/upload-artifact@043fb46d1a93c77aae656e7c1c64a875d1fc6a0a,2026-09-28T22:30:35Z,2026-09-28T22:30:36Z,1,success,GitHub Actions 1000000233,7ad02b7add541c8a54400cf27ec1b09de3aedb4f
36491525012,1,01-devsecops,AUD-10,devsecops-audit,all_tools,true,alvo2,step,Staging + DAST - OWASP ZAP (alvo2-uptimekuma),Post Checkout,2026-09-28T22:30:36Z,2026-09-28T22:30:36Z,0,success,GitHub Actions 1000000233,7ad02b7add541c8a54400cf27ec1b09de3aedb4f
36491525012,1,01-devsecops,AUD-10,devsecops-audit,all_tools,true,alvo2,step,Staging + DAST - OWASP ZAP (alvo2-uptimekuma),Complete job,2026-09-28T22:30:36Z,2026-09-28T22:30:36Z,0,success,GitHub Actions 1000000233,7ad02b7add541c8a54400cf27ec1b09de3aedb4f
36491751752,1,01-devsecops,ENF-05,devsecops-enforce,sca_only,true,alvo2,job,SAST - Semgrep (alvo2-uptimekuma),,2026-09-28T22:20:08Z,2026-09-28T22:20:58Z,50,success,GitHub Actions 1000000218,7ad02b7add541c8a54400cf27ec1b09de3aedb4f
36491751752,1,01-devsecops,ENF-05,devsecops-enforce,sca_only,true,alvo2,step,SAST - Semgrep (alvo2-uptimekuma),Set up job,2026-09-28T22:20:08Z,2026-09-28T22:20:09Z,1,success,GitHub Actions 1000000218,7ad02b7add541c8a54400cf27ec1b09de3aedb4f
36491751752,1,01-devsecops,ENF-05,devsecops-enforce,sca_only,true,alvo2,step,SAST - Semgrep (alvo2-uptimekuma),Initialize containers,2026-09-28T22:20:09Z,2026-09-28T22:20:22Z,13,success,GitHub Actions 1000000218,7ad02b7add541c8a54400cf27ec1b09de3aedb4f
36491751752,1,01-devsecops,ENF-05,devsecops-enforce,sca_only,true,alvo2,step,SAST - Semgrep (alvo2-uptimekuma),Checkout (com submodulos),2026-09-28T22:20:22Z,2026-09-28T22:20:32Z,10,success,GitHub Actions 1000000218,7ad02b7add541c8a54400cf27ec1b09de3aedb4f
36491751752,1,01-devsecops,ENF-05,devsecops-enforce,sca_only,true,alvo2,step,SAST - Semgrep (alvo2-uptimekuma),Carregar perfil do alvo,2026-09-28T22:20:32Z,2026-09-28T22:20:32Z,0,success,GitHub Actions 1000000218,7ad02b7add541c8a54400cf27ec1b09de3aedb4f
36491751752,1,01-devsecops,ENF-05,devsecops-enforce,sca_only,true,alvo2,step,SAST - Semgrep (alvo2-uptimekuma),Semgrep scan,2026-09-28T22:20:32Z,2026-09-28T22:20:53Z,21,success,GitHub Actions 1000000218,7ad02b7add541c8a54400cf27ec1b09de3aedb4f
36491751752,1,01-devsecops,ENF-05,devsecops-enforce,sca_only,true,alvo2,step,SAST - Semgrep (alvo2-uptimekuma),Run actions/upload-artifact@043fb46d1a93c77aae656e7c1c64a875d1fc6a0a,2026-09-28T22:20:53Z,2026-09-28T22:20:55Z,2,success,GitHub Actions 1000000218,7ad02b7add541c8a54400cf27ec1b09de3aedb4f
36491751752,1,01-devsecops,ENF-05,devsecops-enforce,sca_only,true,alvo2,step,SAST - Semgrep (alvo2-uptimekuma),Post Checkout (com submodulos),2026-09-28T22:20:55Z,2026-09-28T22:20:55Z,0,success,GitHub Actions 1000000218,7ad02b7add541c8a54400cf27ec1b09de3aedb4f
36491751752,1,01-devsecops,ENF-05,devsecops-enforce,sca_only,true,alvo2,step,SAST - Semgrep (alvo2-uptimekuma),Stop containers,2026-09-28T22:20:55Z,2026-09-28T22:20:56Z,1,success,GitHub Actions 1000000218,7ad02b7add541c8a54400cf27ec1b09de3aedb4f
36491751752,1,01-devsecops,ENF-05,devsecops-enforce,sca_only,true,alvo2,step,SAST - Semgrep (alvo2-uptimekuma),Complete job,2026-09-28T22:20:56Z,2026-09-28T22:20:56Z,0,success,GitHub Actions 1000000218,7ad02b7add541c8a54400cf27ec1b09de3aedb4f
36491751752,1,01-devsecops,ENF-05,devsecops-enforce,sca_only,true,alvo1,job,SAST - Semgrep (alvo1-juiceshop),,2026-09-28T22:20:07Z,2026-09-28T22:21:27Z,80,success,GitHub Actions 1000000219,7ad02b7add541c8a54400cf27ec1b09de3aedb4f
36491751752,1,01-devsecops,ENF-05,devsecops-enforce,sca_only,true,alvo1,step,SAST - Semgrep (alvo1-juiceshop),Set up job,2026-09-28T22:20:08Z,2026-09-28T22:20:08Z,0,success,GitHub Actions 1000000219,7ad02b7add541c8a54400cf27ec1b09de3aedb4f
36491751752,1,01-devsecops,ENF-05,devsecops-enforce,sca_only,true,alvo1,step,SAST - Semgrep (alvo1-juiceshop),Initialize containers,2026-09-28T22:20:08Z,2026-09-28T22:20:22Z,14,success,GitHub Actions 1000000219,7ad02b7add541c8a54400cf27ec1b09de3aedb4f
36491751752,1,01-devsecops,ENF-05,devsecops-enforce,sca_only,true,alvo1,step,SAST - Semgrep (alvo1-juiceshop),Checkout (com submodulos),2026-09-28T22:20:22Z,2026-09-28T22:20:28Z,6,success,GitHub Actions 1000000219,7ad02b7add541c8a54400cf27ec1b09de3aedb4f
36491751752,1,01-devsecops,ENF-05,devsecops-enforce,sca_only,true,alvo1,step,SAST - Semgrep (alvo1-juiceshop),Carregar perfil do alvo,2026-09-28T22:20:28Z,2026-09-28T22:20:29Z,1,success,GitHub Actions 1000000219,7ad02b7add541c8a54400cf27ec1b09de3aedb4f
36491751752,1,01-devsecops,ENF-05,devsecops-enforce,sca_only,true,alvo1,step,SAST - Semgrep (alvo1-juiceshop),Semgrep scan,2026-09-28T22:20:29Z,2026-09-28T22:21:24Z,55,success,GitHub Actions 1000000219,7ad02b7add541c8a54400cf27ec1b09de3aedb4f
36491751752,1,01-devsecops,ENF-05,devsecops-enforce,sca_only,true,alvo1,step,SAST - Semgrep (alvo1-juiceshop),Run actions/upload-artifact@043fb46d1a93c77aae656e7c1c64a875d1fc6a0a,2026-09-28T22:21:24Z,2026-09-28T22:21:25Z,1,success,GitHub Actions 1000000219,7ad02b7add541c8a54400cf27ec1b09de3aedb4f
36491751752,1,01-devsecops,ENF-05,devsecops-enforce,sca_only,true,alvo1,step,SAST - Semgrep (alvo1-juiceshop),Post Checkout (com submodulos),2026-09-28T22:21:25Z,2026-09-28T22:21:25Z,0,success,GitHub Actions 1000000219,7ad02b7add541c8a54400cf27ec1b09de3aedb4f
36491751752,1,01-devsecops,ENF-05,devsecops-enforce,sca_only,true,alvo1,step,SAST - Semgrep (alvo1-juiceshop),Stop containers,2026-09-28T22:21:25Z,2026-09-28T22:21:25Z,0,success,GitHub Actions 1000000219,7ad02b7add541c8a54400cf27ec1b09de3aedb4f
36491751752,1,01-devsecops,ENF-05,devsecops-enforce,sca_only,true,alvo1,step,SAST - Semgrep (alvo1-juiceshop),Complete job,2026-09-28T22:21:25Z,2026-09-28T22:21:25Z,0,success,GitHub Actions 1000000219,7ad02b7add541c8a54400cf27ec1b09de3aedb4f
36491751752,1,01-devsecops,ENF-05,devsecops-enforce,sca_only,true,alvo1,job,Build (alvo1-juiceshop),,2026-09-28T22:21:29Z,2026-09-28T22:23:43Z,134,success,GitHub Actions 1000000220,7ad02b7add541c8a54400cf27ec1b09de3aedb4f
36491751752,1,01-devsecops,ENF-05,devsecops-enforce,sca_only,true,alvo1,step,Build (alvo1-juiceshop),Set up job,2026-09-28T22:21:30Z,2026-09-28T22:21:31Z,1,success,GitHub Actions 1000000220,7ad02b7add541c8a54400cf27ec1b09de3aedb4f
36491751752,1,01-devsecops,ENF-05,devsecops-enforce,sca_only,true,alvo1,step,Build (alvo1-juiceshop),Checkout (com submodulos),2026-09-28T22:21:31Z,2026-09-28T22:21:40Z,9,success,GitHub Actions 1000000220,7ad02b7add541c8a54400cf27ec1b09de3aedb4f
36491751752,1,01-devsecops,ENF-05,devsecops-enforce,sca_only,true,alvo1,step,Build (alvo1-juiceshop),Carregar perfil do alvo,2026-09-28T22:21:40Z,2026-09-28T22:21:40Z,0,success,GitHub Actions 1000000220,7ad02b7add541c8a54400cf27ec1b09de3aedb4f
36491751752,1,01-devsecops,ENF-05,devsecops-enforce,sca_only,true,alvo1,step,Build (alvo1-juiceshop),Instalar Node.js (quando exigido pelo alvo),2026-09-28T22:21:40Z,2026-09-28T22:21:40Z,0,skipped,GitHub Actions 1000000220,7ad02b7add541c8a54400cf27ec1b09de3aedb4f
36491751752,1,01-devsecops,ENF-05,devsecops-enforce,sca_only,true,alvo1,step,Build (alvo1-juiceshop),Pre-build da aplicacao (quando exigido pelo alvo),2026-09-28T22:21:40Z,2026-09-28T22:21:40Z,0,skipped,GitHub Actions 1000000220,7ad02b7add541c8a54400cf27ec1b09de3aedb4f
36491751752,1,01-devsecops,ENF-05,devsecops-enforce,sca_only,true,alvo1,step,Build (alvo1-juiceshop),Build da imagem Docker,2026-09-28T22:21:40Z,2026-09-28T22:23:33Z,113,success,GitHub Actions 1000000220,7ad02b7add541c8a54400cf27ec1b09de3aedb4f
36491751752,1,01-devsecops,ENF-05,devsecops-enforce,sca_only,true,alvo1,step,Build (alvo1-juiceshop),Run actions/upload-artifact@043fb46d1a93c77aae656e7c1c64a875d1fc6a0a,2026-09-28T22:23:33Z,2026-09-28T22:23:40Z,7,success,GitHub Actions 1000000220,7ad02b7add541c8a54400cf27ec1b09de3aedb4f
36491751752,1,01-devsecops,ENF-05,devsecops-enforce,sca_only,true,alvo1,step,Build (alvo1-juiceshop),Post Checkout (com submodulos),2026-09-28T22:23:40Z,2026-09-28T22:23:41Z,1,success,GitHub Actions 1000000220,7ad02b7add541c8a54400cf27ec1b09de3aedb4f
36491751752,1,01-devsecops,ENF-05,devsecops-enforce,sca_only,true,alvo1,step,Build (alvo1-juiceshop),Complete job,2026-09-28T22:23:41Z,2026-09-28T22:23:41Z,0,success,GitHub Actions 1000000220,7ad02b7add541c8a54400cf27ec1b09de3aedb4f
36491751752,1,01-devsecops,ENF-05,devsecops-enforce,sca_only,true,alvo2,job,Build (alvo2-uptimekuma),,2026-09-28T22:21:29Z,2026-09-28T22:25:03Z,214,success,GitHub Actions 1000000221,7ad02b7add541c8a54400cf27ec1b09de3aedb4f
36491751752,1,01-devsecops,ENF-05,devsecops-enforce,sca_only,true,alvo2,step,Build (alvo2-uptimekuma),Set up job,2026-09-28T22:21:30Z,2026-09-28T22:21:30Z,0,success,GitHub Actions 1000000221,7ad02b7add541c8a54400cf27ec1b09de3aedb4f
36491751752,1,01-devsecops,ENF-05,devsecops-enforce,sca_only,true,alvo2,step,Build (alvo2-uptimekuma),Checkout (com submodulos),2026-09-28T22:21:30Z,2026-09-28T22:21:35Z,5,success,GitHub Actions 1000000221,7ad02b7add541c8a54400cf27ec1b09de3aedb4f
36491751752,1,01-devsecops,ENF-05,devsecops-enforce,sca_only,true,alvo2,step,Build (alvo2-uptimekuma),Carregar perfil do alvo,2026-09-28T22:21:35Z,2026-09-28T22:21:35Z,0,success,GitHub Actions 1000000221,7ad02b7add541c8a54400cf27ec1b09de3aedb4f
36491751752,1,01-devsecops,ENF-05,devsecops-enforce,sca_only,true,alvo2,step,Build (alvo2-uptimekuma),Instalar Node.js (quando exigido pelo alvo),2026-09-28T22:21:35Z,2026-09-28T22:21:36Z,1,success,GitHub Actions 1000000221,7ad02b7add541c8a54400cf27ec1b09de3aedb4f
36491751752,1,01-devsecops,ENF-05,devsecops-enforce,sca_only,true,alvo2,step,Build (alvo2-uptimekuma),Pre-build da aplicacao (quando exigido pelo alvo),2026-09-28T22:21:36Z,2026-09-28T22:23:23Z,107,success,GitHub Actions 1000000221,7ad02b7add541c8a54400cf27ec1b09de3aedb4f
36491751752,1,01-devsecops,ENF-05,devsecops-enforce,sca_only,true,alvo2,step,Build (alvo2-uptimekuma),Build da imagem Docker,2026-09-28T22:23:23Z,2026-09-28T22:24:17Z,54,success,GitHub Actions 1000000221,7ad02b7add541c8a54400cf27ec1b09de3aedb4f
36491751752,1,01-devsecops,ENF-05,devsecops-enforce,sca_only,true,alvo2,step,Build (alvo2-uptimekuma),Run actions/upload-artifact@043fb46d1a93c77aae656e7c1c64a875d1fc6a0a,2026-09-28T22:24:17Z,2026-09-28T22:25:02Z,45,success,GitHub Actions 1000000221,7ad02b7add541c8a54400cf27ec1b09de3aedb4f
36491751752,1,01-devsecops,ENF-05,devsecops-enforce,sca_only,true,alvo2,step,Build (alvo2-uptimekuma),Post Instalar Node.js (quando exigido pelo alvo),2026-09-28T22:25:02Z,2026-09-28T22:25:02Z,0,success,GitHub Actions 1000000221,7ad02b7add541c8a54400cf27ec1b09de3aedb4f
36491751752,1,01-devsecops,ENF-05,devsecops-enforce,sca_only,true,alvo2,step,Build (alvo2-uptimekuma),Post Checkout (com submodulos),2026-09-28T22:25:02Z,2026-09-28T22:25:02Z,0,success,GitHub Actions 1000000221,7ad02b7add541c8a54400cf27ec1b09de3aedb4f
36491751752,1,01-devsecops,ENF-05,devsecops-enforce,sca_only,true,alvo2,step,Build (alvo2-uptimekuma),Complete job,2026-09-28T22:25:02Z,2026-09-28T22:25:02Z,0,success,GitHub Actions 1000000221,7ad02b7add541c8a54400cf27ec1b09de3aedb4f
36491751752,1,01-devsecops,ENF-05,devsecops-enforce,sca_only,true,alvo1,job,SCA - Trivy (alvo1-juiceshop),,2026-09-28T22:25:42Z,2026-09-28T22:26:28Z,46,success,GitHub Actions 1000000234,7ad02b7add541c8a54400cf27ec1b09de3aedb4f
36491751752,1,01-devsecops,ENF-05,devsecops-enforce,sca_only,true,alvo1,step,SCA - Trivy (alvo1-juiceshop),Set up job,2026-09-28T22:25:43Z,2026-09-28T22:25:44Z,1,success,GitHub Actions 1000000234,7ad02b7add541c8a54400cf27ec1b09de3aedb4f
36491751752,1,01-devsecops,ENF-05,devsecops-enforce,sca_only,true,alvo1,step,SCA - Trivy (alvo1-juiceshop),Checkout (com submodulos),2026-09-28T22:25:44Z,2026-09-28T22:25:52Z,8,success,GitHub Actions 1000000234,7ad02b7add541c8a54400cf27ec1b09de3aedb4f
36491751752,1,01-devsecops,ENF-05,devsecops-enforce,sca_only,true,alvo1,step,SCA - Trivy (alvo1-juiceshop),Carregar perfil do alvo,2026-09-28T22:25:52Z,2026-09-28T22:25:52Z,0,success,GitHub Actions 1000000234,7ad02b7add541c8a54400cf27ec1b09de3aedb4f
36491751752,1,01-devsecops,ENF-05,devsecops-enforce,sca_only,true,alvo1,step,SCA - Trivy (alvo1-juiceshop),Baixar imagem construida,2026-09-28T22:25:52Z,2026-09-28T22:25:58Z,6,success,GitHub Actions 1000000234,7ad02b7add541c8a54400cf27ec1b09de3aedb4f
36491751752,1,01-devsecops,ENF-05,devsecops-enforce,sca_only,true,alvo1,step,SCA - Trivy (alvo1-juiceshop),Carregar imagem no Docker,2026-09-28T22:25:58Z,2026-09-28T22:26:06Z,8,success,GitHub Actions 1000000234,7ad02b7add541c8a54400cf27ec1b09de3aedb4f
36491751752,1,01-devsecops,ENF-05,devsecops-enforce,sca_only,true,alvo1,step,SCA - Trivy (alvo1-juiceshop),Instalar Trivy,2026-09-28T22:26:06Z,2026-09-28T22:26:09Z,3,success,GitHub Actions 1000000234,7ad02b7add541c8a54400cf27ec1b09de3aedb4f
36491751752,1,01-devsecops,ENF-05,devsecops-enforce,sca_only,true,alvo1,step,SCA - Trivy (alvo1-juiceshop),"Trivy: vulnerabilidades da imagem (D9, fonte unica de SCA)",2026-09-28T22:26:09Z,2026-09-28T22:26:20Z,11,success,GitHub Actions 1000000234,7ad02b7add541c8a54400cf27ec1b09de3aedb4f
36491751752,1,01-devsecops,ENF-05,devsecops-enforce,sca_only,true,alvo1,step,SCA - Trivy (alvo1-juiceshop),Trivy: segredos no codigo-fonte,2026-09-28T22:26:20Z,2026-09-28T22:26:22Z,2,success,GitHub Actions 1000000234,7ad02b7add541c8a54400cf27ec1b09de3aedb4f
36491751752,1,01-devsecops,ENF-05,devsecops-enforce,sca_only,true,alvo1,step,SCA - Trivy (alvo1-juiceshop),Trivy: IaC (Dockerfile),2026-09-28T22:26:22Z,2026-09-28T22:26:24Z,2,success,GitHub Actions 1000000234,7ad02b7add541c8a54400cf27ec1b09de3aedb4f
36491751752,1,01-devsecops,ENF-05,devsecops-enforce,sca_only,true,alvo1,step,SCA - Trivy (alvo1-juiceshop),Run actions/upload-artifact@043fb46d1a93c77aae656e7c1c64a875d1fc6a0a,2026-09-28T22:26:24Z,2026-09-28T22:26:25Z,1,success,GitHub Actions 1000000234,7ad02b7add541c8a54400cf27ec1b09de3aedb4f
36491751752,1,01-devsecops,ENF-05,devsecops-enforce,sca_only,true,alvo1,step,SCA - Trivy (alvo1-juiceshop),Post Instalar Trivy,2026-09-28T22:26:25Z,2026-09-28T22:26:25Z,0,success,GitHub Actions 1000000234,7ad02b7add541c8a54400cf27ec1b09de3aedb4f
36491751752,1,01-devsecops,ENF-05,devsecops-enforce,sca_only,true,alvo1,step,SCA - Trivy (alvo1-juiceshop),Post Checkout (com submodulos),2026-09-28T22:26:25Z,2026-09-28T22:26:26Z,1,success,GitHub Actions 1000000234,7ad02b7add541c8a54400cf27ec1b09de3aedb4f
36491751752,1,01-devsecops,ENF-05,devsecops-enforce,sca_only,true,alvo1,step,SCA - Trivy (alvo1-juiceshop),Complete job,2026-09-28T22:26:26Z,2026-09-28T22:26:26Z,0,success,GitHub Actions 1000000234,7ad02b7add541c8a54400cf27ec1b09de3aedb4f
36491751752,1,01-devsecops,ENF-05,devsecops-enforce,sca_only,true,alvo2,job,SCA - Trivy (alvo2-uptimekuma),,2026-09-28T22:25:06Z,2026-09-28T22:27:35Z,149,success,GitHub Actions 1000000235,7ad02b7add541c8a54400cf27ec1b09de3aedb4f
36491751752,1,01-devsecops,ENF-05,devsecops-enforce,sca_only,true,alvo2,step,SCA - Trivy (alvo2-uptimekuma),Set up job,2026-09-28T22:25:07Z,2026-09-28T22:25:09Z,2,success,GitHub Actions 1000000235,7ad02b7add541c8a54400cf27ec1b09de3aedb4f
36491751752,1,01-devsecops,ENF-05,devsecops-enforce,sca_only,true,alvo2,step,SCA - Trivy (alvo2-uptimekuma),Checkout (com submodulos),2026-09-28T22:25:09Z,2026-09-28T22:25:18Z,9,success,GitHub Actions 1000000235,7ad02b7add541c8a54400cf27ec1b09de3aedb4f
36491751752,1,01-devsecops,ENF-05,devsecops-enforce,sca_only,true,alvo2,step,SCA - Trivy (alvo2-uptimekuma),Carregar perfil do alvo,2026-09-28T22:25:18Z,2026-09-28T22:25:18Z,0,success,GitHub Actions 1000000235,7ad02b7add541c8a54400cf27ec1b09de3aedb4f
36491751752,1,01-devsecops,ENF-05,devsecops-enforce,sca_only,true,alvo2,step,SCA - Trivy (alvo2-uptimekuma),Baixar imagem construida,2026-09-28T22:25:18Z,2026-09-28T22:26:24Z,66,success,GitHub Actions 1000000235,7ad02b7add541c8a54400cf27ec1b09de3aedb4f
36491751752,1,01-devsecops,ENF-05,devsecops-enforce,sca_only,true,alvo2,step,SCA - Trivy (alvo2-uptimekuma),Carregar imagem no Docker,2026-09-28T22:26:24Z,2026-09-28T22:27:03Z,39,success,GitHub Actions 1000000235,7ad02b7add541c8a54400cf27ec1b09de3aedb4f
36491751752,1,01-devsecops,ENF-05,devsecops-enforce,sca_only,true,alvo2,step,SCA - Trivy (alvo2-uptimekuma),Instalar Trivy,2026-09-28T22:27:03Z,2026-09-28T22:27:05Z,2,success,GitHub Actions 1000000235,7ad02b7add541c8a54400cf27ec1b09de3aedb4f
36491751752,1,01-devsecops,ENF-05,devsecops-enforce,sca_only,true,alvo2,step,SCA - Trivy (alvo2-uptimekuma),"Trivy: vulnerabilidades da imagem (D9, fonte unica de SCA)",2026-09-28T22:27:05Z,2026-09-28T22:27:30Z,25,success,GitHub Actions 1000000235,7ad02b7add541c8a54400cf27ec1b09de3aedb4f
36491751752,1,01-devsecops,ENF-05,devsecops-enforce,sca_only,true,alvo2,step,SCA - Trivy (alvo2-uptimekuma),Trivy: segredos no codigo-fonte,2026-09-28T22:27:30Z,2026-09-28T22:27:30Z,0,success,GitHub Actions 1000000235,7ad02b7add541c8a54400cf27ec1b09de3aedb4f
36491751752,1,01-devsecops,ENF-05,devsecops-enforce,sca_only,true,alvo2,step,SCA - Trivy (alvo2-uptimekuma),Trivy: IaC (Dockerfile),2026-09-28T22:27:30Z,2026-09-28T22:27:32Z,2,success,GitHub Actions 1000000235,7ad02b7add541c8a54400cf27ec1b09de3aedb4f
36491751752,1,01-devsecops,ENF-05,devsecops-enforce,sca_only,true,alvo2,step,SCA - Trivy (alvo2-uptimekuma),Run actions/upload-artifact@043fb46d1a93c77aae656e7c1c64a875d1fc6a0a,2026-09-28T22:27:32Z,2026-09-28T22:27:33Z,1,success,GitHub Actions 1000000235,7ad02b7add541c8a54400cf27ec1b09de3aedb4f
36491751752,1,01-devsecops,ENF-05,devsecops-enforce,sca_only,true,alvo2,step,SCA - Trivy (alvo2-uptimekuma),Post Instalar Trivy,2026-09-28T22:27:33Z,2026-09-28T22:27:33Z,0,success,GitHub Actions 1000000235,7ad02b7add541c8a54400cf27ec1b09de3aedb4f
36491751752,1,01-devsecops,ENF-05,devsecops-enforce,sca_only,true,alvo2,step,SCA - Trivy (alvo2-uptimekuma),Post Checkout (com submodulos),2026-09-28T22:27:33Z,2026-09-28T22:27:33Z,0,success,GitHub Actions 1000000235,7ad02b7add541c8a54400cf27ec1b09de3aedb4f
36491751752,1,01-devsecops,ENF-05,devsecops-enforce,sca_only,true,alvo2,step,SCA - Trivy (alvo2-uptimekuma),Complete job,2026-09-28T22:27:33Z,2026-09-28T22:27:33Z,0,success,GitHub Actions 1000000235,7ad02b7add541c8a54400cf27ec1b09de3aedb4f
36491751752,1,01-devsecops,ENF-05,devsecops-enforce,sca_only,true,alvo1,job,Quality Gate (alvo1-juiceshop),,2026-09-28T22:27:39Z,2026-09-28T22:27:50Z,11,failure,GitHub Actions 1000000237,7ad02b7add541c8a54400cf27ec1b09de3aedb4f
36491751752,1,01-devsecops,ENF-05,devsecops-enforce,sca_only,true,alvo1,step,Quality Gate (alvo1-juiceshop),Set up job,2026-09-28T22:27:39Z,2026-09-28T22:27:41Z,2,success,GitHub Actions 1000000237,7ad02b7add541c8a54400cf27ec1b09de3aedb4f
36491751752,1,01-devsecops,ENF-05,devsecops-enforce,sca_only,true,alvo1,step,Quality Gate (alvo1-juiceshop),Checkout,2026-09-28T22:27:41Z,2026-09-28T22:27:42Z,1,success,GitHub Actions 1000000237,7ad02b7add541c8a54400cf27ec1b09de3aedb4f
36491751752,1,01-devsecops,ENF-05,devsecops-enforce,sca_only,true,alvo1,step,Quality Gate (alvo1-juiceshop),Carregar perfil do alvo,2026-09-28T22:27:42Z,2026-09-28T22:27:42Z,0,success,GitHub Actions 1000000237,7ad02b7add541c8a54400cf27ec1b09de3aedb4f
36491751752,1,01-devsecops,ENF-05,devsecops-enforce,sca_only,true,alvo1,step,Quality Gate (alvo1-juiceshop),Baixar achados de SAST,2026-09-28T22:27:42Z,2026-09-28T22:27:44Z,2,success,GitHub Actions 1000000237,7ad02b7add541c8a54400cf27ec1b09de3aedb4f
36491751752,1,01-devsecops,ENF-05,devsecops-enforce,sca_only,true,alvo1,step,Quality Gate (alvo1-juiceshop),Baixar achados de SCA,2026-09-28T22:27:44Z,2026-09-28T22:27:45Z,1,success,GitHub Actions 1000000237,7ad02b7add541c8a54400cf27ec1b09de3aedb4f
36491751752,1,01-devsecops,ENF-05,devsecops-enforce,sca_only,true,alvo1,step,Quality Gate (alvo1-juiceshop),Instalar dependencias do script,2026-09-28T22:27:45Z,2026-09-28T22:27:46Z,1,success,GitHub Actions 1000000237,7ad02b7add541c8a54400cf27ec1b09de3aedb4f
36491751752,1,01-devsecops,ENF-05,devsecops-enforce,sca_only,true,alvo1,step,Quality Gate (alvo1-juiceshop),Avaliar Quality Gate,2026-09-28T22:27:46Z,2026-09-28T22:27:46Z,0,failure,GitHub Actions 1000000237,7ad02b7add541c8a54400cf27ec1b09de3aedb4f
36491751752,1,01-devsecops,ENF-05,devsecops-enforce,sca_only,true,alvo1,step,Quality Gate (alvo1-juiceshop),Run actions/upload-artifact@043fb46d1a93c77aae656e7c1c64a875d1fc6a0a,2026-09-28T22:27:46Z,2026-09-28T22:27:47Z,1,success,GitHub Actions 1000000237,7ad02b7add541c8a54400cf27ec1b09de3aedb4f
36491751752,1,01-devsecops,ENF-05,devsecops-enforce,sca_only,true,alvo1,step,Quality Gate (alvo1-juiceshop),Post Checkout,2026-09-28T22:27:47Z,2026-09-28T22:27:48Z,1,success,GitHub Actions 1000000237,7ad02b7add541c8a54400cf27ec1b09de3aedb4f
36491751752,1,01-devsecops,ENF-05,devsecops-enforce,sca_only,true,alvo1,step,Quality Gate (alvo1-juiceshop),Complete job,2026-09-28T22:27:48Z,2026-09-28T22:27:48Z,0,success,GitHub Actions 1000000237,7ad02b7add541c8a54400cf27ec1b09de3aedb4f
36491751752,1,01-devsecops,ENF-05,devsecops-enforce,sca_only,true,alvo2,job,Quality Gate (alvo2-uptimekuma),,2026-09-28T22:27:37Z,2026-09-28T22:27:49Z,12,failure,GitHub Actions 1000000236,7ad02b7add541c8a54400cf27ec1b09de3aedb4f
36491751752,1,01-devsecops,ENF-05,devsecops-enforce,sca_only,true,alvo2,step,Quality Gate (alvo2-uptimekuma),Set up job,2026-09-28T22:27:38Z,2026-09-28T22:27:40Z,2,success,GitHub Actions 1000000236,7ad02b7add541c8a54400cf27ec1b09de3aedb4f
36491751752,1,01-devsecops,ENF-05,devsecops-enforce,sca_only,true,alvo2,step,Quality Gate (alvo2-uptimekuma),Checkout,2026-09-28T22:27:40Z,2026-09-28T22:27:41Z,1,success,GitHub Actions 1000000236,7ad02b7add541c8a54400cf27ec1b09de3aedb4f
36491751752,1,01-devsecops,ENF-05,devsecops-enforce,sca_only,true,alvo2,step,Quality Gate (alvo2-uptimekuma),Carregar perfil do alvo,2026-09-28T22:27:41Z,2026-09-28T22:27:41Z,0,success,GitHub Actions 1000000236,7ad02b7add541c8a54400cf27ec1b09de3aedb4f
36491751752,1,01-devsecops,ENF-05,devsecops-enforce,sca_only,true,alvo2,step,Quality Gate (alvo2-uptimekuma),Baixar achados de SAST,2026-09-28T22:27:41Z,2026-09-28T22:27:42Z,1,success,GitHub Actions 1000000236,7ad02b7add541c8a54400cf27ec1b09de3aedb4f
36491751752,1,01-devsecops,ENF-05,devsecops-enforce,sca_only,true,alvo2,step,Quality Gate (alvo2-uptimekuma),Baixar achados de SCA,2026-09-28T22:27:42Z,2026-09-28T22:27:44Z,2,success,GitHub Actions 1000000236,7ad02b7add541c8a54400cf27ec1b09de3aedb4f
36491751752,1,01-devsecops,ENF-05,devsecops-enforce,sca_only,true,alvo2,step,Quality Gate (alvo2-uptimekuma),Instalar dependencias do script,2026-09-28T22:27:44Z,2026-09-28T22:27:45Z,1,success,GitHub Actions 1000000236,7ad02b7add541c8a54400cf27ec1b09de3aedb4f
36491751752,1,01-devsecops,ENF-05,devsecops-enforce,sca_only,true,alvo2,step,Quality Gate (alvo2-uptimekuma),Avaliar Quality Gate,2026-09-28T22:27:45Z,2026-09-28T22:27:45Z,0,failure,GitHub Actions 1000000236,7ad02b7add541c8a54400cf27ec1b09de3aedb4f
36491751752,1,01-devsecops,ENF-05,devsecops-enforce,sca_only,true,alvo2,step,Quality Gate (alvo2-uptimekuma),Run actions/upload-artifact@043fb46d1a93c77aae656e7c1c64a875d1fc6a0a,2026-09-28T22:27:45Z,2026-09-28T22:27:46Z,1,success,GitHub Actions 1000000236,7ad02b7add541c8a54400cf27ec1b09de3aedb4f
36491751752,1,01-devsecops,ENF-05,devsecops-enforce,sca_only,true,alvo2,step,Quality Gate (alvo2-uptimekuma),Post Checkout,2026-09-28T22:27:46Z,2026-09-28T22:27:47Z,1,success,GitHub Actions 1000000236,7ad02b7add541c8a54400cf27ec1b09de3aedb4f
36491751752,1,01-devsecops,ENF-05,devsecops-enforce,sca_only,true,alvo2,step,Quality Gate (alvo2-uptimekuma),Complete job,2026-09-28T22:27:47Z,2026-09-28T22:27:47Z,0,success,GitHub Actions 1000000236,7ad02b7add541c8a54400cf27ec1b09de3aedb4f
36491751752,1,01-devsecops,ENF-05,devsecops-enforce,sca_only,true,,job,Staging + DAST - OWASP ZAP (${{ matrix.perfil }}),,2026-09-28T22:27:51Z,2026-09-28T22:27:51Z,0,skipped,,7ad02b7add541c8a54400cf27ec1b09de3aedb4f
