id_triagem,alvo,ferramenta,fonte,estrato,peso_amostral,id_achado,chave_dedup,titulo,local,severidade_nativa,confianca,cvss_v3,owasp,rodadas_em_que_aparece,retriagem,classificacao,justificativa,evidencia,avaliador,data,rodada_triagem
T0001,alvo1,semgrep,semgrep,ERROR,1.0,javascript.lang.security.audit.code-string-concat.code-string-concat,javascript.lang.security.audit.code-string-concat.code-string-concat|alvos/juice-shop/routes/userProfile.ts|65,Found data from an Express or Next web request flowing to `eval`. If this data is user-controllable this can lead to execution of arbitrary system commands in the context of your application process. ,alvos/juice-shop/routes/userProfile.ts:65,ERROR,HIGH,,A03,9,,,,,,,1
T0002,alvo1,semgrep,semgrep,ERROR,1.0,javascript.sequelize.security.audit.sequelize-injection-express.express-sequelize-injection,javascript.sequelize.security.audit.sequelize-injection-express.express-sequelize-injection|alvos/juice-shop/data/static/codefixes/dbSchemaChallenge_1.ts|5,"Detected a sequelize statement that is tainted by user-input. This could lead to SQL injection if the variable is user-controlled and is not properly sanitized. In order to prevent SQL injection, it i",alvos/juice-shop/data/static/codefixes/dbSchemaChallenge_1.ts:5,ERROR,HIGH,,A03,9,,,,,,,1
T0003,alvo1,semgrep,semgrep,ERROR,1.0,javascript.sequelize.security.audit.sequelize-injection-express.express-sequelize-injection,javascript.sequelize.security.audit.sequelize-injection-express.express-sequelize-injection|alvos/juice-shop/data/static/codefixes/dbSchemaChallenge_3.ts|11,"Detected a sequelize statement that is tainted by user-input. This could lead to SQL injection if the variable is user-controlled and is not properly sanitized. In order to prevent SQL injection, it i",alvos/juice-shop/data/static/codefixes/dbSchemaChallenge_3.ts:11,ERROR,HIGH,,A03,9,,,,,,,1
T0004,alvo1,semgrep,semgrep,ERROR,1.0,javascript.sequelize.security.audit.sequelize-injection-express.express-sequelize-injection,javascript.sequelize.security.audit.sequelize-injection-express.express-sequelize-injection|alvos/juice-shop/data/static/codefixes/unionSqlInjectionChallenge_1.ts|6,"Detected a sequelize statement that is tainted by user-input. This could lead to SQL injection if the variable is user-controlled and is not properly sanitized. In order to prevent SQL injection, it i",alvos/juice-shop/data/static/codefixes/unionSqlInjectionChallenge_1.ts:6,ERROR,HIGH,,A03,9,,,,,,,1
T0005,alvo1,semgrep,semgrep,ERROR,1.0,javascript.sequelize.security.audit.sequelize-injection-express.express-sequelize-injection,javascript.sequelize.security.audit.sequelize-injection-express.express-sequelize-injection|alvos/juice-shop/data/static/codefixes/unionSqlInjectionChallenge_3.ts|10,"Detected a sequelize statement that is tainted by user-input. This could lead to SQL injection if the variable is user-controlled and is not properly sanitized. In order to prevent SQL injection, it i",alvos/juice-shop/data/static/codefixes/unionSqlInjectionChallenge_3.ts:10,ERROR,HIGH,,A03,9,,,,,,,1
T0006,alvo1,semgrep,semgrep,ERROR,1.0,javascript.sequelize.security.audit.sequelize-injection-express.express-sequelize-injection,javascript.sequelize.security.audit.sequelize-injection-express.express-sequelize-injection|alvos/juice-shop/routes/login.ts|34,"Detected a sequelize statement that is tainted by user-input. This could lead to SQL injection if the variable is user-controlled and is not properly sanitized. In order to prevent SQL injection, it i",alvos/juice-shop/routes/login.ts:34,ERROR,HIGH,,A03,9,,,,,,,1
T0007,alvo1,semgrep,semgrep,ERROR,1.0,javascript.sequelize.security.audit.sequelize-injection-express.express-sequelize-injection,javascript.sequelize.security.audit.sequelize-injection-express.express-sequelize-injection|alvos/juice-shop/routes/search.ts|23,"Detected a sequelize statement that is tainted by user-input. This could lead to SQL injection if the variable is user-controlled and is not properly sanitized. In order to prevent SQL injection, it i",alvos/juice-shop/routes/search.ts:23,ERROR,HIGH,,A03,9,sim,,,,,,1
T0008,alvo1,semgrep,semgrep,ERROR,1.0,yaml.github-actions.security.gha-curl-pipe-shell.gha-curl-pipe-shell,yaml.github-actions.security.gha-curl-pipe-shell.gha-curl-pipe-shell|alvos/juice-shop/.github/workflows/ci.yml|359,"A `run:` step pipes the output of `curl` or `wget` directly into a shell interpreter. This is the ""curl | bash"" install pattern — if the remote server is compromised or the URL is hijacked, an attacke",alvos/juice-shop/.github/workflows/ci.yml:359,ERROR,HIGH,,A03,9,,,,,,,1
T0009,alvo1,semgrep,semgrep,ERROR,1.0,yaml.github-actions.security.run-shell-injection.run-shell-injection,yaml.github-actions.security.run-shell-injection.run-shell-injection|alvos/juice-shop/.github/workflows/update-challenges-ebook.yml|22,Using variable interpolation `${{...}}` with `github` context data in a `run:` step could allow an attacker to inject their own code into the runner. This would allow them to steal secrets and code. `,alvos/juice-shop/.github/workflows/update-challenges-ebook.yml:22,ERROR,HIGH,,A03,9,,,,,,,1
T0010,alvo1,semgrep,semgrep,ERROR,1.0,yaml.github-actions.security.run-shell-injection.run-shell-injection,yaml.github-actions.security.run-shell-injection.run-shell-injection|alvos/juice-shop/.github/workflows/update-challenges-www-legacy.yml|27,Using variable interpolation `${{...}}` with `github` context data in a `run:` step could allow an attacker to inject their own code into the runner. This would allow them to steal secrets and code. `,alvos/juice-shop/.github/workflows/update-challenges-www-legacy.yml:27,ERROR,HIGH,,A03,9,,,,,,,1
T0011,alvo1,semgrep,semgrep,ERROR,1.0,yaml.github-actions.security.run-shell-injection.run-shell-injection,yaml.github-actions.security.run-shell-injection.run-shell-injection|alvos/juice-shop/.github/workflows/update-challenges-www-legacy.yml|36,Using variable interpolation `${{...}}` with `github` context data in a `run:` step could allow an attacker to inject their own code into the runner. This would allow them to steal secrets and code. `,alvos/juice-shop/.github/workflows/update-challenges-www-legacy.yml:36,ERROR,HIGH,,A03,9,,,,,,,1
T0012,alvo1,semgrep,semgrep,ERROR,1.0,yaml.github-actions.security.run-shell-injection.run-shell-injection,yaml.github-actions.security.run-shell-injection.run-shell-injection|alvos/juice-shop/.github/workflows/update-challenges-www.yml|27,Using variable interpolation `${{...}}` with `github` context data in a `run:` step could allow an attacker to inject their own code into the runner. This would allow them to steal secrets and code. `,alvos/juice-shop/.github/workflows/update-challenges-www.yml:27,ERROR,HIGH,,A03,9,,,,,,,1
T0013,alvo1,semgrep,semgrep,ERROR,1.0,yaml.github-actions.security.run-shell-injection.run-shell-injection,yaml.github-actions.security.run-shell-injection.run-shell-injection|alvos/juice-shop/.github/workflows/update-challenges-www.yml|36,Using variable interpolation `${{...}}` with `github` context data in a `run:` step could allow an attacker to inject their own code into the runner. This would allow them to steal secrets and code. `,alvos/juice-shop/.github/workflows/update-challenges-www.yml:36,ERROR,HIGH,,A03,9,,,,,,,1
T0014,alvo1,semgrep,semgrep,MEDIUM,1.0,package_managers.npm.npm-missing-minimum-release-age.npm-missing-minimum-release-age,package_managers.npm.npm-missing-minimum-release-age.npm-missing-minimum-release-age|alvos/juice-shop/.npmrc|1,This .npmrc does not set a minimum release age or sets it too low. Newly published packages can be malicious or unstable. Add `min-release-age = 7` to wait 7 days before resolving newly published pack,alvos/juice-shop/.npmrc:1,MEDIUM,HIGH,,A08,9,,,,,,,1
T0015,alvo1,semgrep,semgrep,MEDIUM,1.0,package_managers.npm.npm-missing-minimum-release-age.npm-missing-minimum-release-age,package_managers.npm.npm-missing-minimum-release-age.npm-missing-minimum-release-age|alvos/juice-shop/frontend/.npmrc|1,This .npmrc does not set a minimum release age or sets it too low. Newly published packages can be malicious or unstable. Add `min-release-age = 7` to wait 7 days before resolving newly published pack,alvos/juice-shop/frontend/.npmrc:1,MEDIUM,HIGH,,A08,9,,,,,,,1
T0016,alvo1,semgrep,semgrep,WARNING,1.0,generic.html-templates.security.unquoted-attribute-var.unquoted-attribute-var,generic.html-templates.security.unquoted-attribute-var.unquoted-attribute-var|alvos/juice-shop/frontend/src/app/navbar/navbar.component.html|17,"Detected a unquoted template variable as an attribute. If unquoted, a malicious actor could inject custom JavaScript handlers. To fix this, add quotes around the template expression, like this: ""{{ ex",alvos/juice-shop/frontend/src/app/navbar/navbar.component.html:17,WARNING,LOW,,A03,9,,,,,,,1
T0017,alvo1,semgrep,semgrep,WARNING,1.0,generic.html-templates.security.unquoted-attribute-var.unquoted-attribute-var,generic.html-templates.security.unquoted-attribute-var.unquoted-attribute-var|alvos/juice-shop/frontend/src/app/purchase-basket/purchase-basket.component.html|15,"Detected a unquoted template variable as an attribute. If unquoted, a malicious actor could inject custom JavaScript handlers. To fix this, add quotes around the template expression, like this: ""{{ ex",alvos/juice-shop/frontend/src/app/purchase-basket/purchase-basket.component.html:15,WARNING,LOW,,A03,9,,,,,,,1
T0018,alvo1,semgrep,semgrep,WARNING,1.0,generic.html-templates.security.unquoted-attribute-var.unquoted-attribute-var,generic.html-templates.security.unquoted-attribute-var.unquoted-attribute-var|alvos/juice-shop/views/dataErasureForm.hbs|38,"Detected a unquoted template variable as an attribute. If unquoted, a malicious actor could inject custom JavaScript handlers. To fix this, add quotes around the template expression, like this: ""{{ ex",alvos/juice-shop/views/dataErasureForm.hbs:38,WARNING,LOW,,A03,9,,,,,,,1
T0019,alvo1,semgrep,semgrep,WARNING,1.0,javascript.express.security.audit.express-check-directory-listing.express-check-directory-listing,javascript.express.security.audit.express-check-directory-listing.express-check-directory-listing|alvos/juice-shop/server.ts|268,"Directory listing/indexing is enabled, which may lead to disclosure of sensitive directories and files. It is recommended to disable directory listing unless it is a public resource. If you need direc",alvos/juice-shop/server.ts:268,WARNING,MEDIUM,,A01,9,,,,,,,1
T0020,alvo1,semgrep,semgrep,WARNING,1.0,javascript.express.security.audit.express-check-directory-listing.express-check-directory-listing,javascript.express.security.audit.express-check-directory-listing.express-check-directory-listing|alvos/juice-shop/server.ts|288,"Directory listing/indexing is enabled, which may lead to disclosure of sensitive directories and files. It is recommended to disable directory listing unless it is a public resource. If you need direc",alvos/juice-shop/server.ts:288,WARNING,MEDIUM,,A01,9,,,,,,,1
T0021,alvo1,semgrep,semgrep,WARNING,1.0,javascript.express.security.audit.express-check-directory-listing.express-check-directory-listing,javascript.express.security.audit.express-check-directory-listing.express-check-directory-listing|alvos/juice-shop/server.ts|292,"Directory listing/indexing is enabled, which may lead to disclosure of sensitive directories and files. It is recommended to disable directory listing unless it is a public resource. If you need direc",alvos/juice-shop/server.ts:292,WARNING,MEDIUM,,A01,9,,,,,,,1
T0022,alvo1,semgrep,semgrep,WARNING,1.0,javascript.express.security.audit.express-check-directory-listing.express-check-directory-listing,javascript.express.security.audit.express-check-directory-listing.express-check-directory-listing|alvos/juice-shop/server.ts|296,"Directory listing/indexing is enabled, which may lead to disclosure of sensitive directories and files. It is recommended to disable directory listing unless it is a public resource. If you need direc",alvos/juice-shop/server.ts:296,WARNING,MEDIUM,,A01,9,,,,,,,1
T0023,alvo1,semgrep,semgrep,WARNING,1.0,javascript.express.security.audit.express-check-directory-listing.express-check-directory-listing,javascript.express.security.audit.express-check-directory-listing.express-check-directory-listing|alvos/juice-shop/server.ts|300,"Directory listing/indexing is enabled, which may lead to disclosure of sensitive directories and files. It is recommended to disable directory listing unless it is a public resource. If you need direc",alvos/juice-shop/server.ts:300,WARNING,MEDIUM,,A01,9,,,,,,,1
T0024,alvo1,semgrep,semgrep,WARNING,1.0,javascript.express.security.audit.express-open-redirect.express-open-redirect,javascript.express.security.audit.express-open-redirect.express-open-redirect|alvos/juice-shop/routes/redirect.ts|18,The application redirects to a URL specified by user-supplied input `query` that is not validated. This could redirect users to malicious locations. Consider using an allow-list approach to validate U,alvos/juice-shop/routes/redirect.ts:18,WARNING,HIGH,,A01,9,,,,,,,1
T0025,alvo1,semgrep,semgrep,WARNING,1.0,javascript.express.security.audit.express-res-sendfile.express-res-sendfile,javascript.express.security.audit.express-res-sendfile.express-res-sendfile|alvos/juice-shop/routes/fileServer.ts|32,"The application processes user-input, this is passed to res.sendFile which can allow an attacker to arbitrarily read files on the system through path traversal. It is recommended to perform input vali",alvos/juice-shop/routes/fileServer.ts:32,WARNING,MEDIUM,,A04,9,,,,,,,1
T0026,alvo1,semgrep,semgrep,WARNING,1.0,javascript.express.security.audit.express-res-sendfile.express-res-sendfile,javascript.express.security.audit.express-res-sendfile.express-res-sendfile|alvos/juice-shop/routes/keyServer.ts|14,"The application processes user-input, this is passed to res.sendFile which can allow an attacker to arbitrarily read files on the system through path traversal. It is recommended to perform input vali",alvos/juice-shop/routes/keyServer.ts:14,WARNING,MEDIUM,,A04,9,,,,,,,1
T0027,alvo1,semgrep,semgrep,WARNING,1.0,javascript.express.security.audit.express-res-sendfile.express-res-sendfile,javascript.express.security.audit.express-res-sendfile.express-res-sendfile|alvos/juice-shop/routes/logfileServer.ts|14,"The application processes user-input, this is passed to res.sendFile which can allow an attacker to arbitrarily read files on the system through path traversal. It is recommended to perform input vali",alvos/juice-shop/routes/logfileServer.ts:14,WARNING,MEDIUM,,A04,9,,,,,,,1
T0028,alvo1,semgrep,semgrep,WARNING,1.0,javascript.express.security.audit.express-res-sendfile.express-res-sendfile,javascript.express.security.audit.express-res-sendfile.express-res-sendfile|alvos/juice-shop/routes/quarantineServer.ts|14,"The application processes user-input, this is passed to res.sendFile which can allow an attacker to arbitrarily read files on the system through path traversal. It is recommended to perform input vali",alvos/juice-shop/routes/quarantineServer.ts:14,WARNING,MEDIUM,,A04,9,,,,,,,1
T0029,alvo1,semgrep,semgrep,WARNING,1.0,javascript.express.security.audit.possible-user-input-redirect.unknown-value-in-redirect,javascript.express.security.audit.possible-user-input-redirect.unknown-value-in-redirect|alvos/juice-shop/routes/redirect.ts|18,"It looks like 'toUrl' is read from user input and it is used to as a redirect. Ensure 'toUrl' is not externally controlled, otherwise this is an open redirect.",alvos/juice-shop/routes/redirect.ts:18,WARNING,LOW,,A01,9,,,,,,,1
T0030,alvo1,semgrep,semgrep,WARNING,1.0,javascript.jsonwebtoken.security.jwt-hardcode.hardcoded-jwt-secret,javascript.jsonwebtoken.security.jwt-hardcode.hardcoded-jwt-secret|alvos/juice-shop/lib/insecurity.ts|54,"A hard-coded credential was detected. It is not recommended to store credentials in source-code, as this risks secrets being leaked and used by either an internal or external malicious adversary. It i",alvos/juice-shop/lib/insecurity.ts:54,WARNING,HIGH,,A07,9,,,,,,,1
T0031,alvo1,semgrep,semgrep,WARNING,1.0,javascript.lang.security.audit.unknown-value-with-script-tag.unknown-value-with-script-tag,javascript.lang.security.audit.unknown-value-with-script-tag.unknown-value-with-script-tag|alvos/juice-shop/routes/videoHandler.ts|71,"Cannot determine what 'subs' is and it is used with a '<script>' tag. This could be susceptible to cross-site scripting (XSS). Ensure 'subs' is not externally controlled, or sanitize this data.",alvos/juice-shop/routes/videoHandler.ts:71,WARNING,LOW,,A03,9,,,,,,,1
T0032,alvo1,semgrep,semgrep,WARNING,1.0,terraform.aws.security.aws-subnet-has-public-ip-address.aws-subnet-has-public-ip-address,terraform.aws.security.aws-subnet-has-public-ip-address.aws-subnet-has-public-ip-address|alvos/juice-shop/data/static/codefixes/iacLeakedKeyChallenge_1.tf|17,"Resources in the AWS subnet are assigned a public IP address. Resources should not be exposed on the public internet, but should have access limited to consumers required for the function of your appl",alvos/juice-shop/data/static/codefixes/iacLeakedKeyChallenge_1.tf:17,WARNING,MEDIUM,,A01,9,,,,,,,1
T0033,alvo1,semgrep,semgrep,WARNING,1.0,terraform.aws.security.aws-subnet-has-public-ip-address.aws-subnet-has-public-ip-address,terraform.aws.security.aws-subnet-has-public-ip-address.aws-subnet-has-public-ip-address|alvos/juice-shop/data/static/codefixes/iacLeakedKeyChallenge_2.tf|17,"Resources in the AWS subnet are assigned a public IP address. Resources should not be exposed on the public internet, but should have access limited to consumers required for the function of your appl",alvos/juice-shop/data/static/codefixes/iacLeakedKeyChallenge_2.tf:17,WARNING,MEDIUM,,A01,9,,,,,,,1
T0034,alvo1,semgrep,semgrep,WARNING,1.0,terraform.aws.security.aws-subnet-has-public-ip-address.aws-subnet-has-public-ip-address,terraform.aws.security.aws-subnet-has-public-ip-address.aws-subnet-has-public-ip-address|alvos/juice-shop/data/static/codefixes/iacLeakedKeyChallenge_3_correct.tf|17,"Resources in the AWS subnet are assigned a public IP address. Resources should not be exposed on the public internet, but should have access limited to consumers required for the function of your appl",alvos/juice-shop/data/static/codefixes/iacLeakedKeyChallenge_3_correct.tf:17,WARNING,MEDIUM,,A01,9,,,,,,,1
T0035,alvo1,semgrep,semgrep,WARNING,1.0,terraform.aws.security.aws-subnet-has-public-ip-address.aws-subnet-has-public-ip-address,terraform.aws.security.aws-subnet-has-public-ip-address.aws-subnet-has-public-ip-address|alvos/juice-shop/infrastructure/terraform/networking.tf|18,"Resources in the AWS subnet are assigned a public IP address. Resources should not be exposed on the public internet, but should have access limited to consumers required for the function of your appl",alvos/juice-shop/infrastructure/terraform/networking.tf:18,WARNING,MEDIUM,,A01,9,,,,,,,1
T0036,alvo1,semgrep,semgrep,WARNING,1.0,terraform.aws.security.aws-subnet-has-public-ip-address.aws-subnet-has-public-ip-address,terraform.aws.security.aws-subnet-has-public-ip-address.aws-subnet-has-public-ip-address|alvos/juice-shop/terraform/networking.tf|18,"Resources in the AWS subnet are assigned a public IP address. Resources should not be exposed on the public internet, but should have access limited to consumers required for the function of your appl",alvos/juice-shop/terraform/networking.tf:18,WARNING,MEDIUM,,A01,9,,,,,,,1
T0037,alvo1,semgrep,semgrep,WARNING,1.0,terraform.aws.security.insecure-load-balancer-tls-version.insecure-load-balancer-tls-version,terraform.aws.security.insecure-load-balancer-tls-version.insecure-load-balancer-tls-version|alvos/juice-shop/data/static/codefixes/iacLeakedKeyChallenge_1.tf|159,"Detected an AWS load balancer with an insecure TLS version. TLS versions less than 1.2 are considered insecure because they can be broken. To fix this, set your `ssl_policy` to `""ELBSecurityPolicy-TLS",alvos/juice-shop/data/static/codefixes/iacLeakedKeyChallenge_1.tf:159,WARNING,MEDIUM,,A02,9,,,,,,,1
T0038,alvo1,semgrep,semgrep,WARNING,1.0,terraform.aws.security.insecure-load-balancer-tls-version.insecure-load-balancer-tls-version,terraform.aws.security.insecure-load-balancer-tls-version.insecure-load-balancer-tls-version|alvos/juice-shop/data/static/codefixes/iacLeakedKeyChallenge_2.tf|159,"Detected an AWS load balancer with an insecure TLS version. TLS versions less than 1.2 are considered insecure because they can be broken. To fix this, set your `ssl_policy` to `""ELBSecurityPolicy-TLS",alvos/juice-shop/data/static/codefixes/iacLeakedKeyChallenge_2.tf:159,WARNING,MEDIUM,,A02,9,sim,,,,,,1
T0039,alvo1,semgrep,semgrep,WARNING,1.0,terraform.aws.security.insecure-load-balancer-tls-version.insecure-load-balancer-tls-version,terraform.aws.security.insecure-load-balancer-tls-version.insecure-load-balancer-tls-version|alvos/juice-shop/data/static/codefixes/iacLeakedKeyChallenge_3_correct.tf|159,"Detected an AWS load balancer with an insecure TLS version. TLS versions less than 1.2 are considered insecure because they can be broken. To fix this, set your `ssl_policy` to `""ELBSecurityPolicy-TLS",alvos/juice-shop/data/static/codefixes/iacLeakedKeyChallenge_3_correct.tf:159,WARNING,MEDIUM,,A02,9,,,,,,,1
T0040,alvo1,semgrep,semgrep,WARNING,1.0,terraform.aws.security.insecure-load-balancer-tls-version.insecure-load-balancer-tls-version,terraform.aws.security.insecure-load-balancer-tls-version.insecure-load-balancer-tls-version|alvos/juice-shop/infrastructure/terraform/networking.tf|160,"Detected an AWS load balancer with an insecure TLS version. TLS versions less than 1.2 are considered insecure because they can be broken. To fix this, set your `ssl_policy` to `""ELBSecurityPolicy-TLS",alvos/juice-shop/infrastructure/terraform/networking.tf:160,WARNING,MEDIUM,,A02,9,,,,,,,1
T0041,alvo1,semgrep,semgrep,WARNING,1.0,terraform.aws.security.insecure-load-balancer-tls-version.insecure-load-balancer-tls-version,terraform.aws.security.insecure-load-balancer-tls-version.insecure-load-balancer-tls-version|alvos/juice-shop/terraform/networking.tf|160,"Detected an AWS load balancer with an insecure TLS version. TLS versions less than 1.2 are considered insecure because they can be broken. To fix this, set your `ssl_policy` to `""ELBSecurityPolicy-TLS",alvos/juice-shop/terraform/networking.tf:160,WARNING,MEDIUM,,A02,9,,,,,,,1
T0042,alvo1,semgrep,semgrep,WARNING,1.0,yaml.github-actions.security.github-actions-mutable-action-tag.github-actions-mutable-action-tag,yaml.github-actions.security.github-actions-mutable-action-tag.github-actions-mutable-action-tag|alvos/juice-shop/.github/workflows/ci.yml|188,"GitHub Actions step uses a mutable tag or branch reference. Tags and branch names can be silently repointed by the action owner, enabling supply-chain attacks — as seen in the trivy-action and kics-gi",alvos/juice-shop/.github/workflows/ci.yml:188,WARNING,HIGH,,A08,9,,,,,,,1
T0043,alvo1,semgrep,semgrep,WARNING,1.0,yaml.github-actions.security.github-actions-mutable-action-tag.github-actions-mutable-action-tag,yaml.github-actions.security.github-actions-mutable-action-tag.github-actions-mutable-action-tag|alvos/juice-shop/.github/workflows/codeql-analysis.yml|23,"GitHub Actions step uses a mutable tag or branch reference. Tags and branch names can be silently repointed by the action owner, enabling supply-chain attacks — as seen in the trivy-action and kics-gi",alvos/juice-shop/.github/workflows/codeql-analysis.yml:23,WARNING,HIGH,,A08,9,,,,,,,1
T0044,alvo1,semgrep,semgrep,WARNING,1.0,yaml.github-actions.security.github-actions-mutable-action-tag.github-actions-mutable-action-tag,yaml.github-actions.security.github-actions-mutable-action-tag.github-actions-mutable-action-tag|alvos/juice-shop/.github/workflows/codeql-analysis.yml|34,"GitHub Actions step uses a mutable tag or branch reference. Tags and branch names can be silently repointed by the action owner, enabling supply-chain attacks — as seen in the trivy-action and kics-gi",alvos/juice-shop/.github/workflows/codeql-analysis.yml:34,WARNING,HIGH,,A08,9,,,,,,,1
T0045,alvo1,semgrep,semgrep,WARNING,1.0,yaml.github-actions.security.github-actions-mutable-action-tag.github-actions-mutable-action-tag,yaml.github-actions.security.github-actions-mutable-action-tag.github-actions-mutable-action-tag|alvos/juice-shop/.github/workflows/codeql-analysis.yml|36,"GitHub Actions step uses a mutable tag or branch reference. Tags and branch names can be silently repointed by the action owner, enabling supply-chain attacks — as seen in the trivy-action and kics-gi",alvos/juice-shop/.github/workflows/codeql-analysis.yml:36,WARNING,HIGH,,A08,9,,,,,,,1
T0046,alvo1,semgrep,semgrep,WARNING,1.0,yaml.github-actions.security.github-actions-mutable-action-tag.github-actions-mutable-action-tag,yaml.github-actions.security.github-actions-mutable-action-tag.github-actions-mutable-action-tag|alvos/juice-shop/.github/workflows/image_actions.yml|30,"GitHub Actions step uses a mutable tag or branch reference. Tags and branch names can be silently repointed by the action owner, enabling supply-chain attacks — as seen in the trivy-action and kics-gi",alvos/juice-shop/.github/workflows/image_actions.yml:30,WARNING,HIGH,,A08,9,,,,,,,1
T0047,alvo1,semgrep,semgrep,WARNING,1.0,yaml.github-actions.security.github-actions-mutable-action-tag.github-actions-mutable-action-tag,yaml.github-actions.security.github-actions-mutable-action-tag.github-actions-mutable-action-tag|alvos/juice-shop/.github/workflows/image_actions.yml|33,"GitHub Actions step uses a mutable tag or branch reference. Tags and branch names can be silently repointed by the action owner, enabling supply-chain attacks — as seen in the trivy-action and kics-gi",alvos/juice-shop/.github/workflows/image_actions.yml:33,WARNING,HIGH,,A08,9,,,,,,,1
T0048,alvo1,semgrep,semgrep,WARNING,1.0,yaml.github-actions.security.github-actions-mutable-action-tag.github-actions-mutable-action-tag,yaml.github-actions.security.github-actions-mutable-action-tag.github-actions-mutable-action-tag|alvos/juice-shop/.github/workflows/image_actions.yml|42,"GitHub Actions step uses a mutable tag or branch reference. Tags and branch names can be silently repointed by the action owner, enabling supply-chain attacks — as seen in the trivy-action and kics-gi",alvos/juice-shop/.github/workflows/image_actions.yml:42,WARNING,HIGH,,A08,9,,,,,,,1
T0049,alvo1,trivy,trivy-config,LOW,1.0,DS-0026,DS-0026|Dockerfile|None,No HEALTHCHECK defined,Dockerfile:None,LOW,,,A05,9,,,,,,,1
T0050,alvo1,trivy,trivy-config,MEDIUM,1.0,DS-0001,DS-0001|Dockerfile|22,':latest' tag used,Dockerfile:22,MEDIUM,,,A05,9,,,,,,,1
T0051,alvo1,trivy,trivy-image,CRITICAL,1.0,CVE-2015-9235,CVE-2015-9235|jsonwebtoken|0.1.0,nodejs-jsonwebtoken: verification step bypass with an altered token,jsonwebtoken@0.1.0,CRITICAL,,9.8,A06,9,sim,,,,,,1
T0052,alvo1,trivy,trivy-image,CRITICAL,1.0,CVE-2015-9235,CVE-2015-9235|jsonwebtoken|0.4.0,nodejs-jsonwebtoken: verification step bypass with an altered token,jsonwebtoken@0.4.0,CRITICAL,,9.8,A06,9,,,,,,,1
T0053,alvo1,trivy,trivy-image,CRITICAL,1.0,CVE-2019-10744,CVE-2019-10744|lodash|2.4.2,nodejs-lodash: prototype pollution in defaultsDeep function leading to modifying properties,lodash@2.4.2,CRITICAL,,9.1,A06,9,,,,,,,1
T0054,alvo1,trivy,trivy-image,CRITICAL,1.0,CVE-2023-46233,CVE-2023-46233|crypto-js|3.3.0,"crypto-js: PBKDF2 1,000 times weaker than specified in 1993 and 1.3M times weaker than current standard",crypto-js@3.3.0,CRITICAL,,9.1,A06,9,,,,,,,1
T0055,alvo1,trivy,trivy-image,CRITICAL,1.0,CVE-2026-53486,CVE-2026-53486|decompress|4.2.1,decompress: @xhmikosr/decompress: Decompress: Arbitrary file read/write via crafted archive extraction,decompress@4.2.1,CRITICAL,,9.1,A06,9,,,,,,,1
T0056,alvo1,trivy,trivy-image,CRITICAL,1.0,CVE-2026-59873,CVE-2026-59873|tar|6.2.1,tar: node-tar: Denial of Service via crafted gzip bomb,tar@6.2.1,CRITICAL,,7.5,A06,9,,,,,,,1
T0057,alvo1,trivy,trivy-image,CRITICAL,1.0,CVE-2026-71851,CVE-2026-71851|crypto-js|3.3.0,crypto-js: crypto-js: Insufficient Entropy in Cryptographic Secret Generation via Vulnerable CryptoJS Dependency Chain,crypto-js@3.3.0,CRITICAL,,9.1,A06,9,,,,,,,1
T0058,alvo1,trivy,trivy-image,CRITICAL,1.0,GHSA-5mrr-rgp6-x4gr,GHSA-5mrr-rgp6-x4gr|marsdb|0.6.11,Command Injection in marsdb,marsdb@0.6.11,CRITICAL,,9.0,A06,9,,,,,,,1
T0059,alvo1,trivy,trivy-image,HIGH,1.0,CVE-2016-1000223,CVE-2016-1000223|jws|0.2.6,Forgeable Public/Private Tokens,jws@0.2.6,HIGH,,8.7,A06,9,sim,,,,,,1
T0060,alvo1,trivy,trivy-image,HIGH,1.0,CVE-2017-18214,CVE-2017-18214|moment|2.0.0,nodejs-moment: Regular expression denial of service,moment@2.0.0,HIGH,,7.5,A06,9,,,,,,,1
T0061,alvo1,trivy,trivy-image,HIGH,1.0,CVE-2018-16487,CVE-2018-16487|lodash|2.4.2,lodash: Prototype pollution in utilities function,lodash@2.4.2,HIGH,,5.6,A06,9,,,,,,,1
T0062,alvo1,trivy,trivy-image,HIGH,1.0,CVE-2020-15084,CVE-2020-15084|express-jwt|0.1.3,Authorization bypass in express-jwt,express-jwt@0.1.3,HIGH,,9.1,A06,9,,,,,,,1
T0063,alvo1,trivy,trivy-image,HIGH,1.0,CVE-2021-23337,CVE-2021-23337|lodash|2.4.2,nodejs-lodash: command injection via template,lodash@2.4.2,HIGH,,7.2,A06,9,,,,,,,1
T0064,alvo1,trivy,trivy-image,HIGH,1.0,CVE-2022-23539,CVE-2022-23539|jsonwebtoken|0.1.0,jsonwebtoken: Unrestricted key type could lead to legacy keys usagen,jsonwebtoken@0.1.0,HIGH,,8.1,A06,9,,,,,,,1
T0065,alvo1,trivy,trivy-image,HIGH,1.0,CVE-2022-23539,CVE-2022-23539|jsonwebtoken|0.4.0,jsonwebtoken: Unrestricted key type could lead to legacy keys usagen,jsonwebtoken@0.4.0,HIGH,,8.1,A06,9,,,,,,,1
T0066,alvo1,trivy,trivy-image,HIGH,1.0,CVE-2022-24785,CVE-2022-24785|moment|2.0.0,Moment.js: Path traversal  in moment.locale,moment@2.0.0,HIGH,,7.5,A06,9,,,,,,,1
T0067,alvo1,trivy,trivy-image,HIGH,1.0,CVE-2022-25881,CVE-2022-25881|http-cache-semantics|3.8.1,http-cache-semantics: Regular Expression Denial of Service (ReDoS) vulnerability,http-cache-semantics@3.8.1,HIGH,,7.5,A06,9,,,,,,,1
T0068,alvo1,trivy,trivy-image,HIGH,1.0,CVE-2022-25887,CVE-2022-25887|sanitize-html|1.4.2,sanitize-html: insecure global regular expression replacement logic may lead to ReDoS,sanitize-html@1.4.2,HIGH,,7.5,A06,9,,,,,,,1
T0069,alvo1,trivy,trivy-image,HIGH,1.0,CVE-2024-37890,CVE-2024-37890|ws|7.4.6,nodejs-ws: denial of service when handling a request with many HTTP headers,ws@7.4.6,HIGH,,7.5,A06,9,,,,,,,1
T0070,alvo1,trivy,trivy-image,HIGH,1.0,CVE-2025-47935,CVE-2025-47935|multer|1.4.5-lts.2,Multer vulnerable to Denial of Service via memory leaks from unclosed streams,multer@1.4.5-lts.2,HIGH,,7.5,A06,9,,,,,,,1
T0071,alvo1,trivy,trivy-image,HIGH,1.0,CVE-2025-47944,CVE-2025-47944|multer|1.4.5-lts.2,Multer vulnerable to Denial of Service from maliciously crafted requests,multer@1.4.5-lts.2,HIGH,,7.5,A06,9,,,,,,,1
T0072,alvo1,trivy,trivy-image,HIGH,1.0,CVE-2025-48997,CVE-2025-48997|multer|1.4.5-lts.2,multer: Multer vulnerable to Denial of Service via unhandled exception,multer@1.4.5-lts.2,HIGH,,5.3,A06,9,,,,,,,1
T0073,alvo1,trivy,trivy-image,HIGH,1.0,CVE-2025-65945,CVE-2025-65945|jws|0.2.6,node-jws: auth0/node-jws: Improper signature verification in HS256 algorithm,jws@0.2.6,HIGH,,7.5,A06,9,,,,,,,1
T0074,alvo1,trivy,trivy-image,HIGH,1.0,CVE-2025-7338,CVE-2025-7338|multer|1.4.5-lts.2,multer: Multer Denial of Service,multer@1.4.5-lts.2,HIGH,,7.5,A06,9,,,,,,,1
T0075,alvo1,trivy,trivy-image,HIGH,1.0,CVE-2026-2359,CVE-2026-2359|multer|1.4.5-lts.2,multer: Multer: Denial of Service via dropped file upload connections,multer@1.4.5-lts.2,HIGH,,7.5,A06,9,,,,,,,1
T0076,alvo1,trivy,trivy-image,HIGH,1.0,CVE-2026-23745,CVE-2026-23745|tar|6.2.1,node-tar: tar: node-tar: Arbitrary file overwrite and symlink poisoning via unsanitized linkpaths in archives,tar@6.2.1,HIGH,,6.1,A06,9,,,,,,,1
T0077,alvo1,trivy,trivy-image,HIGH,1.0,CVE-2026-23950,CVE-2026-23950|tar|6.2.1,node-tar: tar: node-tar: Arbitrary file overwrite via Unicode path collision race condition,tar@6.2.1,HIGH,,5.9,A06,9,,,,,,,1
T0078,alvo1,trivy,trivy-image,HIGH,1.0,CVE-2026-24842,CVE-2026-24842|tar|6.2.1,node-tar: tar: node-tar: Arbitrary file creation via path traversal bypass in hardlink security check,tar@6.2.1,HIGH,,8.2,A06,9,,,,,,,1
T0079,alvo1,trivy,trivy-image,HIGH,1.0,CVE-2026-26960,CVE-2026-26960|tar|6.2.1,node-tar: node-tar: Arbitrary file read/write via malicious archive hardlink creation,tar@6.2.1,HIGH,,7.1,A06,9,,,,,,,1
T0080,alvo1,trivy,trivy-image,HIGH,1.0,CVE-2026-26996,CVE-2026-26996|minimatch|3.0.5,minimatch: minimatch: Denial of Service via specially crafted glob patterns,minimatch@3.0.5,HIGH,,7.5,A06,9,,,,,,,1
T0081,alvo1,trivy,trivy-image,HIGH,1.0,CVE-2026-27903,CVE-2026-27903|minimatch|3.0.5,minimatch: minimatch: Denial of Service due to unbounded recursive backtracking via crafted glob patterns,minimatch@3.0.5,HIGH,,7.5,A06,9,,,,,,,1
T0082,alvo1,trivy,trivy-image,HIGH,1.0,CVE-2026-27904,CVE-2026-27904|minimatch|3.0.5,minimatch: Minimatch: Denial of Service via catastrophic backtracking in glob expressions,minimatch@3.0.5,HIGH,,7.5,A06,9,,,,,,,1
T0083,alvo1,trivy,trivy-image,HIGH,1.0,CVE-2026-29786,CVE-2026-29786|tar|6.2.1,node-tar: hardlink path traversal via drive-relative linkpath,tar@6.2.1,HIGH,,6.3,A06,9,,,,,,,1
T0084,alvo1,trivy,trivy-image,HIGH,1.0,CVE-2026-31802,CVE-2026-31802|tar|6.2.1,tar: tar: File overwrite via drive-relative symlink traversal,tar@6.2.1,HIGH,,5.5,A06,9,,,,,,,1
T0085,alvo1,trivy,trivy-image,HIGH,1.0,CVE-2026-3304,CVE-2026-3304|multer|1.4.5-lts.2,multer: Multer: Denial of Service via malformed requests,multer@1.4.5-lts.2,HIGH,,7.5,A06,9,,,,,,,1
T0086,alvo1,trivy,trivy-image,HIGH,1.0,CVE-2026-33151,CVE-2026-33151|socket.io-parser|4.0.5,socket.io: Socket.IO: Denial of Service due to excessive buffering of specially crafted packets,socket.io-parser@4.0.5,HIGH,,7.5,A06,9,,,,,,,1
T0087,alvo1,trivy,trivy-image,HIGH,1.0,CVE-2026-3520,CVE-2026-3520|multer|1.4.5-lts.2,multer: Multer: Denial of Service via malformed requests,multer@1.4.5-lts.2,HIGH,,7.5,A06,9,,,,,,,1
T0088,alvo1,trivy,trivy-image,HIGH,1.0,CVE-2026-48779,CVE-2026-48779|ws|7.4.6,ws: ws: Denial of Service via memory exhaustion from small WebSocket fragments,ws@7.4.6,HIGH,,7.5,A06,9,,,,,,,1
T0089,alvo1,trivy,trivy-image,HIGH,1.0,CVE-2026-5079,CVE-2026-5079|multer|1.4.5-lts.2,multer: Multer: Denial of Service via deeply nested field names in multipart form data,multer@1.4.5-lts.2,HIGH,,7.5,A06,9,,,,,,,1
T0090,alvo1,trivy,trivy-image,HIGH,1.0,CVE-2026-59725,CVE-2026-59725|engine.io|4.1.2,socket.io: engine.io: Socket.IO: Denial of Service via invalid binary POST requests,engine.io@4.1.2,HIGH,,7.5,A06,9,,,,,,,1
T0091,alvo1,trivy,trivy-image,HIGH,1.0,CVE-2026-59874,CVE-2026-59874|tar|6.2.1,tar: Node-tar: Denial of Service via malformed tar archive header,tar@6.2.1,HIGH,,7.5,A06,9,,,,,,,1
T0092,alvo1,trivy,trivy-image,HIGH,1.0,CVE-2026-69185,CVE-2026-69185|socket.io-parser|4.0.5,socket.io-parser: Socket.IO: Denial of Service via memory exhaustion from crafted packets,socket.io-parser@4.0.5,HIGH,,7.5,A06,9,,,,,,,1
T0093,alvo1,trivy,trivy-image,HIGH,1.0,CVE-2026-73566,CVE-2026-73566|tar|6.2.1,tar: node-tar: Denial of Service via crafted long-path tar archive,tar@6.2.1,HIGH,,7.5,A06,9,,,,,,,1
T0094,alvo1,trivy,trivy-image,HIGH,1.0,CVE-2026-77078,CVE-2026-77078|multer|1.4.5-lts.2,multer: Multer: Denial of Service via crafted multipart field names,multer@1.4.5-lts.2,HIGH,,7.5,A06,9,,,,,,,1
T0095,alvo1,trivy,trivy-image,HIGH,1.0,CVE-2026-82333,CVE-2026-82333|multer|1.4.5-lts.2,multer: Multer: Denial of Service via oversized array index in field names,multer@1.4.5-lts.2,HIGH,,7.5,A06,9,,,,,,,1
T0096,alvo1,trivy,trivy-image,HIGH,1.0,NSWG-ECO-17,NSWG-ECO-17|jsonwebtoken|0.1.0,Verification Bypass,jsonwebtoken@0.1.0,HIGH,,7.0,A06,9,sim,,,,,,1
T0097,alvo1,trivy,trivy-image,HIGH,1.0,NSWG-ECO-17,NSWG-ECO-17|jsonwebtoken|0.4.0,Verification Bypass,jsonwebtoken@0.4.0,HIGH,,7.0,A06,9,,,,,,,1
T0098,alvo1,trivy,trivy-image,HIGH,1.0,NSWG-ECO-428,NSWG-ECO-428|base64url|0.0.6,Out-of-bounds Read,base64url@0.0.6,HIGH,,7.0,A06,9,,,,,,,1
T0099,alvo1,trivy,trivy-image,LOW,1.0,CVE-2010-4756,CVE-2010-4756|libc6|2.41-12+deb13u4,glibc: glob implementation can cause excessive CPU and memory consumption due to crafted glob expressions,libc6@2.41-12+deb13u4,LOW,,0.1,A06,9,,,,,,,1
T0100,alvo1,trivy,trivy-image,LOW,1.0,CVE-2018-20796,CVE-2018-20796|libc6|2.41-12+deb13u4,glibc: uncontrolled recursion in function check_dst_limits_calc_pos_1 in posix/regexec.c,libc6@2.41-12+deb13u4,LOW,,7.5,A06,9,,,,,,,1
T0101,alvo1,trivy,trivy-image,LOW,1.0,CVE-2018-3721,CVE-2018-3721|lodash|2.4.2,lodash: Prototype pollution in utilities function,lodash@2.4.2,LOW,,6.5,A06,9,,,,,,,1
T0102,alvo1,trivy,trivy-image,LOW,1.0,CVE-2019-1010022,CVE-2019-1010022|libc6|2.41-12+deb13u4,glibc: stack guard protection bypass,libc6@2.41-12+deb13u4,LOW,,9.8,A06,9,,,,,,,1
T0103,alvo1,trivy,trivy-image,LOW,1.0,CVE-2019-1010023,CVE-2019-1010023|libc6|2.41-12+deb13u4,glibc: running ldd on malicious ELF leads to code execution because of wrong size computation,libc6@2.41-12+deb13u4,LOW,,8.8,A06,9,,,,,,,1
T0104,alvo1,trivy,trivy-image,LOW,1.0,CVE-2019-1010024,CVE-2019-1010024|libc6|2.41-12+deb13u4,glibc: ASLR bypass using cache of thread stack and heap,libc6@2.41-12+deb13u4,LOW,,5.3,A06,9,,,,,,,1
T0105,alvo1,trivy,trivy-image,LOW,1.0,CVE-2019-1010025,CVE-2019-1010025|libc6|2.41-12+deb13u4,glibc: information disclosure of heap addresses of pthread_created thread,libc6@2.41-12+deb13u4,LOW,,5.3,A06,9,,,,,,,1
T0106,alvo1,trivy,trivy-image,LOW,1.0,CVE-2019-9192,CVE-2019-9192|libc6|2.41-12+deb13u4,glibc: uncontrolled recursion in function check_dst_limits_calc_pos_1 in posix/regexec.c,libc6@2.41-12+deb13u4,LOW,,7.5,A06,9,,,,,,,1
T0107,alvo1,trivy,trivy-image,LOW,1.0,CVE-2024-47764,CVE-2024-47764|cookie|0.4.2,"cookie: cookie accepts cookie name, path, and domain with out of bounds characters",cookie@0.4.2,LOW,,3.7,A06,9,,,,,,,1
T0108,alvo1,trivy,trivy-image,LOW,1.0,CVE-2025-57349,CVE-2025-57349|messageformat|2.3.0,messageformat has a prototype pollution vulnerability,messageformat@2.3.0,LOW,,0.1,A06,9,,,,,,,1
T0109,alvo1,trivy,trivy-image,LOW,1.0,CVE-2026-3449,CVE-2026-3449|@tootallnate/once|1.1.2,@tootallnate/once: @tootallnate/once: Denial of Service due to incorrect control flow scoping with AbortSignal,@tootallnate/once@1.1.2,LOW,,3.3,A06,9,,,,,,,1
T0110,alvo1,trivy,trivy-image,LOW,1.0,CVE-2026-77063,CVE-2026-77063|multer|1.4.5-lts.2,multer: Multer: File size limit bypass via asynchronous file filter race condition,multer@1.4.5-lts.2,LOW,,3.7,A06,9,,,,,,,1
T0111,alvo1,trivy,trivy-image,MEDIUM,1.0,CVE-2016-1000237,CVE-2016-1000237|sanitize-html|1.4.2,XSS - Sanitization not applied recursively,sanitize-html@1.4.2,MEDIUM,,6.1,A06,9,,,,,,,1
T0112,alvo1,trivy,trivy-image,MEDIUM,1.0,CVE-2016-4055,CVE-2016-4055|moment|2.0.0,moment.js: regular expression denial of service,moment@2.0.0,MEDIUM,,6.5,A06,9,,,,,,,1
T0113,alvo1,trivy,trivy-image,MEDIUM,1.0,CVE-2017-16016,CVE-2017-16016|sanitize-html|1.4.2,Cross-Site Scripting in sanitize-html,sanitize-html@1.4.2,MEDIUM,,6.1,A06,9,,,,,,,1
T0114,alvo1,trivy,trivy-image,MEDIUM,1.0,CVE-2019-25225,CVE-2019-25225|sanitize-html|1.4.2,sanitize-html: sanitize-html cross site scripting,sanitize-html@1.4.2,MEDIUM,,6.1,A06,9,,,,,,,1
T0115,alvo1,trivy,trivy-image,MEDIUM,1.0,CVE-2021-23771,CVE-2021-23771|notevil|1.3.3,Sandbox escape in notevil and argencoders-notevil,notevil@1.3.3,MEDIUM,,6.5,A06,9,,,,,,,1
T0116,alvo1,trivy,trivy-image,MEDIUM,1.0,CVE-2021-26539,CVE-2021-26539|sanitize-html|1.4.2,sanitize-html: improper handling of internationalized domain name (IDN) can lead to bypass hostname whitelist validation,sanitize-html@1.4.2,MEDIUM,,5.3,A06,9,,,,,,,1
T0117,alvo1,trivy,trivy-image,MEDIUM,1.0,CVE-2021-26540,CVE-2021-26540|sanitize-html|1.4.2,"sanitize-html: improper validation of hostnames set by the ""allowedIframeHostnames"" option can lead to bypass hostname whitelist for iframe element",sanitize-html@1.4.2,MEDIUM,,5.3,A06,9,,,,,,,1
T0118,alvo1,trivy,trivy-image,MEDIUM,1.0,CVE-2022-23540,CVE-2022-23540|jsonwebtoken|0.1.0,jsonwebtoken: Insecure default algorithm in jwt.verify() could lead to signature validation bypass,jsonwebtoken@0.1.0,MEDIUM,,7.6,A06,9,,,,,,,1
T0119,alvo1,trivy,trivy-image,MEDIUM,1.0,CVE-2022-23540,CVE-2022-23540|jsonwebtoken|0.4.0,jsonwebtoken: Insecure default algorithm in jwt.verify() could lead to signature validation bypass,jsonwebtoken@0.4.0,MEDIUM,,7.6,A06,9,,,,,,,1
T0120,alvo1,trivy,trivy-image,MEDIUM,1.0,CVE-2022-23541,CVE-2022-23541|jsonwebtoken|0.1.0,jsonwebtoken: Insecure implementation of key retrieval function could lead to Forgeable Public/Private Tokens from RSA to HMAC,jsonwebtoken@0.1.0,MEDIUM,,6.3,A06,9,sim,,,,,,1
T0121,alvo1,trivy,trivy-image,MEDIUM,1.0,CVE-2022-23541,CVE-2022-23541|jsonwebtoken|0.4.0,jsonwebtoken: Insecure implementation of key retrieval function could lead to Forgeable Public/Private Tokens from RSA to HMAC,jsonwebtoken@0.4.0,MEDIUM,,6.3,A06,9,,,,,,,1
T0122,alvo1,trivy,trivy-image,MEDIUM,1.0,CVE-2022-33987,CVE-2022-33987|got|8.3.2,nodejs-got: missing verification of requested URLs allows redirects to UNIX sockets,got@8.3.2,MEDIUM,,5.3,A06,9,,,,,,,1
T0123,alvo1,trivy,trivy-image,MEDIUM,1.0,CVE-2022-41940,CVE-2022-41940|engine.io|4.1.2,engine.io: Specially crafted HTTP request can trigger an uncaught exception,engine.io@4.1.2,MEDIUM,,6.5,A06,9,,,,,,,1
T0124,alvo1,trivy,trivy-image,MEDIUM,1.0,CVE-2023-32695,CVE-2023-32695|socket.io-parser|4.0.5,socket.io parser is a socket.io encoder and decoder written in JavaScr ...,socket.io-parser@4.0.5,MEDIUM,,7.5,A06,9,,,,,,,1
T0125,alvo1,trivy,trivy-image,MEDIUM,1.0,CVE-2024-21501,CVE-2024-21501|sanitize-html|1.4.2,sanitize-html: Information Exposure when used on the backend,sanitize-html@1.4.2,MEDIUM,,5.3,A06,9,,,,,,,1
T0126,alvo1,trivy,trivy-image,MEDIUM,1.0,CVE-2024-38355,CVE-2024-38355|socket.io|3.1.2,socket.io: Unhandled 'error' event,socket.io@3.1.2,MEDIUM,,7.3,A06,9,,,,,,,1
T0127,alvo1,trivy,trivy-image,MEDIUM,1.0,CVE-2026-10732,CVE-2026-10732|decompress|4.2.1,decompress: Decompress: Arbitrary file write leading to remote code execution via crafted ZIP archive (Zip Slip),decompress@4.2.1,MEDIUM,,6.4,A06,9,,,,,,,1
T0128,alvo1,trivy,trivy-image,MEDIUM,1.0,CVE-2026-18374,CVE-2026-18374|libc6|2.41-12+deb13u4,glibc: glibc: Heap buffer overflow via attacker-controlled fopen mode string,libc6@2.41-12+deb13u4,MEDIUM,,4.9,A06,9,,,,,,,1
T0129,alvo1,trivy,trivy-image,MEDIUM,1.0,CVE-2026-19499,CVE-2026-19499|libc6|2.41-12+deb13u4,glibc: Buffer Overflow in strfmon right-justification padding,libc6@2.41-12+deb13u4,MEDIUM,,6.8,A06,9,,,,,,,1
T0130,alvo1,trivy,trivy-image,MEDIUM,1.0,CVE-2026-19542,CVE-2026-19542|libc6|2.41-12+deb13u4,glibc: Fix out-of-bounds array write in tdelete,libc6@2.41-12+deb13u4,MEDIUM,,4.2,A06,9,,,,,,,1
T0131,alvo1,trivy,trivy-image,MEDIUM,1.0,CVE-2026-27171,CVE-2026-27171|zlib1g|1:1.3.dfsg+really1.3.1-1+b1,zlib: zlib: Denial of Service via infinite loop in CRC32 combine functions,zlib1g@1:1.3.dfsg+really1.3.1-1+b1,MEDIUM,,5.5,A06,9,,,,,,,1
T0132,alvo1,trivy,trivy-image,MEDIUM,1.0,CVE-2026-2950,CVE-2026-2950|lodash|2.4.2,lodash: Lodash: Prototype pollution allows deletion of built-in prototype properties via array path bypass,lodash@2.4.2,MEDIUM,,5.3,A06,9,,,,,,,1
T0133,alvo1,trivy,trivy-image,MEDIUM,1.0,CVE-2026-31808,CVE-2026-31808|file-type|16.5.4,file-type: file-type: Denial of Service due to infinite loop in ASF file parsing,file-type@16.5.4,MEDIUM,,5.3,A06,9,,,,,,,1
T0134,alvo1,trivy,trivy-image,MEDIUM,1.0,CVE-2026-39243,CVE-2026-39243|decompress|4.2.1,decompress: Decompress: File disclosure and corruption via arbitrary hardlink creation,decompress@4.2.1,MEDIUM,,5.5,A06,9,,,,,,,1
T0135,alvo1,trivy,trivy-image,MEDIUM,1.0,CVE-2026-41907,CVE-2026-41907|uuid|8.3.2,uuid: uuid: Out-of-bounds write vulnerability impacts data integrity and confidentiality,uuid@8.3.2,MEDIUM,,7.5,A06,9,,,,,,,1
T0136,alvo1,trivy,trivy-image,MEDIUM,1.0,CVE-2026-45822,CVE-2026-45822|decode-uri-component|0.2.2,decode-uri-component: decode-uri-component: Denial of Service via crafted input,decode-uri-component@0.2.2,MEDIUM,,7.5,A06,9,,,,,,,1
T0137,alvo1,trivy,trivy-image,MEDIUM,1.0,CVE-2026-53655,CVE-2026-53655|tar|6.2.1,node-tar: node-tar: File smuggling due to inconsistent tar archive parsing,tar@6.2.1,MEDIUM,,5.5,A06,9,,,,,,,1
T0138,alvo1,trivy,trivy-image,MEDIUM,1.0,CVE-2026-5435,CVE-2026-5435|libc6|2.41-12+deb13u4,glibc: glibc: Out-of-bounds write via TSIG record processing,libc6@2.41-12+deb13u4,MEDIUM,,5.9,A06,9,,,,,,,1
T0139,alvo1,trivy,trivy-image,MEDIUM,1.0,CVE-2026-59871,CVE-2026-59871|tar|6.2.1,node-tar: node-tar: Denial of Service due to incorrect PAX path handling,tar@6.2.1,MEDIUM,,7.5,A06,9,,,,,,,1
T0140,alvo1,trivy,trivy-image,MEDIUM,1.0,CVE-2026-59875,CVE-2026-59875|tar|6.2.1,node-tar: node-tar: Denial of Service via crafted archive with NUL bytes in metadata,tar@6.2.1,MEDIUM,,5.3,A06,9,,,,,,,1
T0141,alvo1,trivy,trivy-image,MEDIUM,1.0,CVE-2026-6238,CVE-2026-6238|libc6|2.41-12+deb13u4,glibc: glibc: Application crash or uninitialized memory read via crafted DNS response,libc6@2.41-12+deb13u4,MEDIUM,,6.5,A06,9,,,,,,,1
T0142,alvo1,trivy,trivy-image,MEDIUM,1.0,CVE-2026-63670,CVE-2026-63670|sanitize-html|1.4.2,ApostropheCMS: Mutation-XSS / allowedTags bypass via literal `</textarea/>` solidus close,sanitize-html@1.4.2,MEDIUM,,6.1,A06,9,,,,,,,1
T0143,alvo1,trivy,trivy-image,MEDIUM,1.0,CVE-2026-6368,CVE-2026-6368|libc6|2.41-12+deb13u4,glibc: glibc: Process abort due to invalid memory in wordexp,libc6@2.41-12+deb13u4,MEDIUM,,5.5,A06,9,,,,,,,1
T0144,alvo1,trivy,trivy-image,MEDIUM,1.0,CVE-2026-6791,CVE-2026-6791|libc6|2.41-12+deb13u4,glibc: Glibc: Denial of Service via stack exhaustion during tilde expansion,libc6@2.41-12+deb13u4,MEDIUM,,5.9,A06,9,,,,,,,1
T0145,alvo1,trivy,trivy-image,MEDIUM,1.0,CVE-2026-77117,CVE-2026-77117|libc6|2.41-12+deb13u4,glibc: Non-progress DoS in SHIFT_JISX0213 -&gt,libc6@2.41-12+deb13u4,MEDIUM,,5.9,A06,9,,,,,,,1
T0146,alvo1,trivy,trivy-image,MEDIUM,1.0,CVE-2026-80489,CVE-2026-80489|libc6|2.41-12+deb13u4,glibc: Non-progress DoS in EUC_JISX0213 -> UCS-4 conversion state,libc6@2.41-12+deb13u4,MEDIUM,,5.9,A06,9,,,,,,,1
T0147,alvo1,trivy,trivy-image,MEDIUM,1.0,CVE-2026-85091,CVE-2026-85091|zlib1g|1:1.3.dfsg+really1.3.1-1+b1,zlib versions 1.3.1.2 through 1.3.2 contain a heap buffer overflow vul ...,zlib1g@1:1.3.dfsg+really1.3.1-1+b1,MEDIUM,,4.0,A06,9,,,,,,,1
T0148,alvo1,trivy,trivy-image,MEDIUM,1.0,CVE-2026-8674,CVE-2026-8674|libc6|2.41-12+deb13u4,glibc: glibc DNS stub resolver: Denial of Service via long search domain in configuration,libc6@2.41-12+deb13u4,MEDIUM,,5.3,A06,9,,,,,,,1
T0149,alvo1,trivy,trivy-image,MEDIUM,1.0,CVE-2026-86805,CVE-2026-86805|libc6|2.41-12+deb13u4,glibc: glibc: Privilege escalation and arbitrary code execution via TOCTOU race condition in dynamic loader,libc6@2.41-12+deb13u4,MEDIUM,,7.0,A06,9,,,,,,,1
T0150,alvo1,trivy,trivy-image,MEDIUM,1.0,CVE-2026-89092,CVE-2026-89092|libc6|2.41-12+deb13u4,glibc: nscd stack overflow leads to degraded DNS resolution,libc6@2.41-12+deb13u4,MEDIUM,,4.2,A06,9,,,,,,,1
T0151,alvo1,trivy,trivy-image,MEDIUM,1.0,CVE-2026-95818,CVE-2026-95818|libc6|2.41-12+deb13u4,glibc: glibc: Local attacker can cause denial of service and information disclosure via stack-based buffer overflow.,libc6@2.41-12+deb13u4,MEDIUM,,7.0,A06,9,,,,,,,1
T0152,alvo1,trivy,trivy-image,MEDIUM,1.0,GHSA-rvg8-pwq2-xj7q,GHSA-rvg8-pwq2-xj7q|base64url|0.0.6,Out-of-bounds Read in base64url,base64url@0.0.6,MEDIUM,,4.0,A06,9,,,,,,,1
T0153,alvo1,trivy,trivy-image,MEDIUM,1.0,NSWG-ECO-154,NSWG-ECO-154|sanitize-html|1.4.2,Cross Site Scripting,sanitize-html@1.4.2,MEDIUM,,4.0,A06,9,,,,,,,1
T0154,alvo1,trivy,trivy-secret,HIGH,1.0,private-key,private-key|infrastructure/terraform/networking.tf|171,Asymmetric Private Key,infrastructure/terraform/networking.tf:171,HIGH,,,A07,9,,,,,,,1
T0155,alvo1,trivy,trivy-secret,HIGH,1.0,private-key,private-key|lib/insecurity.ts|21,Asymmetric Private Key,lib/insecurity.ts:21,HIGH,,,A07,9,,,,,,,1
T0156,alvo1,trivy,trivy-secret,HIGH,1.0,private-key,private-key|terraform/networking.tf|171,Asymmetric Private Key,terraform/networking.tf:171,HIGH,,,A07,9,,,,,,,1
T0157,alvo1,trivy,trivy-secret,MEDIUM,1.0,jwt-token,jwt-token|frontend/src/app/app.guard.spec.ts|46,JWT token,frontend/src/app/app.guard.spec.ts:46,MEDIUM,,,A07,9,,,,,,,1
T0158,alvo1,trivy,trivy-secret,MEDIUM,1.0,jwt-token,jwt-token|frontend/src/app/last-login-ip/last-login-ip.component.spec.ts|72,JWT token,frontend/src/app/last-login-ip/last-login-ip.component.spec.ts:72,MEDIUM,,,A07,9,,,,,,,1
T0159,alvo1,zap,zap,1,1.0,10021,10021|http://localhost:3000/socket.io/|x-content-type-options,X-Content-Type-Options Header Missing,http://localhost:3000/socket.io/ [x-content-type-options],1,2,,A05,9,,,,,,,1
T0160,alvo1,zap,zap,1,1.0,10023,10023|http://localhost:3000/api/Hints/|,Information Disclosure - Debug Error Messages,http://localhost:3000/api/Hints/,1,2,,,1,,,,,,,1
T0161,alvo1,zap,zap,1,1.0,10063,10063|http://localhost:3000/chunk-DBPdFzgj.js|,Deprecated Feature Policy Header Set,http://localhost:3000/chunk-DBPdFzgj.js,1,2,,A05,9,,,,,,,1
T0162,alvo1,zap,zap,1,1.0,10063,10063|http://localhost:3000/polyfills.js|,Deprecated Feature Policy Header Set,http://localhost:3000/polyfills.js,1,2,,A05,1,,,,,,,1
T0163,alvo1,zap,zap,1,1.0,10063,10063|http://localhost:3000/rolldown-runtime-BoHGiXSq.js|,Deprecated Feature Policy Header Set,http://localhost:3000/rolldown-runtime-BoHGiXSq.js,1,2,,A05,8,sim,,,,,,1
T0164,alvo1,zap,zap,1,1.0,10063,10063|http://localhost:3000/sitemap.xml|,Deprecated Feature Policy Header Set,http://localhost:3000/sitemap.xml,1,2,,A05,9,,,,,,,1
T0165,alvo1,zap,zap,1,1.0,10063,10063|http://localhost:3000/|,Deprecated Feature Policy Header Set,http://localhost:3000/,1,2,,A05,9,,,,,,,1
T0166,alvo1,zap,zap,1,1.0,10063,10063|http://localhost:3000|,Deprecated Feature Policy Header Set,http://localhost:3000,1,2,,A05,9,sim,,,,,,1
T0167,alvo1,zap,zap,1,1.0,10096,10096|http://localhost:3000/sitemap.xml|,Timestamp Disclosure - Unix,http://localhost:3000/sitemap.xml,1,1,,A01,9,,,,,,,1
T0168,alvo1,zap,zap,1,1.0,10096,10096|http://localhost:3000/styles.css|,Timestamp Disclosure - Unix,http://localhost:3000/styles.css,1,1,,A01,1,,,,,,,1
T0169,alvo1,zap,zap,1,1.0,10096,10096|http://localhost:3000/|,Timestamp Disclosure - Unix,http://localhost:3000/,1,1,,A01,9,,,,,,,1
T0170,alvo1,zap,zap,1,1.0,10096,10096|http://localhost:3000|,Timestamp Disclosure - Unix,http://localhost:3000,1,1,,A01,8,,,,,,,1
T0171,alvo1,zap,zap,1,1.0,10110,10110|http://localhost:3000/about.component-CX4sLWGx.js|,Dangerous JS Functions,http://localhost:3000/about.component-CX4sLWGx.js,1,1,,,9,,,,,,,1
T0172,alvo1,zap,zap,1,1.0,10110,10110|http://localhost:3000/chunk-Op3DlR8e.js|,Dangerous JS Functions,http://localhost:3000/chunk-Op3DlR8e.js,1,1,,,9,,,,,,,1
T0173,alvo1,zap,zap,1,1.0,10110,10110|http://localhost:3000/main.js|,Dangerous JS Functions,http://localhost:3000/main.js,1,1,,,9,,,,,,,1
T0174,alvo1,zap,zap,1,1.0,110009,110009|http://localhost:3000/ftp/coupons_2013.md.bak|,Full Path Disclosure,http://localhost:3000/ftp/coupons_2013.md.bak,1,1,,A04,9,,,,,,,1
T0175,alvo1,zap,zap,1,1.0,110009,110009|http://localhost:3000/ftp/eastere.gg|,Full Path Disclosure,http://localhost:3000/ftp/eastere.gg,1,1,,A04,9,,,,,,,1
T0176,alvo1,zap,zap,1,1.0,110009,110009|http://localhost:3000/ftp/encrypt.pyc|,Full Path Disclosure,http://localhost:3000/ftp/encrypt.pyc,1,1,,A04,9,,,,,,,1
T0177,alvo1,zap,zap,1,1.0,110009,110009|http://localhost:3000/ftp/package-lock.json.bak|,Full Path Disclosure,http://localhost:3000/ftp/package-lock.json.bak,1,1,,A04,9,,,,,,,1
T0178,alvo1,zap,zap,1,1.0,110009,110009|http://localhost:3000/ftp/package.json.bak|,Full Path Disclosure,http://localhost:3000/ftp/package.json.bak,1,1,,A04,9,,,,,,,1
T0179,alvo1,zap,zap,1,1.0,110009,110009|http://localhost:3000/ftp/suspicious_errors.yml|,Full Path Disclosure,http://localhost:3000/ftp/suspicious_errors.yml,1,1,,A04,9,,,,,,,1
T0180,alvo1,zap,zap,1,1.0,120001,120001|http://localhost:3000/#/login|email,Information Disclosure - Sensitive Information in Browser localStorage,http://localhost:3000/#/login [email],1,2,,A01,1,,,,,,,1
T0181,alvo1,zap,zap,1,1.0,2,2|http://localhost:3000/rest/admin/application-configuration|,Private IP Disclosure,http://localhost:3000/rest/admin/application-configuration,1,2,,A01,9,,,,,,,1
T0182,alvo1,zap,zap,1,1.0,40014,40014|http://localhost:3000/api/Complaints|message,Cross Site Scripting Weakness (Persistent in JSON Response),http://localhost:3000/api/Complaints [message],1,1,,A03,1,,,,,,,1
T0183,alvo1,zap,zap,1,1.0,90004,90004|http://localhost:3000/ftp|Cross-Origin-Embedder-Policy,Cross-Origin-Embedder-Policy Header Missing or Invalid,http://localhost:3000/ftp [Cross-Origin-Embedder-Policy],1,2,,A05,9,,,,,,,1
T0184,alvo1,zap,zap,1,1.0,90004,90004|http://localhost:3000/ftp|Cross-Origin-Opener-Policy,Cross-Origin-Opener-Policy Header Missing or Invalid,http://localhost:3000/ftp [Cross-Origin-Opener-Policy],1,2,,A05,9,,,,,,,1
T0185,alvo1,zap,zap,1,1.0,90004,90004|http://localhost:3000/juice-shop/build/routes/fileServer.js:68:18|Cross-Origin-Embedder-Policy,Cross-Origin-Embedder-Policy Header Missing or Invalid,http://localhost:3000/juice-shop/build/routes/fileServer.js:68:18 [Cross-Origin-Embedder-Policy],1,2,,A05,7,,,,,,,1
T0186,alvo1,zap,zap,1,1.0,90004,90004|http://localhost:3000/juice-shop/build/routes/fileServer.js:68:18|Cross-Origin-Opener-Policy,Cross-Origin-Opener-Policy Header Missing or Invalid,http://localhost:3000/juice-shop/build/routes/fileServer.js:68:18 [Cross-Origin-Opener-Policy],1,2,,A05,7,,,,,,,1
T0187,alvo1,zap,zap,1,1.0,90004,90004|http://localhost:3000/juice-shop/node_modules/express/lib/router/index.js:286:9|Cross-Origin-Embedder-Policy,Cross-Origin-Embedder-Policy Header Missing or Invalid,http://localhost:3000/juice-shop/node_modules/express/lib/router/index.js:286:9 [Cross-Origin-Embedder-Policy],1,2,,A05,1,,,,,,,1
T0188,alvo1,zap,zap,1,1.0,90004,90004|http://localhost:3000/juice-shop/node_modules/express/lib/router/index.js:286:9|Cross-Origin-Opener-Policy,Cross-Origin-Opener-Policy Header Missing or Invalid,http://localhost:3000/juice-shop/node_modules/express/lib/router/index.js:286:9 [Cross-Origin-Opener-Policy],1,2,,A05,1,,,,,,,1
T0189,alvo1,zap,zap,1,1.0,90004,90004|http://localhost:3000/juice-shop/node_modules/express/lib/router/layer.js:95:5|Cross-Origin-Embedder-Policy,Cross-Origin-Embedder-Policy Header Missing or Invalid,http://localhost:3000/juice-shop/node_modules/express/lib/router/layer.js:95:5 [Cross-Origin-Embedder-Policy],1,2,,A05,1,,,,,,,1
T0190,alvo1,zap,zap,1,1.0,90004,90004|http://localhost:3000/juice-shop/node_modules/express/lib/router/layer.js:95:5|Cross-Origin-Opener-Policy,Cross-Origin-Opener-Policy Header Missing or Invalid,http://localhost:3000/juice-shop/node_modules/express/lib/router/layer.js:95:5 [Cross-Origin-Opener-Policy],1,2,,A05,1,,,,,,,1
T0191,alvo1,zap,zap,1,1.0,90004,90004|http://localhost:3000/sitemap.xml|Cross-Origin-Embedder-Policy,Cross-Origin-Embedder-Policy Header Missing or Invalid,http://localhost:3000/sitemap.xml [Cross-Origin-Embedder-Policy],1,2,,A05,9,,,,,,,1
T0192,alvo1,zap,zap,1,1.0,90004,90004|http://localhost:3000/sitemap.xml|Cross-Origin-Opener-Policy,Cross-Origin-Opener-Policy Header Missing or Invalid,http://localhost:3000/sitemap.xml [Cross-Origin-Opener-Policy],1,2,,A05,9,,,,,,,1
T0193,alvo1,zap,zap,1,1.0,90004,90004|http://localhost:3000/|Cross-Origin-Embedder-Policy,Cross-Origin-Embedder-Policy Header Missing or Invalid,http://localhost:3000/ [Cross-Origin-Embedder-Policy],1,2,,A05,9,,,,,,,1
T0194,alvo1,zap,zap,1,1.0,90004,90004|http://localhost:3000/|Cross-Origin-Opener-Policy,Cross-Origin-Opener-Policy Header Missing or Invalid,http://localhost:3000/ [Cross-Origin-Opener-Policy],1,2,,A05,9,,,,,,,1
T0195,alvo1,zap,zap,1,1.0,90004,90004|http://localhost:3000|Cross-Origin-Embedder-Policy,Cross-Origin-Embedder-Policy Header Missing or Invalid,http://localhost:3000 [Cross-Origin-Embedder-Policy],1,2,,A05,9,,,,,,,1
T0196,alvo1,zap,zap,1,1.0,90004,90004|http://localhost:3000|Cross-Origin-Opener-Policy,Cross-Origin-Opener-Policy Header Missing or Invalid,http://localhost:3000 [Cross-Origin-Opener-Policy],1,2,,A05,9,sim,,,,,,1
T0197,alvo1,zap,zap,2,1.0,10020,10020|http://localhost:3000/socket.io/|x-frame-options,Missing Anti-clickjacking Header,http://localhost:3000/socket.io/ [x-frame-options],2,2,,A04,9,,,,,,,1
T0198,alvo1,zap,zap,2,1.0,10038,10038|http://localhost:3000/ftp/coupons_2013.md.bak|,Content Security Policy (CSP) Header Not Set,http://localhost:3000/ftp/coupons_2013.md.bak,2,3,,A05,4,,,,,,,1
T0199,alvo1,zap,zap,2,1.0,10038,10038|http://localhost:3000/ftp/eastere.gg|,Content Security Policy (CSP) Header Not Set,http://localhost:3000/ftp/eastere.gg,2,3,,A05,4,,,,,,,1
T0200,alvo1,zap,zap,2,1.0,10038,10038|http://localhost:3000/ftp/encrypt.pyc|,Content Security Policy (CSP) Header Not Set,http://localhost:3000/ftp/encrypt.pyc,2,3,,A05,3,sim,,,,,,1
T0201,alvo1,zap,zap,2,1.0,10038,10038|http://localhost:3000/ftp/package-lock.json.bak|,Content Security Policy (CSP) Header Not Set,http://localhost:3000/ftp/package-lock.json.bak,2,3,,A05,1,,,,,,,1
T0202,alvo1,zap,zap,2,1.0,10038,10038|http://localhost:3000/ftp|,Content Security Policy (CSP) Header Not Set,http://localhost:3000/ftp,2,3,,A05,6,,,,,,,1
T0203,alvo1,zap,zap,2,1.0,10038,10038|http://localhost:3000/sitemap.xml|,Content Security Policy (CSP) Header Not Set,http://localhost:3000/sitemap.xml,2,3,,A05,9,,,,,,,1
T0204,alvo1,zap,zap,2,1.0,10038,10038|http://localhost:3000/|,Content Security Policy (CSP) Header Not Set,http://localhost:3000/,2,3,,A05,9,,,,,,,1
T0205,alvo1,zap,zap,2,1.0,10038,10038|http://localhost:3000|,Content Security Policy (CSP) Header Not Set,http://localhost:3000,2,3,,A05,9,,,,,,,1
T0206,alvo1,zap,zap,2,1.0,10095,10095|http://localhost:3000/ftp/quarantine%20-%20Copy%20(2)/juicy_malware_linux_amd_64.url|,Backup File Disclosure,http://localhost:3000/ftp/quarantine%20-%20Copy%20(2)/juicy_malware_linux_amd_64.url,2,2,,A05,9,,,,,,,1
T0207,alvo1,zap,zap,2,1.0,10095,10095|http://localhost:3000/ftp/quarantine%20-%20Copy%20(2)/juicy_malware_linux_arm_64.url|,Backup File Disclosure,http://localhost:3000/ftp/quarantine%20-%20Copy%20(2)/juicy_malware_linux_arm_64.url,2,2,,A05,9,,,,,,,1
T0208,alvo1,zap,zap,2,1.0,10095,10095|http://localhost:3000/ftp/quarantine%20-%20Copy%20(2)/juicy_malware_macos_64.url|,Backup File Disclosure,http://localhost:3000/ftp/quarantine%20-%20Copy%20(2)/juicy_malware_macos_64.url,2,2,,A05,9,,,,,,,1
T0209,alvo1,zap,zap,2,1.0,10095,10095|http://localhost:3000/ftp/quarantine%20-%20Copy%20(2)/juicy_malware_windows_64.exe.url|,Backup File Disclosure,http://localhost:3000/ftp/quarantine%20-%20Copy%20(2)/juicy_malware_windows_64.exe.url,2,2,,A05,9,sim,,,,,,1
T0210,alvo1,zap,zap,2,1.0,10095,10095|http://localhost:3000/ftp/quarantine%20-%20Copy%20(2)|,Backup File Disclosure,http://localhost:3000/ftp/quarantine%20-%20Copy%20(2),2,2,,A05,9,,,,,,,1
T0211,alvo1,zap,zap,2,1.0,10095,10095|http://localhost:3000/ftp/quarantine%20-%20Copy%20(3)/juicy_malware_linux_amd_64.url|,Backup File Disclosure,http://localhost:3000/ftp/quarantine%20-%20Copy%20(3)/juicy_malware_linux_amd_64.url,2,2,,A05,9,,,,,,,1
T0212,alvo1,zap,zap,2,1.0,10095,10095|http://localhost:3000/ftp/quarantine%20-%20Copy%20(3)/juicy_malware_linux_arm_64.url|,Backup File Disclosure,http://localhost:3000/ftp/quarantine%20-%20Copy%20(3)/juicy_malware_linux_arm_64.url,2,2,,A05,9,,,,,,,1
T0213,alvo1,zap,zap,2,1.0,10095,10095|http://localhost:3000/ftp/quarantine%20-%20Copy%20(3)/juicy_malware_macos_64.url|,Backup File Disclosure,http://localhost:3000/ftp/quarantine%20-%20Copy%20(3)/juicy_malware_macos_64.url,2,2,,A05,9,,,,,,,1
T0214,alvo1,zap,zap,2,1.0,10095,10095|http://localhost:3000/ftp/quarantine%20-%20Copy%20(3)/juicy_malware_windows_64.exe.url|,Backup File Disclosure,http://localhost:3000/ftp/quarantine%20-%20Copy%20(3)/juicy_malware_windows_64.exe.url,2,2,,A05,9,,,,,,,1
T0215,alvo1,zap,zap,2,1.0,10095,10095|http://localhost:3000/ftp/quarantine%20-%20Copy%20(3)|,Backup File Disclosure,http://localhost:3000/ftp/quarantine%20-%20Copy%20(3),2,2,,A05,9,,,,,,,1
T0216,alvo1,zap,zap,2,1.0,10095,10095|http://localhost:3000/ftp/quarantine%20-%20Copy/juicy_malware_linux_amd_64.url|,Backup File Disclosure,http://localhost:3000/ftp/quarantine%20-%20Copy/juicy_malware_linux_amd_64.url,2,2,,A05,9,,,,,,,1
T0217,alvo1,zap,zap,2,1.0,10095,10095|http://localhost:3000/ftp/quarantine%20-%20Copy/juicy_malware_linux_arm_64.url|,Backup File Disclosure,http://localhost:3000/ftp/quarantine%20-%20Copy/juicy_malware_linux_arm_64.url,2,2,,A05,9,sim,,,,,,1
T0218,alvo1,zap,zap,2,1.0,10095,10095|http://localhost:3000/ftp/quarantine%20-%20Copy/juicy_malware_macos_64.url|,Backup File Disclosure,http://localhost:3000/ftp/quarantine%20-%20Copy/juicy_malware_macos_64.url,2,2,,A05,9,,,,,,,1
T0219,alvo1,zap,zap,2,1.0,10095,10095|http://localhost:3000/ftp/quarantine%20-%20Copy/juicy_malware_windows_64.exe.url|,Backup File Disclosure,http://localhost:3000/ftp/quarantine%20-%20Copy/juicy_malware_windows_64.exe.url,2,2,,A05,9,sim,,,,,,1
T0220,alvo1,zap,zap,2,1.0,10095,10095|http://localhost:3000/ftp/quarantine%20-%20Copy|,Backup File Disclosure,http://localhost:3000/ftp/quarantine%20-%20Copy,2,2,,A05,9,,,,,,,1
T0221,alvo1,zap,zap,2,1.0,10095,10095|http://localhost:3000/ftp/quarantine.backup|,Backup File Disclosure,http://localhost:3000/ftp/quarantine.backup,2,2,,A05,9,,,,,,,1
T0222,alvo1,zap,zap,2,1.0,10095,10095|http://localhost:3000/ftp/quarantine.bac|,Backup File Disclosure,http://localhost:3000/ftp/quarantine.bac,2,2,,A05,9,,,,,,,1
T0223,alvo1,zap,zap,2,1.0,10095,10095|http://localhost:3000/ftp/quarantine.bak|,Backup File Disclosure,http://localhost:3000/ftp/quarantine.bak,2,2,,A05,9,,,,,,,1
T0224,alvo1,zap,zap,2,1.0,10095,10095|http://localhost:3000/ftp/quarantine.jar|,Backup File Disclosure,http://localhost:3000/ftp/quarantine.jar,2,2,,A05,9,,,,,,,1
T0225,alvo1,zap,zap,2,1.0,10095,10095|http://localhost:3000/ftp/quarantine.log|,Backup File Disclosure,http://localhost:3000/ftp/quarantine.log,2,2,,A05,9,,,,,,,1
T0226,alvo1,zap,zap,2,1.0,10095,10095|http://localhost:3000/ftp/quarantine.old|,Backup File Disclosure,http://localhost:3000/ftp/quarantine.old,2,2,,A05,9,,,,,,,1
T0227,alvo1,zap,zap,2,1.0,10095,10095|http://localhost:3000/ftp/quarantine.swp|,Backup File Disclosure,http://localhost:3000/ftp/quarantine.swp,2,2,,A05,9,,,,,,,1
T0228,alvo1,zap,zap,2,1.0,10095,10095|http://localhost:3000/ftp/quarantine.tar|,Backup File Disclosure,http://localhost:3000/ftp/quarantine.tar,2,2,,A05,9,,,,,,,1
T0229,alvo1,zap,zap,2,1.0,10095,10095|http://localhost:3000/ftp/quarantine.zip|,Backup File Disclosure,http://localhost:3000/ftp/quarantine.zip,2,2,,A05,9,,,,,,,1
T0230,alvo1,zap,zap,2,1.0,10095,10095|http://localhost:3000/ftp/quarantine.~bk|,Backup File Disclosure,http://localhost:3000/ftp/quarantine.~bk,2,2,,A05,9,,,,,,,1
T0231,alvo1,zap,zap,2,1.0,10095,10095|http://localhost:3000/ftp/quarantinebackup/juicy_malware_linux_amd_64.url|,Backup File Disclosure,http://localhost:3000/ftp/quarantinebackup/juicy_malware_linux_amd_64.url,2,2,,A05,9,,,,,,,1
T0232,alvo1,zap,zap,2,1.0,10095,10095|http://localhost:3000/ftp/quarantinebackup/juicy_malware_linux_arm_64.url|,Backup File Disclosure,http://localhost:3000/ftp/quarantinebackup/juicy_malware_linux_arm_64.url,2,2,,A05,9,,,,,,,1
T0233,alvo1,zap,zap,2,1.0,10095,10095|http://localhost:3000/ftp/quarantinebackup/juicy_malware_macos_64.url|,Backup File Disclosure,http://localhost:3000/ftp/quarantinebackup/juicy_malware_macos_64.url,2,2,,A05,9,sim,,,,,,1
T0234,alvo1,zap,zap,2,1.0,10095,10095|http://localhost:3000/ftp/quarantinebackup/juicy_malware_windows_64.exe.url|,Backup File Disclosure,http://localhost:3000/ftp/quarantinebackup/juicy_malware_windows_64.exe.url,2,2,,A05,9,,,,,,,1
T0235,alvo1,zap,zap,2,1.0,10095,10095|http://localhost:3000/ftp/quarantinebackup|,Backup File Disclosure,http://localhost:3000/ftp/quarantinebackup,2,2,,A05,9,,,,,,,1
T0236,alvo1,zap,zap,2,1.0,10095,10095|http://localhost:3000/ftp/quarantine~|,Backup File Disclosure,http://localhost:3000/ftp/quarantine~,2,2,,A05,9,,,,,,,1
T0237,alvo1,zap,zap,2,1.0,10098,10098|http://localhost:3000/assets/public/favicon_js.ico|,Cross-Domain Misconfiguration,http://localhost:3000/assets/public/favicon_js.ico,2,2,,A01,2,sim,,,,,,1
T0238,alvo1,zap,zap,2,1.0,10098,10098|http://localhost:3000/chunk-DBPdFzgj.js|,Cross-Domain Misconfiguration,http://localhost:3000/chunk-DBPdFzgj.js,2,2,,A01,2,,,,,,,1
T0239,alvo1,zap,zap,2,1.0,10098,10098|http://localhost:3000/robots.txt|,Cross-Domain Misconfiguration,http://localhost:3000/robots.txt,2,2,,A01,9,,,,,,,1
T0240,alvo1,zap,zap,2,1.0,10098,10098|http://localhost:3000/rolldown-runtime-BoHGiXSq.js|,Cross-Domain Misconfiguration,http://localhost:3000/rolldown-runtime-BoHGiXSq.js,2,2,,A01,1,,,,,,,1
T0241,alvo1,zap,zap,2,1.0,10098,10098|http://localhost:3000/sitemap.xml|,Cross-Domain Misconfiguration,http://localhost:3000/sitemap.xml,2,2,,A01,9,,,,,,,1
T0242,alvo1,zap,zap,2,1.0,10098,10098|http://localhost:3000/styles.css|,Cross-Domain Misconfiguration,http://localhost:3000/styles.css,2,2,,A01,4,,,,,,,1
T0243,alvo1,zap,zap,2,1.0,10098,10098|http://localhost:3000/|,Cross-Domain Misconfiguration,http://localhost:3000/,2,2,,A01,9,,,,,,,1
T0244,alvo1,zap,zap,2,1.0,10098,10098|http://localhost:3000|,Cross-Domain Misconfiguration,http://localhost:3000,2,2,,A01,9,,,,,,,1
T0245,alvo1,zap,zap,2,1.0,10099,10099|http://localhost:3000/api/Hints/|,Source Code Disclosure - SQL,http://localhost:3000/api/Hints/,2,2,,A01,1,,,,,,,1
T0246,alvo1,zap,zap,2,1.0,120002,120002|http://localhost:3000/#/forgot-password|token,Information Disclosure - JWT in Browser localStorage,http://localhost:3000/#/forgot-password [token],2,3,,A01,1,,,,,,,1
T0247,alvo1,zap,zap,2,1.0,30003,30003|http://localhost:3000/api/BasketItems/|ProductId,Integer Overflow Error,http://localhost:3000/api/BasketItems/ [ProductId],2,2,,,1,,,,,,,1
T0248,alvo1,zap,zap,2,1.0,30003,30003|http://localhost:3000/api/BasketItems/|quantity,Integer Overflow Error,http://localhost:3000/api/BasketItems/ [quantity],2,2,,,1,,,,,,,1
T0249,alvo1,zap,zap,2,1.0,30003,30003|http://localhost:3000/api/Complaints/|UserId,Integer Overflow Error,http://localhost:3000/api/Complaints/ [UserId],2,2,,,1,,,,,,,1
T0250,alvo1,zap,zap,2,1.0,3,3|http://localhost:3000/socket.io/|sid,Session ID in URL Rewrite,http://localhost:3000/socket.io/ [sid],2,3,,A04,9,,,,,,,1
T0251,alvo1,zap,zap,2,1.0,40038,40038|http://localhost:3000/%2e/ftp/coupons_2013.md.bak|,Bypassing 403,http://localhost:3000/%2e/ftp/coupons_2013.md.bak,2,2,,A01,9,,,,,,,1
T0252,alvo1,zap,zap,2,1.0,40038,40038|http://localhost:3000/%2e/ftp/eastere.gg|,Bypassing 403,http://localhost:3000/%2e/ftp/eastere.gg,2,2,,A01,9,,,,,,,1
T0253,alvo1,zap,zap,2,1.0,40038,40038|http://localhost:3000/%2e/ftp/encrypt.pyc|,Bypassing 403,http://localhost:3000/%2e/ftp/encrypt.pyc,2,2,,A01,9,sim,,,,,,1
T0254,alvo1,zap,zap,2,1.0,40038,40038|http://localhost:3000/%2e/ftp/package-lock.json.bak|,Bypassing 403,http://localhost:3000/%2e/ftp/package-lock.json.bak,2,2,,A01,9,,,,,,,1
T0255,alvo1,zap,zap,2,1.0,40038,40038|http://localhost:3000/%2e/ftp/package.json.bak|,Bypassing 403,http://localhost:3000/%2e/ftp/package.json.bak,2,2,,A01,9,,,,,,,1
T0256,alvo1,zap,zap,2,1.0,40038,40038|http://localhost:3000/%2e/ftp/suspicious_errors.yml|,Bypassing 403,http://localhost:3000/%2e/ftp/suspicious_errors.yml,2,2,,A01,9,sim,,,,,,1
T0257,alvo1,zap,zap,2,1.0,40040,40040|http://localhost:3000/api/Feedbacks/|,CORS Misconfiguration,http://localhost:3000/api/Feedbacks/,2,3,,A05,2,,,,,,,1
T0258,alvo1,zap,zap,2,1.0,40040,40040|http://localhost:3000/api/Hints/|,CORS Misconfiguration,http://localhost:3000/api/Hints/,2,3,,A05,1,,,,,,,1
T0259,alvo1,zap,zap,2,1.0,40040,40040|http://localhost:3000/api/Quantitys/|,CORS Misconfiguration,http://localhost:3000/api/Quantitys/,2,3,,A05,8,,,,,,,1
T0260,alvo1,zap,zap,2,1.0,40040,40040|http://localhost:3000/api/Recycles/|,CORS Misconfiguration,http://localhost:3000/api/Recycles/,2,3,,A05,1,,,,,,,1
T0261,alvo1,zap,zap,2,1.0,40040,40040|http://localhost:3000/api/SecurityQuestions/|,CORS Misconfiguration,http://localhost:3000/api/SecurityQuestions/,2,3,,A05,7,,,,,,,1
T0262,alvo1,zap,zap,2,1.0,40040,40040|http://localhost:3000/api/Users/|,CORS Misconfiguration,http://localhost:3000/api/Users/,2,3,,A05,5,,,,,,,1
T0263,alvo1,zap,zap,2,1.0,40040,40040|http://localhost:3000/rest/captcha/|,CORS Misconfiguration,http://localhost:3000/rest/captcha/,2,3,,A05,9,,,,,,,1
T0264,alvo1,zap,zap,2,1.0,40040,40040|http://localhost:3000/rest/memories/|,CORS Misconfiguration,http://localhost:3000/rest/memories/,2,3,,A05,9,,,,,,,1
T0265,alvo1,zap,zap,2,1.0,40040,40040|http://localhost:3000/|,CORS Misconfiguration,http://localhost:3000/,2,3,,A05,3,,,,,,,1
T0266,alvo1,zap,zap,2,1.0,90022,90022|http://localhost:3000/api/Hints/|,Application Error Disclosure,http://localhost:3000/api/Hints/,2,2,,,1,,,,,,,1
T0267,alvo1,zap,zap,3,1.0,10028,10028|http://localhost:3000/redirect|to,Off-site Redirect,http://localhost:3000/redirect [to],3,2,,A01,9,,,,,,,1
T0268,alvo1,zap,zap,3,1.0,20019,20019|http://localhost:3000/redirect|to,External Redirect,http://localhost:3000/redirect [to],3,2,,A01,9,,,,,,,1
T0269,alvo1,zap,zap,3,1.0,40018,40018|http://localhost:3000/rest/products/search|q,SQL Injection,http://localhost:3000/rest/products/search [q],3,1,,A03,9,,,,,,,1
T0270,alvo1,zap,zap,3,1.0,40018,40018|http://localhost:3000/rest/user/login|email,SQL Injection,http://localhost:3000/rest/user/login [email],3,1,,A03,9,,,,,,,1
T0271,alvo1,zap,zap,3,1.0,40024,40024|http://localhost:3000/api/Feedbacks/|comment,SQL Injection - SQLite (Time Based),http://localhost:3000/api/Feedbacks/ [comment],3,2,,A03,1,,,,,,,1
T0272,alvo1,zap,zap,3,1.0,43,43|http://localhost:3000/api/BasketItems/|BasketId,Source Code Disclosure - File Inclusion,http://localhost:3000/api/BasketItems/ [BasketId],3,2,,A05,1,,,,,,,1
T0273,alvo1,zap,zap,3,1.0,43,43|http://localhost:3000/api/BasketItems/|quantity,Source Code Disclosure - File Inclusion,http://localhost:3000/api/BasketItems/ [quantity],3,2,,A05,1,,,,,,,1
T0274,alvo1,zap,zap,3,1.0,43,43|http://localhost:3000/api/Challenges/|sort,Source Code Disclosure - File Inclusion,http://localhost:3000/api/Challenges/ [sort],3,2,,A05,1,,,,,,,1
T0275,alvo2,semgrep,semgrep,ERROR,1.0,javascript.lang.security.detect-child-process.detect-child-process,javascript.lang.security.detect-child-process.detect-child-process|alvos/uptime-kuma/extra/release/generate-changelog.mjs|278,"Detected calls to child_process from a function argument `previousVersion`. This could lead to a command injection if the input is user controllable. Try to avoid calls to child_process, and if it is ",alvos/uptime-kuma/extra/release/generate-changelog.mjs:278,ERROR,LOW,,A03,9,sim,,,,,,1
T0276,alvo2,semgrep,semgrep,ERROR,1.0,javascript.lang.security.detect-child-process.detect-child-process,javascript.lang.security.detect-child-process.detect-child-process|alvos/uptime-kuma/extra/release/lib.mjs|519,"Detected calls to child_process from a function argument `cmd`. This could lead to a command injection if the input is user controllable. Try to avoid calls to child_process, and if it is needed ensur",alvos/uptime-kuma/extra/release/lib.mjs:519,ERROR,LOW,,A03,9,,,,,,,1
T0277,alvo2,semgrep,semgrep,ERROR,1.0,javascript.lang.security.detect-child-process.detect-child-process,javascript.lang.security.detect-child-process.detect-child-process|alvos/uptime-kuma/extra/release/prepare-release.mjs|87,"Detected calls to child_process from a function argument `cmd`. This could lead to a command injection if the input is user controllable. Try to avoid calls to child_process, and if it is needed ensur",alvos/uptime-kuma/extra/release/prepare-release.mjs:87,ERROR,LOW,,A03,9,,,,,,,1
T0278,alvo2,semgrep,semgrep,ERROR,1.0,javascript.lang.security.detect-child-process.detect-child-process,javascript.lang.security.detect-child-process.detect-child-process|alvos/uptime-kuma/server/monitor-types/real-browser-monitor-type.js|164,"Detected calls to child_process from a function argument `executablePath`. This could lead to a command injection if the input is user controllable. Try to avoid calls to child_process, and if it is n",alvos/uptime-kuma/server/monitor-types/real-browser-monitor-type.js:164,ERROR,LOW,,A03,9,,,,,,,1
T0279,alvo2,semgrep,semgrep,ERROR,1.0,typescript.react.security.react-insecure-request.react-insecure-request,typescript.react.security.react-insecure-request.react-insecure-request|alvos/uptime-kuma/extra/download-apprise.mjs|11,Unencrypted request over HTTP detected.,alvos/uptime-kuma/extra/download-apprise.mjs:11,ERROR,MEDIUM,,A02,9,,,,,,,1
T0280,alvo2,semgrep,semgrep,ERROR,1.0,typescript.react.security.react-insecure-request.react-insecure-request,typescript.react.security.react-insecure-request.react-insecure-request|alvos/uptime-kuma/server/notification-providers/aliyun-sms.js|70,Unencrypted request over HTTP detected.,alvos/uptime-kuma/server/notification-providers/aliyun-sms.js:70,ERROR,MEDIUM,,A02,9,,,,,,,1
T0281,alvo2,semgrep,semgrep,ERROR,1.0,yaml.github-actions.security.gha-curl-pipe-shell.gha-curl-pipe-shell,yaml.github-actions.security.gha-curl-pipe-shell.gha-curl-pipe-shell|alvos/uptime-kuma/.github/workflows/release.yml|135,"A `run:` step pipes the output of `curl` or `wget` directly into a shell interpreter. This is the ""curl | bash"" install pattern — if the remote server is compromised or the URL is hijacked, an attacke",alvos/uptime-kuma/.github/workflows/release.yml:135,ERROR,HIGH,,A03,9,sim,,,,,,1
T0282,alvo2,semgrep,semgrep,WARNING,1.0,go.lang.security.audit.crypto.missing-ssl-minversion.missing-ssl-minversion,go.lang.security.audit.crypto.missing-ssl-minversion.missing-ssl-minversion|alvos/uptime-kuma/extra/healthcheck.go|26,"`MinVersion` is missing from this TLS configuration.  By default, as of Go 1.22, TLS 1.2 is currently used as the minimum. General purpose web applications should default to TLS 1.3 with all other pro",alvos/uptime-kuma/extra/healthcheck.go:26,WARNING,HIGH,,A02,9,,,,,,,1
T0283,alvo2,semgrep,semgrep,WARNING,1.0,javascript.express.security.audit.xss.direct-response-write.direct-response-write,javascript.express.security.audit.xss.direct-response-write.direct-response-write|alvos/uptime-kuma/server/routers/api-router.js|215,"Detected directly writing to a Response object from user-defined input. This bypasses any HTML escaping and may expose your application to a Cross-Site-scripting (XSS) vulnerability. Instead, use 'res",alvos/uptime-kuma/server/routers/api-router.js:215,WARNING,MEDIUM,,A03,9,,,,,,,1
T0284,alvo2,semgrep,semgrep,WARNING,1.0,javascript.express.security.audit.xss.direct-response-write.direct-response-write,javascript.express.security.audit.xss.direct-response-write.direct-response-write|alvos/uptime-kuma/server/routers/api-router.js|279,"Detected directly writing to a Response object from user-defined input. This bypasses any HTML escaping and may expose your application to a Cross-Site-scripting (XSS) vulnerability. Instead, use 'res",alvos/uptime-kuma/server/routers/api-router.js:279,WARNING,MEDIUM,,A03,9,,,,,,,1
T0285,alvo2,semgrep,semgrep,WARNING,1.0,javascript.express.security.audit.xss.direct-response-write.direct-response-write,javascript.express.security.audit.xss.direct-response-write.direct-response-write|alvos/uptime-kuma/server/routers/api-router.js|345,"Detected directly writing to a Response object from user-defined input. This bypasses any HTML escaping and may expose your application to a Cross-Site-scripting (XSS) vulnerability. Instead, use 'res",alvos/uptime-kuma/server/routers/api-router.js:345,WARNING,MEDIUM,,A03,9,,,,,,,1
T0286,alvo2,semgrep,semgrep,WARNING,1.0,javascript.express.security.audit.xss.direct-response-write.direct-response-write,javascript.express.security.audit.xss.direct-response-write.direct-response-write|alvos/uptime-kuma/server/routers/api-router.js|418,"Detected directly writing to a Response object from user-defined input. This bypasses any HTML escaping and may expose your application to a Cross-Site-scripting (XSS) vulnerability. Instead, use 'res",alvos/uptime-kuma/server/routers/api-router.js:418,WARNING,MEDIUM,,A03,9,,,,,,,1
T0287,alvo2,semgrep,semgrep,WARNING,1.0,javascript.express.security.audit.xss.direct-response-write.direct-response-write,javascript.express.security.audit.xss.direct-response-write.direct-response-write|alvos/uptime-kuma/server/routers/api-router.js|501,"Detected directly writing to a Response object from user-defined input. This bypasses any HTML escaping and may expose your application to a Cross-Site-scripting (XSS) vulnerability. Instead, use 'res",alvos/uptime-kuma/server/routers/api-router.js:501,WARNING,MEDIUM,,A03,9,,,,,,,1
T0288,alvo2,semgrep,semgrep,WARNING,1.0,javascript.express.security.audit.xss.direct-response-write.direct-response-write,javascript.express.security.audit.xss.direct-response-write.direct-response-write|alvos/uptime-kuma/server/routers/api-router.js|561,"Detected directly writing to a Response object from user-defined input. This bypasses any HTML escaping and may expose your application to a Cross-Site-scripting (XSS) vulnerability. Instead, use 'res",alvos/uptime-kuma/server/routers/api-router.js:561,WARNING,MEDIUM,,A03,9,,,,,,,1
T0289,alvo2,semgrep,semgrep,WARNING,1.0,javascript.express.security.audit.xss.direct-response-write.direct-response-write,javascript.express.security.audit.xss.direct-response-write.direct-response-write|alvos/uptime-kuma/server/routers/status-page-router.js|258,"Detected directly writing to a Response object from user-defined input. This bypasses any HTML escaping and may expose your application to a Cross-Site-scripting (XSS) vulnerability. Instead, use 'res",alvos/uptime-kuma/server/routers/status-page-router.js:258,WARNING,MEDIUM,,A03,9,,,,,,,1
T0290,alvo2,semgrep,semgrep,WARNING,1.0,javascript.lang.security.audit.unknown-value-with-script-tag.unknown-value-with-script-tag,javascript.lang.security.audit.unknown-value-with-script-tag.unknown-value-with-script-tag|alvos/uptime-kuma/server/model/status_page.js|202,"Cannot determine what 'escapedJSONObject' is and it is used with a '<script>' tag. This could be susceptible to cross-site scripting (XSS). Ensure 'escapedJSONObject' is not externally controlled, or ",alvos/uptime-kuma/server/model/status_page.js:202,WARNING,LOW,,A03,9,,,,,,,1
T0291,alvo2,semgrep,semgrep,WARNING,1.0,problem-based-packs.insecure-transport.js-node.bypass-tls-verification.bypass-tls-verification,problem-based-packs.insecure-transport.js-node.bypass-tls-verification.bypass-tls-verification|alvos/uptime-kuma/server/notification-providers/teltonika.js|50,"Checks for setting the environment variable NODE_TLS_REJECT_UNAUTHORIZED to 0, which disables TLS verification. This should only be used for debugging purposes. Setting the option rejectUnauthorized t",alvos/uptime-kuma/server/notification-providers/teltonika.js:50,WARNING,MEDIUM,,A02,9,,,,,,,1
T0292,alvo2,trivy,trivy-config,CRITICAL,1.0,DS-0031,DS-0031|dockerfile|103,Secrets passed via `build-args` or envs or copied secret files,dockerfile:103,CRITICAL,,,A05,9,,,,,,,1
T0293,alvo2,trivy,trivy-config,MEDIUM,1.0,DS-0013,DS-0013|dockerfile|116,'RUN cd ...' to change directory,dockerfile:116,MEDIUM,,,A05,9,,,,,,,1
T0294,alvo2,trivy,trivy-image,CRITICAL,19.9,CVE-2026-11002,CVE-2026-11002|chromium|148.0.7778.178-1~deb12u1,chromium-browser: Use after free in Autofill,chromium@148.0.7778.178-1~deb12u1,CRITICAL,,9.6,A06,9,,,,,,,1
T0295,alvo2,trivy,trivy-image,CRITICAL,19.9,CVE-2026-11029,CVE-2026-11029|chromium-common|148.0.7778.178-1~deb12u1,chromium-browser: Insufficient validation of untrusted input in Drag and Drop,chromium-common@148.0.7778.178-1~deb12u1,CRITICAL,,9.6,A06,9,,,,,,,1
T0296,alvo2,trivy,trivy-image,CRITICAL,19.9,CVE-2026-13038,CVE-2026-13038|chromium|148.0.7778.178-1~deb12u1,chromium-browser: chromium-browser: Use after free in Autofill,chromium@148.0.7778.178-1~deb12u1,CRITICAL,,8.8,A06,9,,,,,,,1
T0297,alvo2,trivy,trivy-image,CRITICAL,19.9,CVE-2026-17651,CVE-2026-17651|chromium-common|148.0.7778.178-1~deb12u1,chromium-browser: chromium-browser: Insufficient validation of untrusted input in Dawn,chromium-common@148.0.7778.178-1~deb12u1,CRITICAL,,9.6,A06,9,,,,,,,1
T0298,alvo2,trivy,trivy-image,CRITICAL,19.9,CVE-2026-40393,CVE-2026-40393|libglx-mesa0|22.3.6-1+deb12u1,"In Mesa before 25.3.6 and 26 before 26.0.1, out-of-bounds memory acces ...",libglx-mesa0@22.3.6-1+deb12u1,CRITICAL,,9.8,A06,9,,,,,,,1
T0299,alvo2,trivy,trivy-image,CRITICAL,19.9,CVE-2026-44172,CVE-2026-44172|mariadb-common|1:10.11.14-0+deb12u2,mariadb: MariaDB server: SQL injection vulnerability via improper handling of big5 character set with mysql_real_escape_string(),mariadb-common@1:10.11.14-0+deb12u2,CRITICAL,,9.1,A06,9,,,,,,,1
T0300,alvo2,trivy,trivy-image,CRITICAL,19.9,CVE-2026-59873,CVE-2026-59873|tar|7.5.11,tar: node-tar: Denial of Service via crafted gzip bomb,tar@7.5.11,CRITICAL,,7.5,A06,9,sim,,,,,,1
T0301,alvo2,trivy,trivy-image,CRITICAL,19.9,CVE-2026-79131,CVE-2026-79131|chromium-common|148.0.7778.178-1~deb12u1,chromium-browser: angle: Chromium: Remote code execution via out-of-bounds write in ANGLE,chromium-common@148.0.7778.178-1~deb12u1,CRITICAL,,9.6,A06,9,,,,,,,1
T0302,alvo2,trivy,trivy-image,CRITICAL,19.9,CVE-2026-79138,CVE-2026-79138|chromium-common|148.0.7778.178-1~deb12u1,chromium-browser: angle: chromium-browser: Arbitrary Code Execution via out-of-bounds write in ANGLE,chromium-common@148.0.7778.178-1~deb12u1,CRITICAL,,9.6,A06,9,,,,,,,1
T0303,alvo2,trivy,trivy-image,CRITICAL,19.9,CVE-2026-9879,CVE-2026-9879|chromium|148.0.7778.178-1~deb12u1,chromium-browser: angle: Out of bounds write in ANGLE,chromium@148.0.7778.178-1~deb12u1,CRITICAL,,9.6,A06,9,,,,,,,1
T0304,alvo2,trivy,trivy-image,HIGH,61.6071,CVE-2025-13699,CVE-2025-13699|mariadb-server-core|1:10.11.14-0+deb12u2,mariadb: MariaDB: mariadb-dump utility vulnerable to remote code execution via improper path validation,mariadb-server-core@1:10.11.14-0+deb12u2,HIGH,,7.0,A06,9,,,,,,,1
T0305,alvo2,trivy,trivy-image,HIGH,61.6071,CVE-2025-69720,CVE-2025-69720|libncurses6|6.4-4,ncurses: ncurses: Buffer overflow vulnerability may lead to arbitrary code execution.,libncurses6@6.4-4,HIGH,,7.8,A06,9,,,,,,,1
T0306,alvo2,trivy,trivy-image,HIGH,61.6071,CVE-2026-10920,CVE-2026-10920|chromium-common|148.0.7778.178-1~deb12u1,chromium-browser: Insufficient validation of untrusted input in WebShare,chromium-common@148.0.7778.178-1~deb12u1,HIGH,,8.2,A06,9,,,,,,,1
T0307,alvo2,trivy,trivy-image,HIGH,61.6071,CVE-2026-10920,CVE-2026-10920|chromium|148.0.7778.178-1~deb12u1,chromium-browser: Insufficient validation of untrusted input in WebShare,chromium@148.0.7778.178-1~deb12u1,HIGH,,8.2,A06,9,,,,,,,1
T0308,alvo2,trivy,trivy-image,HIGH,61.6071,CVE-2026-10960,CVE-2026-10960|chromium|148.0.7778.178-1~deb12u1,chromium-browser: Uninitialized Use in Codecs,chromium@148.0.7778.178-1~deb12u1,HIGH,,7.9,A06,9,,,,,,,1
T0309,alvo2,trivy,trivy-image,HIGH,61.6071,CVE-2026-11628,CVE-2026-11628|chromium-common|148.0.7778.178-1~deb12u1,chromium-browser: Use after free in Ozone,chromium-common@148.0.7778.178-1~deb12u1,HIGH,,6.6,A06,9,,,,,,,1
T0310,alvo2,trivy,trivy-image,HIGH,61.6071,CVE-2026-11637,CVE-2026-11637|chromium-common|148.0.7778.178-1~deb12u1,chromium-browser: Use after free in Views,chromium-common@148.0.7778.178-1~deb12u1,HIGH,,8.8,A06,9,,,,,,,1
T0311,alvo2,trivy,trivy-image,HIGH,61.6071,CVE-2026-11683,CVE-2026-11683|chromium|148.0.7778.178-1~deb12u1,chromium-browser: Use after free in WebCodecs,chromium@148.0.7778.178-1~deb12u1,HIGH,,9.6,A06,9,,,,,,,1
T0312,alvo2,trivy,trivy-image,HIGH,61.6071,CVE-2026-11695,CVE-2026-11695|chromium-common|148.0.7778.178-1~deb12u1,chromium-browser: Inappropriate implementation in Passwords,chromium-common@148.0.7778.178-1~deb12u1,HIGH,,7.4,A06,9,,,,,,,1
T0313,alvo2,trivy,trivy-image,HIGH,61.6071,CVE-2026-11940,CVE-2026-11940|python3.11|3.11.2-6+deb12u7,python: cpython: CPython: tarfile extraction filter bypass allows escaping the destination directory,python3.11@3.11.2-6+deb12u7,HIGH,,7.3,A06,9,,,,,,,1
T0314,alvo2,trivy,trivy-image,HIGH,61.6071,CVE-2026-13026,CVE-2026-13026|chromium-common|148.0.7778.178-1~deb12u1,chromium-browser: chromium-browser: Use after free in Digital Credentials,chromium-common@148.0.7778.178-1~deb12u1,HIGH,,8.8,A06,9,,,,,,,1
T0315,alvo2,trivy,trivy-image,HIGH,61.6071,CVE-2026-13798,CVE-2026-13798|chromium|148.0.7778.178-1~deb12u1,chromium-browser: Heap buffer overflow in Chromecast,chromium@148.0.7778.178-1~deb12u1,HIGH,,9.0,A06,9,,,,,,,1
T0316,alvo2,trivy,trivy-image,HIGH,61.6071,CVE-2026-13809,CVE-2026-13809|chromium-common|148.0.7778.178-1~deb12u1,chromium-browser: chromium-browser: Side-channel information leakage in Safe Browsing,chromium-common@148.0.7778.178-1~deb12u1,HIGH,,8.8,A06,9,sim,,,,,,1
T0317,alvo2,trivy,trivy-image,HIGH,61.6071,CVE-2026-13827,CVE-2026-13827|chromium|148.0.7778.178-1~deb12u1,chromium-browser: Use after free in Updater,chromium@148.0.7778.178-1~deb12u1,HIGH,,8.2,A06,9,,,,,,,1
T0318,alvo2,trivy,trivy-image,HIGH,61.6071,CVE-2026-14412,CVE-2026-14412|chromium-common|148.0.7778.178-1~deb12u1,chromium-browser: angle: chromium-browser: Insufficient validation of untrusted input in ANGLE,chromium-common@148.0.7778.178-1~deb12u1,HIGH,,8.2,A06,9,,,,,,,1
T0319,alvo2,trivy,trivy-image,HIGH,61.6071,CVE-2026-17711,CVE-2026-17711|chromium|148.0.7778.178-1~deb12u1,chromium-browser: chromium-browser: Race in Downloads,chromium@148.0.7778.178-1~deb12u1,HIGH,,7.5,A06,9,,,,,,,1
T0320,alvo2,trivy,trivy-image,HIGH,61.6071,CVE-2026-19163,CVE-2026-19163|chromium|148.0.7778.178-1~deb12u1,chromium-browser: Google Chrome: Sandbox escape via use-after-free in Media component,chromium@148.0.7778.178-1~deb12u1,HIGH,,8.0,A06,9,,,,,,,1
T0321,alvo2,trivy,trivy-image,HIGH,61.6071,CVE-2026-19560,CVE-2026-19560|chromium-common|148.0.7778.178-1~deb12u1,chromium-browser: chromium-browser: Arbitrary code execution via use-after-free in Blink,chromium-common@148.0.7778.178-1~deb12u1,HIGH,,8.8,A06,9,,,,,,,1
T0322,alvo2,trivy,trivy-image,HIGH,61.6071,CVE-2026-39822,CVE-2026-39822|stdlib|v1.26.3,golang: Go os.Root: Symlink following vulnerability allows directory traversal,stdlib@v1.26.3,HIGH,,7.8,A06,9,,,,,,,1
T0323,alvo2,trivy,trivy-image,HIGH,61.6071,CVE-2026-76018,CVE-2026-76018|chromium-common|148.0.7778.178-1~deb12u1,chromium-browser: Google Chrome: Arbitrary Code Execution via crafted file in Import component,chromium-common@148.0.7778.178-1~deb12u1,HIGH,,9.6,A06,9,,,,,,,1
T0324,alvo2,trivy,trivy-image,HIGH,61.6071,CVE-2026-76037,CVE-2026-76037|chromium-common|148.0.7778.178-1~deb12u1,chromium-browser: Google Chrome: Arbitrary Code Execution via Link Following,chromium-common@148.0.7778.178-1~deb12u1,HIGH,,8.2,A06,9,,,,,,,1
T0325,alvo2,trivy,trivy-image,HIGH,61.6071,CVE-2026-76044,CVE-2026-76044|chromium|148.0.7778.178-1~deb12u1,chromium-browser: Google Chrome: Arbitrary code execution due to a race condition in USB,chromium@148.0.7778.178-1~deb12u1,HIGH,,9.0,A06,9,,,,,,,1
T0326,alvo2,trivy,trivy-image,HIGH,61.6071,CVE-2026-78408,CVE-2026-78408|libmount1|2.38.1-5+deb12u3,util-linux: util-linux: nsenter --join-cgroup leaks root cgroup migration authority,libmount1@2.38.1-5+deb12u3,HIGH,,7.9,A06,9,,,,,,,1
T0327,alvo2,trivy,trivy-image,HIGH,61.6071,CVE-2026-79270,CVE-2026-79270|chromium-common|148.0.7778.178-1~deb12u1,chromium-browser: angle: Chromium-browser: Memory disclosure via uninitialized resource in ANGLE,chromium-common@148.0.7778.178-1~deb12u1,HIGH,,7.4,A06,9,,,,,,,1
T0328,alvo2,trivy,trivy-image,HIGH,61.6071,CVE-2026-9914,CVE-2026-9914|chromium|148.0.7778.178-1~deb12u1,chromium-browser: angle: Insufficient validation of untrusted input in ANGLE,chromium@148.0.7778.178-1~deb12u1,HIGH,,9.0,A06,9,sim,,,,,,1
T0329,alvo2,trivy,trivy-image,HIGH,61.6071,CVE-2026-9928,CVE-2026-9928|chromium-common|148.0.7778.178-1~deb12u1,chromium-browser: angle: Out of bounds read in ANGLE,chromium-common@148.0.7778.178-1~deb12u1,HIGH,,9.6,A06,9,,,,,,,1
T0330,alvo2,trivy,trivy-image,HIGH,61.6071,CVE-2026-9943,CVE-2026-9943|chromium-common|148.0.7778.178-1~deb12u1,chromium-browser: Out of bounds read in WebGL,chromium-common@148.0.7778.178-1~deb12u1,HIGH,,6.5,A06,9,,,,,,,1
T0331,alvo2,trivy,trivy-image,HIGH,61.6071,CVE-2026-9986,CVE-2026-9986|chromium-common|148.0.7778.178-1~deb12u1,chromium-browser: Insufficient validation of untrusted input in OptimizationGuide,chromium-common@148.0.7778.178-1~deb12u1,HIGH,,5.7,A06,9,,,,,,,1
T0332,alvo2,trivy,trivy-image,LOW,63.75,CVE-2017-11696,CVE-2017-11696|libnss3|2:3.87.1-1+deb12u2,nss: Heap-buffer-overflow in __hash_open,libnss3@2:3.87.1-1+deb12u2,LOW,,7.8,A06,9,,,,,,,1
T0333,alvo2,trivy,trivy-image,LOW,63.75,CVE-2017-11698,CVE-2017-11698|libnss3|2:3.87.1-1+deb12u2,nss: Heap-buffer-overflow in __get_page,libnss3@2:3.87.1-1+deb12u2,LOW,,7.8,A06,9,,,,,,,1
T0334,alvo2,trivy,trivy-image,LOW,63.75,CVE-2018-5709,CVE-2018-5709|libkrb5support0|1.20.1-2+deb12u5,krb5: integer overflow in dbentry->n_key_data in kadmin/dbutil/dump.c,libkrb5support0@1.20.1-2+deb12u5,LOW,,7.5,A06,9,,,,,,,1
T0335,alvo2,trivy,trivy-image,LOW,63.75,CVE-2023-31438,CVE-2023-31438|libudev1|252.39-1~deb12u2,An issue was discovered in systemd 253. An attacker can truncate a sea ...,libudev1@252.39-1~deb12u2,LOW,,5.3,A06,9,,,,,,,1
T0336,alvo2,trivy,trivy-image,LOW,63.75,CVE-2023-31439,CVE-2023-31439|libsystemd0|252.39-1~deb12u2,An issue was discovered in systemd 253. An attacker can modify the con ...,libsystemd0@252.39-1~deb12u2,LOW,,5.3,A06,9,,,,,,,1
T0337,alvo2,trivy,trivy-image,LOW,63.75,CVE-2023-37920,CVE-2023-37920|python3-certifi|2022.9.24-1,python-certifi: Removal of e-Tugra root certificate,python3-certifi@2022.9.24-1,LOW,,9.8,A06,9,,,,,,,1
T0338,alvo2,trivy,trivy-image,LOW,63.75,CVE-2026-11225,CVE-2026-11225|chromium-common|148.0.7778.178-1~deb12u1,chromium-browser: Incorrect security UI in WebUI,chromium-common@148.0.7778.178-1~deb12u1,LOW,,5.4,A06,9,,,,,,,1
T0339,alvo2,trivy,trivy-image,LOW,63.75,CVE-2026-11299,CVE-2026-11299|chromium|148.0.7778.178-1~deb12u1,chromium-browser: Out of bounds read in Fonts,chromium@148.0.7778.178-1~deb12u1,LOW,,4.3,A06,9,,,,,,,1
T0340,alvo2,trivy,trivy-image,LOW,63.75,CVE-2026-11309,CVE-2026-11309|chromium|148.0.7778.178-1~deb12u1,chromium-browser: Insufficient policy enforcement in History,chromium@148.0.7778.178-1~deb12u1,LOW,,4.3,A06,9,,,,,,,1
T0341,alvo2,trivy,trivy-image,LOW,63.75,CVE-2026-11850,CVE-2026-11850|libkrb5-3|1.20.1-2+deb12u5,krb5: krb5: integer underflow in berval2tl_data() leads to heap out-of-bounds read,libkrb5-3@1.20.1-2+deb12u5,LOW,,5.0,A06,9,,,,,,,1
T0342,alvo2,trivy,trivy-image,LOW,63.75,CVE-2026-14128,CVE-2026-14128|chromium|148.0.7778.178-1~deb12u1,chromium-browser: chromium-browser: Insufficient data validation in Chrome for iOS,chromium@148.0.7778.178-1~deb12u1,LOW,,4.3,A06,9,,,,,,,1
T0343,alvo2,trivy,trivy-image,LOW,63.75,CVE-2026-17908,CVE-2026-17908|chromium-common|148.0.7778.178-1~deb12u1,chromium-browser: chromium-browser: Insufficient validation of untrusted input in Printing,chromium-common@148.0.7778.178-1~deb12u1,LOW,,0.1,A06,9,,,,,,,1
T0344,alvo2,trivy,trivy-image,LOW,63.75,CVE-2026-17911,CVE-2026-17911|chromium-common|148.0.7778.178-1~deb12u1,chromium-browser: chromium-browser: Insufficient policy enforcement in SVG,chromium-common@148.0.7778.178-1~deb12u1,LOW,,4.3,A06,9,,,,,,,1
T0345,alvo2,trivy,trivy-image,LOW,63.75,CVE-2026-18503,CVE-2026-18503|python3.11|3.11.2-6+deb12u7,python: Python: Denial of Service via super-linear regular expression work in csv.Sniffer.sniff(),python3.11@3.11.2-6+deb12u7,LOW,,2.8,A06,9,,,,,,,1
T0346,alvo2,trivy,trivy-image,LOW,63.75,CVE-2026-2297,CVE-2026-2297|python3.11-minimal|3.11.2-6+deb12u7,cpython: CPython: Logging Bypass in Legacy .pyc File Handling,python3.11-minimal@3.11.2-6+deb12u7,LOW,,3.3,A06,9,,,,,,,1
T0347,alvo2,trivy,trivy-image,LOW,63.75,TEMP-0517018-A83CE6,TEMP-0517018-A83CE6|sysvinit-utils|3.06-4,[sysvinit: no-root option in expert installer exposes locally exploitable security flaw],sysvinit-utils@3.06-4,LOW,,0.1,A06,9,,,,,,,1
T0348,alvo2,trivy,trivy-image,MEDIUM,61.871,CVE-2025-15649,CVE-2025-15649|perl-modules-5.36|5.36.0-7+deb12u3,perl-IO-Compress: perl-IO-Compress: Denial of Service via malformed DOS date in zip header,perl-modules-5.36@5.36.0-7+deb12u3,MEDIUM,,6.5,A06,9,,,,,,,1
T0349,alvo2,trivy,trivy-image,MEDIUM,61.871,CVE-2025-47906,CVE-2025-47906|stdlib|v1.20.5,os/exec: Unexpected paths returned from LookPath in os/exec,stdlib@v1.20.5,MEDIUM,,6.5,A06,9,,,,,,,1
T0350,alvo2,trivy,trivy-image,MEDIUM,61.871,CVE-2025-47907,CVE-2025-47907|stdlib|v1.20.5,database/sql: Postgres Scan Race Condition,stdlib@v1.20.5,MEDIUM,,7.0,A06,9,,,,,,,1
T0351,alvo2,trivy,trivy-image,MEDIUM,61.871,CVE-2025-68468,CVE-2025-68468|libavahi-client3|0.8-10+deb12u1,avahi: Avahi: Denial of Service via crafted mDNS/DNS-SD announcements,libavahi-client3@0.8-10+deb12u1,MEDIUM,,6.5,A06,9,,,,,,,1
T0352,alvo2,trivy,trivy-image,MEDIUM,61.871,CVE-2025-68471,CVE-2025-68471|libavahi-common3|0.8-10+deb12u1,avahi: Avahi: Denial of Service via unsolicited CNAME announcements,libavahi-common3@0.8-10+deb12u1,MEDIUM,,6.5,A06,9,,,,,,,1
T0353,alvo2,trivy,trivy-image,MEDIUM,61.871,CVE-2026-11001,CVE-2026-11001|chromium|148.0.7778.178-1~deb12u1,chromium-browser: Incorrect security UI in Payments,chromium@148.0.7778.178-1~deb12u1,MEDIUM,,6.5,A06,9,sim,,,,,,1
T0354,alvo2,trivy,trivy-image,MEDIUM,61.871,CVE-2026-11004,CVE-2026-11004|chromium-common|148.0.7778.178-1~deb12u1,chromium-browser: angle: Out of bounds read in ANGLE,chromium-common@148.0.7778.178-1~deb12u1,MEDIUM,,5.7,A06,9,,,,,,,1
T0355,alvo2,trivy,trivy-image,MEDIUM,61.871,CVE-2026-11018,CVE-2026-11018|chromium-common|148.0.7778.178-1~deb12u1,chromium-browser: Insufficient policy enforcement in Actor,chromium-common@148.0.7778.178-1~deb12u1,MEDIUM,,5.4,A06,9,,,,,,,1
T0356,alvo2,trivy,trivy-image,MEDIUM,61.871,CVE-2026-11040,CVE-2026-11040|chromium-common|148.0.7778.178-1~deb12u1,chromium-browser: angle: Use after free in ANGLE,chromium-common@148.0.7778.178-1~deb12u1,MEDIUM,,9.0,A06,9,,,,,,,1
T0357,alvo2,trivy,trivy-image,MEDIUM,61.871,CVE-2026-11065,CVE-2026-11065|chromium-common|148.0.7778.178-1~deb12u1,chromium-browser: angle: Use after free in ANGLE,chromium-common@148.0.7778.178-1~deb12u1,MEDIUM,,9.0,A06,9,,,,,,,1
T0358,alvo2,trivy,trivy-image,MEDIUM,61.871,CVE-2026-11066,CVE-2026-11066|chromium|148.0.7778.178-1~deb12u1,chromium-browser: angle: Insufficient validation of untrusted input in ANGLE,chromium@148.0.7778.178-1~deb12u1,MEDIUM,,9.6,A06,9,,,,,,,1
T0359,alvo2,trivy,trivy-image,MEDIUM,61.871,CVE-2026-11073,CVE-2026-11073|chromium-common|148.0.7778.178-1~deb12u1,chromium-browser: Use after free in WebGL,chromium-common@148.0.7778.178-1~deb12u1,MEDIUM,,6.5,A06,9,,,,,,,1
T0360,alvo2,trivy,trivy-image,MEDIUM,61.871,CVE-2026-11095,CVE-2026-11095|chromium-common|148.0.7778.178-1~deb12u1,chromium-browser: Insufficient validation of untrusted input in Codecs,chromium-common@148.0.7778.178-1~deb12u1,MEDIUM,,9.0,A06,9,,,,,,,1
T0361,alvo2,trivy,trivy-image,MEDIUM,61.871,CVE-2026-11122,CVE-2026-11122|chromium|148.0.7778.178-1~deb12u1,chromium-browser: Inappropriate implementation in Keyboard,chromium@148.0.7778.178-1~deb12u1,MEDIUM,,8.1,A06,9,,,,,,,1
T0362,alvo2,trivy,trivy-image,MEDIUM,61.871,CVE-2026-11134,CVE-2026-11134|chromium-common|148.0.7778.178-1~deb12u1,chromium-browser: Insufficient data validation in Media,chromium-common@148.0.7778.178-1~deb12u1,MEDIUM,,6.5,A06,9,,,,,,,1
T0363,alvo2,trivy,trivy-image,MEDIUM,61.871,CVE-2026-11155,CVE-2026-11155|chromium-common|148.0.7778.178-1~deb12u1,chromium-browser: Insufficient policy enforcement in CSS,chromium-common@148.0.7778.178-1~deb12u1,MEDIUM,,7.4,A06,9,,,,,,,1
T0364,alvo2,trivy,trivy-image,MEDIUM,61.871,CVE-2026-13859,CVE-2026-13859|chromium-common|148.0.7778.178-1~deb12u1,chromium-browser: angle: Inappropriate implementation in ANGLE,chromium-common@148.0.7778.178-1~deb12u1,MEDIUM,,9.6,A06,9,sim,,,,,,1
T0365,alvo2,trivy,trivy-image,MEDIUM,61.871,CVE-2026-13868,CVE-2026-13868|chromium-common|148.0.7778.178-1~deb12u1,chromium-browser: Inappropriate implementation in Network,chromium-common@148.0.7778.178-1~deb12u1,MEDIUM,,8.7,A06,9,,,,,,,1
T0366,alvo2,trivy,trivy-image,MEDIUM,61.871,CVE-2026-14002,CVE-2026-14002|chromium|148.0.7778.178-1~deb12u1,chromium-browser: Inappropriate implementation in Geolocation,chromium@148.0.7778.178-1~deb12u1,MEDIUM,,4.6,A06,9,,,,,,,1
T0367,alvo2,trivy,trivy-image,MEDIUM,61.871,CVE-2026-14009,CVE-2026-14009|chromium|148.0.7778.178-1~deb12u1,chromium-browser: Insufficient data validation in Passwords,chromium@148.0.7778.178-1~deb12u1,MEDIUM,,8.8,A06,9,,,,,,,1
T0368,alvo2,trivy,trivy-image,MEDIUM,61.871,CVE-2026-14406,CVE-2026-14406|chromium-common|148.0.7778.178-1~deb12u1,chromium-browser: chromium-browser: Out of bounds read in V8,chromium-common@148.0.7778.178-1~deb12u1,MEDIUM,,5.7,A06,9,sim,,,,,,1
T0369,alvo2,trivy,trivy-image,MEDIUM,61.871,CVE-2026-17738,CVE-2026-17738|chromium|148.0.7778.178-1~deb12u1,chromium-browser: chromium-browser: Insufficient validation of untrusted input in Payments,chromium@148.0.7778.178-1~deb12u1,MEDIUM,,8.2,A06,9,,,,,,,1
T0370,alvo2,trivy,trivy-image,MEDIUM,61.871,CVE-2026-17806,CVE-2026-17806|chromium|148.0.7778.178-1~deb12u1,chromium-browser: chromium-browser: Insufficient validation of untrusted input in Extensions,chromium@148.0.7778.178-1~deb12u1,MEDIUM,,9.0,A06,9,,,,,,,1
T0371,alvo2,trivy,trivy-image,MEDIUM,61.871,CVE-2026-17824,CVE-2026-17824|chromium-common|148.0.7778.178-1~deb12u1,chromium-browser: chromium-browser: Insufficient policy enforcement in ServiceWorker,chromium-common@148.0.7778.178-1~deb12u1,MEDIUM,,7.1,A06,9,,,,,,,1
T0372,alvo2,trivy,trivy-image,MEDIUM,61.871,CVE-2026-17833,CVE-2026-17833|chromium-common|148.0.7778.178-1~deb12u1,chromium-browser: chromium-browser: Inappropriate implementation in Passwords,chromium-common@148.0.7778.178-1~deb12u1,MEDIUM,,6.5,A06,9,,,,,,,1
T0373,alvo2,trivy,trivy-image,MEDIUM,61.871,CVE-2026-17844,CVE-2026-17844|chromium-common|148.0.7778.178-1~deb12u1,chromium-browser: chromium-browser: Insufficient validation of untrusted input in Cast,chromium-common@148.0.7778.178-1~deb12u1,MEDIUM,,4.3,A06,9,,,,,,,1
T0374,alvo2,trivy,trivy-image,MEDIUM,61.871,CVE-2026-17866,CVE-2026-17866|chromium|148.0.7778.178-1~deb12u1,chromium-browser: chromium-browser: Type Confusion in Tab,chromium@148.0.7778.178-1~deb12u1,MEDIUM,,8.1,A06,9,,,,,,,1
T0375,alvo2,trivy,trivy-image,MEDIUM,61.871,CVE-2026-17887,CVE-2026-17887|chromium-common|148.0.7778.178-1~deb12u1,chromium-browser: chromium-browser: Use after free in TabStrip,chromium-common@148.0.7778.178-1~deb12u1,MEDIUM,,7.5,A06,9,,,,,,,1
T0376,alvo2,trivy,trivy-image,MEDIUM,61.871,CVE-2026-53792,CVE-2026-53792|rsync|3.2.7-1+deb12u5,rsync: rsync: Denial of Service via out-of-bounds read with crafted checksum block,rsync@3.2.7-1+deb12u5,MEDIUM,,6.5,A06,9,,,,,,,1
T0377,alvo2,trivy,trivy-image,MEDIUM,61.871,CVE-2026-78898,CVE-2026-78898|chromium|148.0.7778.178-1~deb12u1,chromium-browser: chromium-browser: Incorrect authorization in Downloads,chromium@148.0.7778.178-1~deb12u1,MEDIUM,,5.4,A06,9,,,,,,,1
T0378,alvo2,trivy,trivy-image,MEDIUM,61.871,CVE-2026-87556,CVE-2026-87556|chromium|148.0.7778.178-1~deb12u1,Missing authorization in Browser in Google Chrome prior to 153.0.8010. ...,chromium@148.0.7778.178-1~deb12u1,MEDIUM,,4.3,A06,9,,,,,,,1
T0379,alvo2,trivy,trivy-image,UNKNOWN,64.1,CVE-2026-17669,CVE-2026-17669|chromium|148.0.7778.178-1~deb12u1,Inappropriate implementation in Chrome for iOS in Google Chrome on iOS ...,chromium@148.0.7778.178-1~deb12u1,UNKNOWN,,0.0,A06,9,sim,,,,,,1
T0380,alvo2,trivy,trivy-image,UNKNOWN,64.1,CVE-2026-78912,CVE-2026-78912|chromium-common|148.0.7778.178-1~deb12u1,UI misrepresentation in Browser in Google Chrome prior to 152.0.7977.6 ...,chromium-common@148.0.7778.178-1~deb12u1,UNKNOWN,,0.0,A06,9,,,,,,,1
T0381,alvo2,trivy,trivy-image,UNKNOWN,64.1,CVE-2026-78964,CVE-2026-78964|chromium|148.0.7778.178-1~deb12u1,Use after free in Sync in Google Chrome on on iOS prior to 152.0.7977. ...,chromium@148.0.7778.178-1~deb12u1,UNKNOWN,,0.0,A06,9,,,,,,,1
T0382,alvo2,trivy,trivy-image,UNKNOWN,64.1,CVE-2026-78967,CVE-2026-78967|chromium|148.0.7778.178-1~deb12u1,Missing authorization in BFCache in Google Chrome prior to 152.0.7977. ...,chromium@148.0.7778.178-1~deb12u1,UNKNOWN,,0.0,A06,9,,,,,,,1
T0383,alvo2,trivy,trivy-image,UNKNOWN,64.1,CVE-2026-79028,CVE-2026-79028|chromium-common|148.0.7778.178-1~deb12u1,Observable discrepancy in Network in Google Chrome prior to 152.0.7977 ...,chromium-common@148.0.7778.178-1~deb12u1,UNKNOWN,,0.0,A06,9,,,,,,,1
T0384,alvo2,trivy,trivy-image,UNKNOWN,64.1,CVE-2026-79076,CVE-2026-79076|chromium-common|148.0.7778.178-1~deb12u1,Improper input validation in Sync in Google Chrome prior to 152.0.7977 ...,chromium-common@148.0.7778.178-1~deb12u1,UNKNOWN,,0.0,A06,9,,,,,,,1
T0385,alvo2,trivy,trivy-image,UNKNOWN,64.1,CVE-2026-79105,CVE-2026-79105|chromium-common|148.0.7778.178-1~deb12u1,Improper input validation in Mobile in Google Chrome on on iOS prior t ...,chromium-common@148.0.7778.178-1~deb12u1,UNKNOWN,,0.0,A06,9,,,,,,,1
T0386,alvo2,trivy,trivy-image,UNKNOWN,64.1,CVE-2026-79125,CVE-2026-79125|chromium|148.0.7778.178-1~deb12u1,Information leak in XR in Google Chrome prior to 152.0.7977.65 allowed ...,chromium@148.0.7778.178-1~deb12u1,UNKNOWN,,0.0,A06,9,,,,,,,1
T0387,alvo2,trivy,trivy-image,UNKNOWN,64.1,CVE-2026-79178,CVE-2026-79178|chromium|148.0.7778.178-1~deb12u1,Incorrect authorization in Web Authentication (Passkeys & Security Key ...,chromium@148.0.7778.178-1~deb12u1,UNKNOWN,,0.0,A06,9,,,,,,,1
T0388,alvo2,trivy,trivy-image,UNKNOWN,64.1,CVE-2026-79225,CVE-2026-79225|chromium|148.0.7778.178-1~deb12u1,Incorrect authorization in Browser in Google Chrome on on Android prio ...,chromium@148.0.7778.178-1~deb12u1,UNKNOWN,,0.0,A06,9,,,,,,,1
T0389,alvo2,trivy,trivy-image,UNKNOWN,64.1,CVE-2026-85042,CVE-2026-85042|chromium-common|148.0.7778.178-1~deb12u1,Use after free in DevTools in Google Chrome prior to 152.0.7977.82 all ...,chromium-common@148.0.7778.178-1~deb12u1,UNKNOWN,,0.0,A06,9,,,,,,,1
T0390,alvo2,trivy,trivy-image,UNKNOWN,64.1,CVE-2026-87438,CVE-2026-87438|chromium|148.0.7778.178-1~deb12u1,Out of bounds write in WebGL in Google Chrome on on Android prior to 1 ...,chromium@148.0.7778.178-1~deb12u1,UNKNOWN,,0.0,A06,9,sim,,,,,,1
T0391,alvo2,trivy,trivy-image,UNKNOWN,64.1,CVE-2026-87590,CVE-2026-87590|chromium-common|148.0.7778.178-1~deb12u1,Improper input validation in Passwords in Google Chrome prior to 153.0 ...,chromium-common@148.0.7778.178-1~deb12u1,UNKNOWN,,0.0,A06,9,sim,,,,,,1
T0392,alvo2,trivy,trivy-image,UNKNOWN,64.1,CVE-2026-87606,CVE-2026-87606|chromium-common|148.0.7778.178-1~deb12u1,Missing authorization in SiteIsolation in Google Chrome prior to 153.0 ...,chromium-common@148.0.7778.178-1~deb12u1,UNKNOWN,,0.0,A06,9,,,,,,,1
T0393,alvo2,trivy,trivy-image,UNKNOWN,64.1,CVE-2026-87629,CVE-2026-87629|chromium-common|148.0.7778.178-1~deb12u1,Incorrect authorization in Sources in Google Chrome prior to 153.0.801 ...,chromium-common@148.0.7778.178-1~deb12u1,UNKNOWN,,0.0,A06,9,,,,,,,1
T0394,alvo2,trivy,trivy-image,UNKNOWN,64.1,CVE-2026-87629,CVE-2026-87629|chromium|148.0.7778.178-1~deb12u1,Incorrect authorization in Sources in Google Chrome prior to 153.0.801 ...,chromium@148.0.7778.178-1~deb12u1,UNKNOWN,,0.0,A06,9,,,,,,,1
T0395,alvo2,trivy,trivy-image,UNKNOWN,64.1,CVE-2026-93384,CVE-2026-93384|chromium-common|148.0.7778.178-1~deb12u1,Server-side request forgery in Omnibox in Google Chrome on on Android  ...,chromium-common@148.0.7778.178-1~deb12u1,UNKNOWN,,0.0,A06,9,,,,,,,1
T0396,alvo2,trivy,trivy-image,UNKNOWN,64.1,CVE-2026-95289,CVE-2026-95289|chromium|148.0.7778.178-1~deb12u1,Title Not Available,chromium@148.0.7778.178-1~deb12u1,UNKNOWN,,0.0,A06,9,,,,,,,1
T0397,alvo2,trivy,trivy-image,UNKNOWN,64.1,CVE-2026-95328,CVE-2026-95328|chromium-common|148.0.7778.178-1~deb12u1,Title Not Available,chromium-common@148.0.7778.178-1~deb12u1,UNKNOWN,,0.0,A06,9,,,,,,,1
T0398,alvo2,trivy,trivy-image,UNKNOWN,64.1,CVE-2026-95341,CVE-2026-95341|chromium-common|148.0.7778.178-1~deb12u1,Title Not Available,chromium-common@148.0.7778.178-1~deb12u1,UNKNOWN,,0.0,A06,9,,,,,,,1
T0399,alvo2,zap,zap,1,1.0,10021,10021|http://localhost:3001/api/status-page/servicos/manifest.json|x-content-type-options,X-Content-Type-Options Header Missing,http://localhost:3001/api/status-page/servicos/manifest.json [x-content-type-options],1,2,,A05,4,,,,,,,1
T0400,alvo2,zap,zap,1,1.0,10021,10021|http://localhost:3001/apple-touch-icon.png|x-content-type-options,X-Content-Type-Options Header Missing,http://localhost:3001/apple-touch-icon.png [x-content-type-options],1,2,,A05,6,,,,,,,1
T0401,alvo2,zap,zap,1,1.0,10021,10021|http://localhost:3001/icon.svg|x-content-type-options,X-Content-Type-Options Header Missing,http://localhost:3001/icon.svg [x-content-type-options],1,2,,A05,7,,,,,,,1
T0402,alvo2,zap,zap,1,1.0,10021,10021|http://localhost:3001/manifest.json|x-content-type-options,X-Content-Type-Options Header Missing,http://localhost:3001/manifest.json [x-content-type-options],1,2,,A05,1,,,,,,,1
T0403,alvo2,zap,zap,1,1.0,10021,10021|http://localhost:3001/robots.txt|x-content-type-options,X-Content-Type-Options Header Missing,http://localhost:3001/robots.txt [x-content-type-options],1,2,,A05,9,,,,,,,1
T0404,alvo2,zap,zap,1,1.0,10021,10021|http://localhost:3001/sitemap.xml|x-content-type-options,X-Content-Type-Options Header Missing,http://localhost:3001/sitemap.xml [x-content-type-options],1,2,,A05,9,,,,,,,1
T0405,alvo2,zap,zap,1,1.0,10021,10021|http://localhost:3001/status/servicos|x-content-type-options,X-Content-Type-Options Header Missing,http://localhost:3001/status/servicos [x-content-type-options],1,2,,A05,9,,,,,,,1
T0406,alvo2,zap,zap,1,1.0,10063,10063|http://localhost:3001/assets/index-BiJ2MzwC.js|,Permissions Policy Header Not Set,http://localhost:3001/assets/index-BiJ2MzwC.js,1,2,,A05,9,,,,,,,1
T0407,alvo2,zap,zap,1,1.0,10063,10063|http://localhost:3001/sitemap.xml|,Permissions Policy Header Not Set,http://localhost:3001/sitemap.xml,1,2,,A05,9,sim,,,,,,1
T0408,alvo2,zap,zap,1,1.0,10063,10063|http://localhost:3001/status/servicos|,Permissions Policy Header Not Set,http://localhost:3001/status/servicos,1,2,,A05,9,,,,,,,1
T0409,alvo2,zap,zap,1,1.0,10063,10063|http://localhost:3001/status|,Permissions Policy Header Not Set,http://localhost:3001/status,1,2,,A05,9,,,,,,,1
T0410,alvo2,zap,zap,1,1.0,10110,10110|http://localhost:3001/assets/index-BiJ2MzwC.js|,Dangerous JS Functions,http://localhost:3001/assets/index-BiJ2MzwC.js,1,1,,,9,,,,,,,1
T0411,alvo2,zap,zap,1,1.0,2,2|http://localhost:3001/assets/index-BiJ2MzwC.js|,Private IP Disclosure,http://localhost:3001/assets/index-BiJ2MzwC.js,1,2,,A01,9,,,,,,,1
T0412,alvo2,zap,zap,1,1.0,90004,90004|http://localhost:3001/api/status-page/servicos/manifest.json|Cross-Origin-Resource-Policy,Cross-Origin-Resource-Policy Header Missing or Invalid,http://localhost:3001/api/status-page/servicos/manifest.json [Cross-Origin-Resource-Policy],1,2,,A05,6,,,,,,,1
T0413,alvo2,zap,zap,1,1.0,90004,90004|http://localhost:3001/apple-touch-icon.png|Cross-Origin-Resource-Policy,Cross-Origin-Resource-Policy Header Missing or Invalid,http://localhost:3001/apple-touch-icon.png [Cross-Origin-Resource-Policy],1,2,,A05,5,,,,,,,1
T0414,alvo2,zap,zap,1,1.0,90004,90004|http://localhost:3001/icon.svg|Cross-Origin-Resource-Policy,Cross-Origin-Resource-Policy Header Missing or Invalid,http://localhost:3001/icon.svg [Cross-Origin-Resource-Policy],1,2,,A05,7,,,,,,,1
T0415,alvo2,zap,zap,1,1.0,90004,90004|http://localhost:3001/robots.txt|Cross-Origin-Resource-Policy,Cross-Origin-Resource-Policy Header Missing or Invalid,http://localhost:3001/robots.txt [Cross-Origin-Resource-Policy],1,2,,A05,9,,,,,,,1
T0416,alvo2,zap,zap,1,1.0,90004,90004|http://localhost:3001/sitemap.xml|Cross-Origin-Embedder-Policy,Cross-Origin-Embedder-Policy Header Missing or Invalid,http://localhost:3001/sitemap.xml [Cross-Origin-Embedder-Policy],1,2,,A05,9,,,,,,,1
T0417,alvo2,zap,zap,1,1.0,90004,90004|http://localhost:3001/sitemap.xml|Cross-Origin-Opener-Policy,Cross-Origin-Opener-Policy Header Missing or Invalid,http://localhost:3001/sitemap.xml [Cross-Origin-Opener-Policy],1,2,,A05,9,sim,,,,,,1
T0418,alvo2,zap,zap,1,1.0,90004,90004|http://localhost:3001/sitemap.xml|Cross-Origin-Resource-Policy,Cross-Origin-Resource-Policy Header Missing or Invalid,http://localhost:3001/sitemap.xml [Cross-Origin-Resource-Policy],1,2,,A05,9,,,,,,,1
T0419,alvo2,zap,zap,1,1.0,90004,90004|http://localhost:3001/status/servicos|Cross-Origin-Embedder-Policy,Cross-Origin-Embedder-Policy Header Missing or Invalid,http://localhost:3001/status/servicos [Cross-Origin-Embedder-Policy],1,2,,A05,9,,,,,,,1
T0420,alvo2,zap,zap,1,1.0,90004,90004|http://localhost:3001/status/servicos|Cross-Origin-Opener-Policy,Cross-Origin-Opener-Policy Header Missing or Invalid,http://localhost:3001/status/servicos [Cross-Origin-Opener-Policy],1,2,,A05,9,,,,,,,1
T0421,alvo2,zap,zap,1,1.0,90004,90004|http://localhost:3001/status/servicos|Cross-Origin-Resource-Policy,Cross-Origin-Resource-Policy Header Missing or Invalid,http://localhost:3001/status/servicos [Cross-Origin-Resource-Policy],1,2,,A05,9,,,,,,,1
T0422,alvo2,zap,zap,2,1.0,10038,10038|http://localhost:3001/sitemap.xml|,Content Security Policy (CSP) Header Not Set,http://localhost:3001/sitemap.xml,2,3,,A05,9,,,,,,,1
T0423,alvo2,zap,zap,2,1.0,10038,10038|http://localhost:3001/status/servicos|,Content Security Policy (CSP) Header Not Set,http://localhost:3001/status/servicos,2,3,,A05,9,,,,,,,1
T0424,alvo2,zap,zap,2,1.0,10038,10038|http://localhost:3001/status|,Content Security Policy (CSP) Header Not Set,http://localhost:3001/status,2,3,,A05,9,,,,,,,1
